LaskarTimestep	time_years	ecc	obl	Lsp	Tsurf	SF12	ForcedConv	FreeConv	TotalSubl
 16001	    -5000000	 0.092827547	32.484497352	159.274770107	172.521255319	 0.484380001	         0.031995416	         0.016623681	         0.048619098
 16002	    -4999000	 0.092275808	32.615709286	165.338189729	172.488000308	 0.491009417	         0.037105175	         0.020486521	         0.057591697
 16003	    -4998000	 0.091663779	32.746938556	171.328949162	172.449680372	 0.497663782	         0.043132284	         0.025267236	         0.068399520
 16004	    -4997000	 0.090992911	32.877596078	177.365988226	172.408123988	 0.504311616	         0.050278857	         0.031222109	         0.081500966
 16005	    -4996000	 0.090430449	33.006656617	-176.538338462	172.389658826	 0.510898752	         0.059049049	         0.038885652	         0.097934701
 16006	    -4995000	 0.089618964	33.133310611	-170.328405364	172.378255869	 0.517381513	         0.070613136	         0.049625979	         0.120239115
 16007	    -4994000	 0.088784784	33.256812893	-164.196266208	172.351475775	 0.523719216	         0.082177164	         0.060708729	         0.142885893
 16008	    -4993000	 0.088020384	33.376218881	-157.960615736	172.303178824	 0.529860729	         0.093569808	         0.071903935	         0.165473742
 16009	    -4992000	 0.087078297	33.491311517	-151.543522568	172.265476946	 0.535792289	         0.105920074	         0.084365166	         0.190285240
 16010	    -4991000	 0.086108242	33.601368412	-145.194582052	172.211437611	 0.541474223	         0.117429767	         0.096248221	         0.213677987
 16011	    -4990000	 0.085164936	33.705775613	-138.732044359	172.169834115	 0.546872526	         0.129469485	         0.108915684	         0.238385169
 16012	    -4989000	 0.084203271	33.804699106	-132.095069935	172.129746026	 0.551993751	         0.140984110	         0.121219122	         0.262203232
 16013	    -4988000	 0.083143454	33.897521417	-125.477588033	172.101516112	 0.556804173	         0.151821402	         0.132937951	         0.284759353
 16014	    -4987000	 0.082176009	33.984197081	-118.782966583	172.079270164	 0.561299921	         0.161687581	         0.143704736	         0.305392317
 16015	    -4986000	 0.081268297	34.064930187	-111.973155058	172.065384207	 0.565490352	         0.170458755	         0.153319362	         0.323778116
 16016	    -4985000	 0.080169953	34.139316339	-105.063599374	172.067560755	 0.569353475	         0.177785880	         0.161347034	         0.339132914
 16017	    -4984000	 0.079150407	34.207605264	-98.151965759	172.088655562	 0.572901465	         0.183520810	         0.167571049	         0.351091859
 16018	    -4983000	 0.078143238	34.269898523	-91.216066969	172.124920437	 0.576138995	         0.187190873	         0.171471961	         0.358662834
 16019	    -4982000	 0.077116411	34.325994728	-84.048685288	172.187265318	 0.579055143	         0.188957366	         0.173150116	         0.362107481
 16020	    -4981000	 0.076017675	34.376251153	-76.869904156	172.254653212	 0.581668151	         0.188073829	         0.171874545	         0.359948375
 16021	    -4980000	 0.074832441	34.420596261	-69.601446511	172.355203304	 0.583974069	         0.184964223	         0.167998697	         0.352962920
 16022	    -4979000	 0.073860810	34.459040231	-62.266359252	172.454412664	 0.585973274	         0.180137673	         0.162360039	         0.342497712
 16023	    -4978000	 0.072717324	34.491955794	-54.649300232	172.591843039	 0.587685052	         0.173972696	         0.155155565	         0.329128261
 16024	    -4977000	 0.071715916	34.519263572	-47.068960685	172.744318397	 0.589105222	         0.166446652	         0.146584458	         0.313031110
 16025	    -4976000	 0.070751469	34.541347433	-39.398865468	172.923756853	 0.590253722	         0.158373475	         0.137432300	         0.295805775
 16026	    -4975000	 0.069872582	34.558550776	-31.422221550	173.109807841	 0.591148402	         0.148770651	         0.126801901	         0.275572552
 16027	    -4974000	 0.068980430	34.571022949	-23.611043777	173.322203325	 0.591797027	         0.139497646	         0.116671864	         0.256169509
 16028	    -4973000	 0.068298981	34.579329925	-15.637280917	173.543538297	 0.592229035	         0.129788781	         0.106327692	         0.236116472
 16029	    -4972000	 0.067690078	34.583886640	-7.523006992	173.791299150	 0.592466008	         0.120241255	         0.096347635	         0.216588890
 16030	    -4971000	 0.066980778	34.585119423	 0.652649633	174.045262228	 0.592530119	         0.110793996	         0.086734279	         0.197528276
 16031	    -4970000	 0.066493018	34.583743484	 8.818185746	174.322959503	 0.592458563	         0.102373596	         0.078348672	         0.180722268
 16032	    -4969000	 0.066022485	34.580263530	17.039586287	174.583622762	 0.592277587	         0.094185462	         0.070441411	         0.164626873
 16033	    -4968000	 0.065800036	34.575207686	25.487852481	174.863347425	 0.592014656	         0.086821429	         0.063490922	         0.150312351
 16034	    -4967000	 0.065461477	34.569224690	33.891878566	175.126635323	 0.591703507	         0.080306681	         0.057519808	         0.137826489
 16035	    -4966000	 0.065326753	34.562822481	42.359138265	175.369895377	 0.591370556	         0.074550866	         0.052378178	         0.126929045
 16036	    -4965000	 0.065409308	34.556572664	50.822975093	175.613909250	 0.591045528	         0.069822470	         0.048248554	         0.118071025
 16037	    -4964000	 0.065576904	34.550921768	59.413124416	175.824094996	 0.590751647	         0.065747351	         0.044763690	         0.110511041
 16038	    -4963000	 0.065912714	34.546346194	67.878654740	176.017724842	 0.590513689	         0.062783940	         0.042277805	         0.105061745
 16039	    -4962000	 0.066440606	34.543268249	76.312610604	176.180803725	 0.590353617	         0.060494230	         0.040394930	         0.100889160
 16040	    -4961000	 0.067052679	34.542032327	84.848511773	176.310582011	 0.590289341	         0.059110244	         0.039276223	         0.098386466
 16041	    -4960000	 0.067674999	34.542991418	93.159383901	176.382866100	 0.590339220	         0.058399785	         0.038712465	         0.097112249
 16042	    -4959000	 0.068503296	34.546460357	101.356078101	176.431695665	 0.590519626	         0.058618431	         0.038919970	         0.097538401
 16043	    -4958000	 0.069546401	34.552721593	109.662105844	176.434291556	 0.590845249	         0.059561833	         0.039717018	         0.099278850
 16044	    -4957000	 0.070419754	34.561999192	117.896061455	176.401250141	 0.591327740	         0.061528597	         0.041376943	         0.102905540
 16045	    -4956000	 0.071460216	34.574505330	125.932725749	176.327194877	 0.591978130	         0.064361535	         0.043786373	         0.108147908
 16046	    -4955000	 0.072606121	34.590408204	133.965814598	176.210787162	 0.592805162	         0.067979837	         0.046910326	         0.114890163
 16047	    -4954000	 0.073892478	34.609889211	141.980392233	176.070834607	 0.593818257	         0.072852452	         0.051183901	         0.124036353
 16048	    -4953000	 0.075217895	34.632974759	149.871173805	175.893456305	 0.595018771	         0.078592535	         0.056335648	         0.134928183
 16049	    -4952000	 0.076537186	34.659723781	157.697390625	175.696467346	 0.596409739	         0.085750375	         0.062916966	         0.148667341
 16050	    -4951000	 0.078115188	34.690039059	165.429367573	175.489781075	 0.597986062	         0.094166566	         0.070858166	         0.165024732
 16051	    -4950000	 0.079549330	34.723757044	173.049429106	175.254016396	 0.599739175	         0.103650768	         0.080081912	         0.183732680
 16052	    -4949000	 0.081048959	34.760640447	-179.425618874	175.014051298	 0.601656661	         0.114448827	         0.090871125	         0.205319951
 16053	    -4948000	 0.082634958	34.800457417	-172.044981253	174.775123776	 0.603726367	         0.126761332	         0.103489219	         0.230250552
 16054	    -4947000	 0.084175176	34.842915515	-164.557392806	174.537332029	 0.605932970	         0.140700746	         0.118184743	         0.258885489
 16055	    -4946000	 0.085567093	34.887301358	-157.338095969	174.297899688	 0.608239263	         0.155040587	         0.133712223	         0.288752809
 16056	    -4945000	 0.087000330	34.933362554	-150.108061341	174.082459702	 0.610631993	         0.171003661	         0.151293129	         0.322296790
 16057	    -4944000	 0.088599238	34.980684235	-142.922076580	173.871388980	 0.613089466	         0.187925449	         0.170314588	         0.358240037
 16058	    -4943000	 0.089876471	35.028406523	-135.727350029	173.665156355	 0.615566897	         0.204755232	         0.189553606	         0.394308838
 16059	    -4942000	 0.091269388	35.076208684	-128.661521067	173.488973129	 0.618047533	         0.222238706	         0.209725541	         0.431964247
 16060	    -4941000	 0.092663958	35.123691641	-121.640263680	173.326675644	 0.620510580	         0.238920503	         0.229134652	         0.468055155
 16061	    -4940000	 0.094030034	35.170143503	-114.560123785	173.188294312	 0.622919066	         0.255891244	         0.248858149	         0.504749393
 16062	    -4939000	 0.095332787	35.215260914	-107.686917628	173.072651387	 0.625257262	         0.271054676	         0.266542232	         0.537596907
 16063	    -4938000	 0.096571865	35.258485919	-100.761113819	172.969343296	 0.627496296	         0.283708774	         0.281310141	         0.565018915
 16064	    -4937000	 0.097856408	35.299374450	-93.915814129	172.898768820	 0.629613257	         0.294207155	         0.293484315	         0.587691470
 16065	    -4936000	 0.098877700	35.337717270	-87.131273442	172.850315167	 0.631597441	         0.301008463	         0.301253370	         0.602261833
 16066	    -4935000	 0.099905615	35.372702551	-80.380853855	172.828722954	 0.633407012	         0.304903851	         0.305574951	         0.610478802
 16067	    -4934000	 0.100868795	35.404063271	-73.689700779	172.852602610	 0.635028372	         0.305791559	         0.306280742	         0.612072301
 16068	    -4933000	 0.101780904	35.431476499	-66.920642886	172.884842683	 0.636445057	         0.301671714	         0.301156078	         0.602827792
 16069	    -4932000	 0.102377536	35.454176876	-60.281052241	172.960804592	 0.637617756	         0.294962046	         0.292966665	         0.587928710
 16070	    -4931000	 0.103050645	35.471812985	-53.648763953	173.055460771	 0.638528561	         0.285225595	         0.281259298	         0.566484893
 16071	    -4930000	 0.103742831	35.483755148	-46.959020523	173.181700512	 0.639145166	         0.273326731	         0.267033210	         0.540359942
 16072	    -4929000	 0.104128328	35.489440556	-40.332435125	173.336483870	 0.639438678	         0.258383805	         0.249282143	         0.507665948
 16073	    -4928000	 0.104579161	35.488476318	-33.752266710	173.515566087	 0.639388901	         0.242581074	         0.230594628	         0.473175702
 16074	    -4927000	 0.105067368	35.479993133	-27.175573528	173.715307587	 0.638950935	         0.225452922	         0.210525831	         0.435978754
 16075	    -4926000	 0.105310838	35.463653525	-20.581042739	173.936361705	 0.638107202	         0.207058567	         0.189248209	         0.396306775
 16076	    -4925000	 0.105516806	35.439145265	-14.097408228	174.176840139	 0.636841269	         0.189089514	         0.168787145	         0.357876659
 16077	    -4924000	 0.105682708	35.405941143	-7.642209209	174.427178965	 0.635125436	         0.171106159	         0.148758421	         0.319864579
 16078	    -4923000	 0.105777591	35.363971060	-1.142212372	174.700596688	 0.632955465	         0.153854506	         0.129970360	         0.283824866
 16079	    -4922000	 0.105660849	35.312833323	 5.283012830	174.973737251	 0.630309844	         0.137517898	         0.112711883	         0.250229781
 16080	    -4921000	 0.105497264	35.252937992	11.717067080	175.252217563	 0.627208978	         0.122633937	         0.097431312	         0.220065249
 16081	    -4920000	 0.105347728	35.184374653	18.108660246	175.516674385	 0.623656712	         0.108870837	         0.083772783	         0.192643620
 16082	    -4919000	 0.104952097	35.106795017	24.532274153	175.787880051	 0.619634237	         0.096774557	         0.072182692	         0.168957249
 16083	    -4918000	 0.104583654	35.021389185	30.947060510	176.029687296	 0.615202659	         0.085894108	         0.062114171	         0.148008279
 16084	    -4917000	 0.104121709	34.928285851	37.282892581	176.241938696	 0.610368308	         0.076504165	         0.053738482	         0.130242647
 16085	    -4916000	 0.103723756	34.827394440	43.763072756	176.437105344	 0.605126369	         0.068154118	         0.046537836	         0.114691954
 16086	    -4915000	 0.103009069	34.719978027	50.082884316	176.580063302	 0.599542700	         0.061188402	         0.040727364	         0.101915766
 16087	    -4914000	 0.102360523	34.606002627	56.422035703	176.695808569	 0.593616140	         0.055396870	         0.036038837	         0.091435707
 16088	    -4913000	 0.101844286	34.485822694	62.775105910	176.765102251	 0.587366096	         0.050464983	         0.032155808	         0.082620792
 16089	    -4912000	 0.100943882	34.360359715	69.132454194	176.773438709	 0.580841861	         0.046312436	         0.028948685	         0.075261121
 16090	    -4911000	 0.100107045	34.229291282	75.425458751	176.732198074	 0.574028436	         0.042979474	         0.026426936	         0.069406410
 16091	    -4910000	 0.099222876	34.093496528	81.712770152	176.641496423	 0.566973675	         0.040287042	         0.024413750	         0.064700791
 16092	    -4909000	 0.098280636	33.953339813	88.062177788	176.497164243	 0.559699001	         0.038185288	         0.022856777	         0.061042064
 16093	    -4908000	 0.097193999	33.808593963	94.316140618	176.285144668	 0.552195505	         0.036397188	         0.021512893	         0.057910081
 16094	    -4907000	 0.096095770	33.660528679	100.669483915	176.029944415	 0.544532158	         0.035064717	         0.020499832	         0.055564549
 16095	    -4906000	 0.095070895	33.509078620	106.993771712	175.725960762	 0.536708927	         0.033880314	         0.019565066	         0.053445380
 16096	    -4905000	 0.093829364	33.354591001	113.336998116	175.359644072	 0.528747356	         0.032872487	         0.018721863	         0.051594351
 16097	    -4904000	 0.092725805	33.198454398	119.657103076	174.946440497	 0.520722547	         0.031640180	         0.017643174	         0.049283354
 16098	    -4903000	 0.091616952	33.040641415	125.968816361	174.473461747	 0.512636522	         0.029758693	         0.015955387	         0.045714081
 16099	    -4902000	 0.090500607	32.882100084	132.368987357	173.996378876	 0.504541161	         0.028808634	         0.015021679	         0.043830313
 16100	    -4901000	 0.089203067	32.723973823	138.645826489	173.525933694	 0.496497614	         0.028315926	         0.014439214	         0.042755140
 16101	    -4900000	 0.088011415	32.566796395	144.882261986	173.061045200	 0.488535226	         0.028098692	         0.014064466	         0.042163158
 16102	    -4899000	 0.086864591	32.411851385	151.235937603	172.591293401	 0.480720480	         0.028138549	         0.013880604	         0.042019153
 16103	    -4898000	 0.085469324	32.259613916	157.596572187	172.129408564	 0.473077983	         0.028350806	         0.013827325	         0.042178132
 16104	    -4897000	 0.084113850	32.111320583	163.878650206	171.677830338	 0.465669585	         0.028589299	         0.013786478	         0.042375778
 16105	    -4896000	 0.082846263	31.968254401	170.241198715	171.238329785	 0.458557936	         0.028984526	         0.013886770	         0.042871296
 16106	    -4895000	 0.081396426	31.830295162	176.687210035	170.806958588	 0.451734894	         0.029422342	         0.014011240	         0.043433581
 16107	    -4894000	 0.080057704	31.698983336	-176.893843415	170.402051693	 0.445273689	         0.029976820	         0.014261272	         0.044238092
 16108	    -4893000	 0.078725591	31.575055177	-170.386707465	170.011254071	 0.439206541	         0.030395398	         0.014408473	         0.044803871
 16109	    -4892000	 0.077441710	31.458334279	-163.775697561	169.646815783	 0.433520484	         0.030991794	         0.014694179	         0.045685973
 16110	    -4891000	 0.076114292	31.350152448	-157.239360571	169.309337638	 0.428275625	         0.031439632	         0.014892171	         0.046331804
 16111	    -4890000	 0.074867727	31.250488293	-150.608043526	168.999885854	 0.423465768	         0.031933411	         0.015142007	         0.047075418
 16112	    -4889000	 0.073857030	31.159496125	-143.960181889	168.716161364	 0.419093331	         0.032425051	         0.015401081	         0.047826132
 16113	    -4888000	 0.072636505	31.078041475	-137.210757052	168.464778732	 0.415194823	         0.032794259	         0.015569083	         0.048363341
 16114	    -4887000	 0.071516479	31.005545385	-130.484060188	168.238657657	 0.411737718	         0.033191886	         0.015800308	         0.048992193
 16115	    -4886000	 0.070463169	30.942437702	-123.802806855	168.043017317	 0.408738151	         0.033414952	         0.015855193	         0.049270145
 16116	    -4885000	 0.069560542	30.889016761	-116.900753571	167.871558035	 0.406206253	         0.033670544	         0.015999997	         0.049670541
 16117	    -4884000	 0.068445152	30.844670522	-110.032299629	167.735552223	 0.404109555	         0.033731311	         0.015976095	         0.049707406
 16118	    -4883000	 0.067499482	30.809852957	-103.079151266	167.625587365	 0.402466646	         0.033715700	         0.015883635	         0.049599336
 16119	    -4882000	 0.066737020	30.784221397	-96.061423247	167.535578078	 0.401259041	         0.033718909	         0.015848541	         0.049567449
 16120	    -4881000	 0.065819470	30.767596437	-88.873722316	167.478187015	 0.400476616	         0.033513542	         0.015670215	         0.049183757
 16121	    -4880000	 0.065151700	30.760215604	-81.747735852	167.448594382	 0.400129464	         0.033186205	         0.015376828	         0.048563034
 16122	    -4879000	 0.064596550	30.761293351	-74.472237865	167.448384591	 0.400180147	         0.032714344	         0.014975775	         0.047690118
 16123	    -4878000	 0.064087742	30.770910890	-67.075979064	167.470940877	 0.400632552	         0.032043936	         0.014438219	         0.046482155
 16124	    -4877000	 0.063654928	30.789069873	-59.805824006	167.525671537	 0.401487351	         0.031444894	         0.014031206	         0.045476101
 16125	    -4876000	 0.063369884	30.814979465	-52.385609586	167.605917899	 0.402708365	         0.030583259	         0.013371668	         0.043954927
 16126	    -4875000	 0.063254657	30.848654148	-44.936382116	167.718880505	 0.404297711	         0.029829412	         0.012846899	         0.042676311
 16127	    -4874000	 0.063055291	30.889729996	-37.381438592	167.853463466	 0.406240013	         0.028988225	         0.012291647	         0.041279872
 16128	    -4873000	 0.062997502	30.937698972	-29.898130061	168.021775559	 0.408513288	         0.028056338	         0.011663862	         0.039720200
 16129	    -4872000	 0.063094729	30.992364500	-22.359614019	168.213458681	 0.411110457	         0.027105560	         0.011060824	         0.038166383
 16130	    -4871000	 0.063361841	31.052897340	-14.656031717	168.432358497	 0.413994422	         0.026104380	         0.010485153	         0.036589533
 16131	    -4870000	 0.063518831	31.119063997	-6.996365517	168.681891825	 0.417156343	         0.025092225	         0.009930535	         0.035022761
 16132	    -4869000	 0.063911090	31.190245170	 0.631944167	168.960295973	 0.420568869	         0.024090437	         0.009395879	         0.033486316
 16133	    -4868000	 0.064517739	31.265501880	 8.327838840	169.262364275	 0.424188960	         0.023116182	         0.008920511	         0.032036693
 16134	    -4867000	 0.065093131	31.344468463	16.044601559	169.592439503	 0.428000738	         0.022180720	         0.008477084	         0.030657804
 16135	    -4866000	 0.065848036	31.426248688	23.659949496	169.914314571	 0.431962352	         0.021266454	         0.008062903	         0.029329357
 16136	    -4865000	 0.066844855	31.510278598	31.241066970	170.261590398	 0.436047511	         0.020478615	         0.007738177	         0.028216792
 16137	    -4864000	 0.067690937	31.595972239	38.888592406	170.614275278	 0.440228437	         0.019742936	         0.007444277	         0.027187213
 16138	    -4863000	 0.068674697	31.682283720	46.341159302	170.962187227	 0.444454362	         0.019112514	         0.007204964	         0.026317477
 16139	    -4862000	 0.069799097	31.768984937	53.777408371	171.306025195	 0.448714026	         0.018588166	         0.007026891	         0.025615057
 16140	    -4861000	 0.070997179	31.855607409	61.281392307	171.652362685	 0.452984135	         0.018236009	         0.006952007	         0.025188015
 16141	    -4860000	 0.072095883	31.941215082	68.691124678	171.979796641	 0.457217917	         0.018021720	         0.006948818	         0.024970538
 16142	    -4859000	 0.073322905	32.025827517	76.100829774	172.269366423	 0.461415508	         0.017928477	         0.007001685	         0.024930162
 16143	    -4858000	 0.074683742	32.109099577	83.345432210	172.543992211	 0.465558910	         0.018038639	         0.007179214	         0.025217853
 16144	    -4857000	 0.076054346	32.190601904	90.764351447	172.789364783	 0.469625746	         0.018327759	         0.007470449	         0.025798208
 16145	    -4856000	 0.077477284	32.270250348	98.040754080	172.992309911	 0.473610749	         0.018888891	         0.007926533	         0.026815424
 16146	    -4855000	 0.078900366	32.347733476	105.236981890	173.163202922	 0.477497246	         0.019724309	         0.008523492	         0.028247801
 16147	    -4854000	 0.080583030	32.423240496	112.437451936	173.290343621	 0.481293677	         0.020761576	         0.009237179	         0.029998755
 16148	    -4853000	 0.082034138	32.496521832	119.557121423	173.369197237	 0.484986491	         0.022159269	         0.010168085	         0.032327354
 16149	    -4852000	 0.083677451	32.567339269	126.590049967	173.425802185	 0.488562668	         0.023966825	         0.011391696	         0.035358520
 16150	    -4851000	 0.085344325	32.636007192	133.567919081	173.426759916	 0.492037144	         0.026136109	         0.012871071	         0.039007180
 16151	    -4850000	 0.086825649	32.702352495	140.602382634	173.389776102	 0.495400305	         0.028908125	         0.014805030	         0.043713155
 16152	    -4849000	 0.088317009	32.766234461	147.462418411	173.311713451	 0.498644180	         0.032116399	         0.017098197	         0.049214596
 16153	    -4848000	 0.089893209	32.827940502	154.325509106	173.213031450	 0.501782602	         0.036025519	         0.019996358	         0.056021877
 16154	    -4847000	 0.091503093	32.887398337	161.254313649	173.076890950	 0.504811217	         0.040731866	         0.023615000	         0.064346867
 16155	    -4846000	 0.092828937	32.944697912	168.089139750	172.912275104	 0.507733977	         0.046154541	         0.027965727	         0.074120268
 16156	    -4845000	 0.094361110	33.000013210	174.928056745	172.745507265	 0.510559203	         0.052729717	         0.033469957	         0.086199674
 16157	    -4844000	 0.095845157	33.053388770	-178.343216104	172.555943269	 0.513288675	         0.060187163	         0.039981837	         0.100169001
 16158	    -4843000	 0.097273106	33.105270338	-171.519860210	172.372272696	 0.515944773	         0.069622621	         0.048663583	         0.118286204
 16159	    -4842000	 0.098702523	33.155747579	-164.806476910	172.178619435	 0.518531745	         0.079601030	         0.058165024	         0.137766054
 16160	    -4841000	 0.100062230	33.205055507	-158.135537365	171.984716009	 0.521061340	         0.090480979	         0.068910788	         0.159391766
 16161	    -4840000	 0.101456633	33.253618247	-151.459520402	171.792904166	 0.523555087	         0.102159763	         0.080778430	         0.182938194
 16162	    -4839000	 0.102619079	33.301583246	-144.809385032	171.597631784	 0.526020380	         0.114220908	         0.093408268	         0.207629176
 16163	    -4838000	 0.103795103	33.349345438	-138.266232816	171.417346627	 0.528477385	         0.126609097	         0.106692980	         0.233302078
 16164	    -4837000	 0.105032695	33.397242497	-131.656842038	171.253524040	 0.530943390	         0.139925303	         0.121265699	         0.261191001
 16165	    -4836000	 0.105914041	33.445428942	-125.015990248	171.107599600	 0.533426298	         0.152968563	         0.135769346	         0.288737909
 16166	    -4835000	 0.106845061	33.494323236	-118.466280968	170.985395265	 0.535947652	         0.165609007	         0.149964008	         0.315573015
 16167	    -4834000	 0.107745836	33.544160531	-111.931673685	170.869582107	 0.538519592	         0.177192745	         0.163082166	         0.340274911
 16168	    -4833000	 0.108574033	33.595119468	-105.281191860	170.792087654	 0.541151365	         0.188784833	         0.176252176	         0.365037009
 16169	    -4832000	 0.109256637	33.647546990	-98.733627721	170.737531925	 0.543860940	         0.199139596	         0.188027908	         0.387167504
 16170	    -4831000	 0.109932271	33.701648842	-92.167462352	170.706899511	 0.546659017	         0.207526830	         0.197577365	         0.405104195
 16171	    -4830000	 0.110638531	33.757747257	-85.599404734	170.706785136	 0.549562340	         0.213741608	         0.204477625	         0.418219234
 16172	    -4829000	 0.111051589	33.815976945	-79.033904767	170.732380065	 0.552577966	         0.216672480	         0.207592931	         0.424265412
 16173	    -4828000	 0.111533555	33.876651625	-72.477032851	170.798935702	 0.555722223	         0.218059390	         0.208787520	         0.426846909
 16174	    -4827000	 0.111901330	33.940019984	-65.994849587	170.903351748	 0.559008081	         0.217538647	         0.207722027	         0.425260674
 16175	    -4826000	 0.112120275	34.006075712	-59.408798343	171.040424303	 0.562435266	         0.214174842	         0.203349794	         0.417524636
 16176	    -4825000	 0.112223596	34.075130314	-52.883549112	171.220498978	 0.566019965	         0.209344171	         0.197282443	         0.406626614
 16177	    -4824000	 0.112162689	34.147004458	-46.344835128	171.439071962	 0.569752848	         0.202866442	         0.189288231	         0.392154674
 16178	    -4823000	 0.112216033	34.221639257	-39.794422858	171.688840215	 0.573630765	         0.194878434	         0.179617515	         0.374495949
 16179	    -4822000	 0.111847426	34.299215305	-33.153666947	171.970231779	 0.577662949	         0.184181296	         0.166956176	         0.351137473
 16180	    -4821000	 0.111629107	34.378956826	-26.565226200	172.300940731	 0.581808838	         0.174047009	         0.155000621	         0.329047630
 16181	    -4820000	 0.111350874	34.460720970	-19.992147334	172.651205635	 0.586060679	         0.163235854	         0.142558895	         0.305794749
 16182	    -4819000	 0.110858493	34.544443258	-13.255063742	173.054182716	 0.590414724	         0.151532453	         0.129324671	         0.280857124
 16183	    -4818000	 0.110340233	34.628907671	-6.677114513	173.461674774	 0.594807274	         0.139857902	         0.116494233	         0.256352136
 16184	    -4817000	 0.109784734	34.713949546	-0.015904336	173.911685569	 0.599229267	         0.129029280	         0.104868680	         0.233897960
 16185	    -4816000	 0.109188147	34.798964730	 6.671785248	174.396015173	 0.603648782	         0.118807880	         0.094161695	         0.212969574
 16186	    -4815000	 0.108308095	34.882915202	13.354839465	174.870543948	 0.608011382	         0.108700702	         0.083929764	         0.192630466
 16187	    -4814000	 0.107489733	34.965715236	20.056661475	175.357457354	 0.612312193	         0.099809290	         0.075191258	         0.175000548
 16188	    -4813000	 0.106579912	35.046363822	26.731973184	175.846062542	 0.616498885	         0.091862926	         0.067586015	         0.159448941
 16189	    -4812000	 0.105565424	35.124275916	33.551293531	176.317984480	 0.620540881	         0.084711830	         0.060979002	         0.145690832
 16190	    -4811000	 0.104405032	35.199346329	40.318160006	176.774377418	 0.624432622	         0.078748260	         0.055598204	         0.134346463
 16191	    -4810000	 0.103232117	35.270482161	47.136587071	177.194622207	 0.628117497	         0.073631188	         0.051114098	         0.124745287
 16192	    -4809000	 0.102048786	35.337556961	54.039861702	177.578023749	 0.631589147	         0.069460408	         0.047543491	         0.117003898
 16193	    -4808000	 0.100742469	35.400449725	60.968294310	177.915218737	 0.634841587	         0.066217384	         0.044817799	         0.111035183
 16194	    -4807000	 0.099460525	35.458128662	67.912283247	178.206832505	 0.637821865	         0.063996913	         0.042981185	         0.106978099
 16195	    -4806000	 0.098291218	35.510748171	74.888231009	178.446236109	 0.640538462	         0.062588912	         0.041830640	         0.104419553
 16196	    -4805000	 0.096830078	35.557821721	82.004888009	178.605933031	 0.642966803	         0.062045993	         0.041399238	         0.103445231
 16197	    -4804000	 0.095437941	35.598540975	89.010946308	178.712186210	 0.645065805	         0.062530111	         0.041804778	         0.104334889
 16198	    -4803000	 0.094112771	35.632839337	96.025624923	178.751259124	 0.646832664	         0.063693060	         0.042769544	         0.106462604
 16199	    -4802000	 0.092703058	35.659828814	103.232727746	178.728986182	 0.648222241	         0.065831105	         0.044547744	         0.110378849
 16200	    -4801000	 0.091107654	35.679007302	110.398560135	178.634066312	 0.649209240	         0.068838913	         0.047074902	         0.115913815
 16201	    -4800000	 0.089609552	35.689731527	117.599845923	178.486067551	 0.649760994	         0.072617800	         0.050307522	         0.122925322
 16202	    -4799000	 0.088065740	35.690864049	124.857334979	178.292281619	 0.649819255	         0.077428750	         0.054487819	         0.131916569
 16203	    -4798000	 0.086465190	35.682125524	132.224545445	178.041526644	 0.649369682	         0.083090492	         0.059535701	         0.142626193
 16204	    -4797000	 0.084972930	35.662624184	139.696164809	177.752761003	 0.648366123	         0.089521259	         0.065405067	         0.154926326
 16205	    -4796000	 0.083450007	35.631290595	147.126935849	177.421518106	 0.646752905	         0.096505315	         0.071953821	         0.168459136
 16206	    -4795000	 0.082037068	35.588040891	154.802647628	177.073126359	 0.644524686	         0.104550984	         0.079675664	         0.184226648
 16207	    -4794000	 0.080602943	35.532029688	162.343048137	176.686121119	 0.641636525	         0.112567327	         0.087640720	         0.200208047
 16208	    -4793000	 0.079264342	35.463150616	169.985649392	176.284384925	 0.638081229	         0.120910012	         0.096134320	         0.217044332
 16209	    -4792000	 0.078148206	35.381277258	177.659691700	175.882069913	 0.633850397	         0.129354382	         0.104950744	         0.234305126
 16210	    -4791000	 0.076800967	35.285794497	-174.495506675	175.467759886	 0.628910286	         0.137759495	         0.113931049	         0.251690544
 16211	    -4790000	 0.075663770	35.177792312	-166.788370492	175.038793604	 0.623315542	         0.145005909	         0.121964509	         0.266970418
 16212	    -4789000	 0.074557356	35.057252717	-159.053608095	174.643130513	 0.617063955	         0.151768012	         0.129544788	         0.281312801
 16213	    -4788000	 0.073608935	34.923987047	-151.119553550	174.223276871	 0.610145021	         0.157089093	         0.135779981	         0.292869075
 16214	    -4787000	 0.072481429	34.779158479	-143.244176863	173.834836321	 0.602619278	         0.160980661	         0.140445189	         0.301425850
 16215	    -4786000	 0.071572641	34.623218877	-135.333331315	173.433501277	 0.594511442	         0.162633384	         0.142780241	         0.305413625
 16216	    -4785000	 0.070751493	34.456472100	-127.333174720	173.054548398	 0.585839720	         0.162516090	         0.143150956	         0.305667047
 16217	    -4784000	 0.069906680	34.279510612	-119.283362110	172.694267328	 0.576638635	         0.160379395	         0.141217299	         0.301596694
 16218	    -4783000	 0.069361129	34.092773513	-111.273237653	172.327739253	 0.566936128	         0.155906490	         0.136688230	         0.292594720
 16219	    -4782000	 0.068826981	33.897138733	-103.227928418	171.981451561	 0.556784332	         0.149556582	         0.130081728	         0.279638310
 16220	    -4781000	 0.068410366	33.692637943	-95.111181795	171.627906392	 0.546192851	         0.140230044	         0.120241773	         0.260471817
 16221	    -4780000	 0.068068781	33.479365838	-87.128755928	171.283415061	 0.535176131	         0.128956121	         0.108306375	         0.237262496
 16222	    -4779000	 0.067849646	33.258562199	-79.206758244	170.930814989	 0.523809093	         0.114902677	         0.093432700	         0.208335377
 16223	    -4778000	 0.067847502	33.030042562	-71.247067253	170.531236778	 0.512094423	         0.096181377	         0.073727027	         0.169908404
 16224	    -4777000	 0.067797560	32.794309907	-63.214189519	170.187227306	 0.500071516	         0.081788093	         0.059207265	         0.140995357
 16225	    -4776000	 0.067827717	32.552265260	-55.443794580	169.878667439	 0.487800845	         0.069890184	         0.047718589	         0.117608773
 16226	    -4775000	 0.068080571	32.304078959	-47.716618804	169.584344946	 0.475306392	         0.059590598	         0.038177487	         0.097768085
 16227	    -4774000	 0.068406148	32.051032462	-39.884166959	169.322776042	 0.462668368	         0.050745920	         0.030327251	         0.081073170
 16228	    -4773000	 0.068760623	31.793971594	-32.265278464	169.073573352	 0.449944307	         0.042971439	         0.023724161	         0.066695600
 16229	    -4772000	 0.069259233	31.533606529	-24.737931573	168.829421237	 0.437184187	         0.036170009	         0.018195611	         0.054365620
 16230	    -4771000	 0.069921169	31.271526051	-17.223797069	168.604511567	 0.424479277	         0.030250082	         0.013574217	         0.043824299
 16231	    -4770000	 0.070504553	31.009127275	-9.878541640	168.396862636	 0.411908244	         0.025212708	         0.009864947	         0.035077655
 16232	    -4769000	 0.071248952	30.747681431	-2.665655444	168.206323385	 0.399540229	         0.020991347	         0.007375899	         0.028367245
 16233	    -4768000	 0.072124485	30.488411807	 4.451600473	168.042234944	 0.387438408	         0.017492694	         0.005594921	         0.023087614
 16234	    -4767000	 0.072861899	30.232764588	11.561101622	167.887757156	 0.375672210	         0.014499492	         0.004239860	         0.018739352
 16235	    -4766000	 0.073718686	29.982947245	18.462032218	167.739614341	 0.364340604	         0.012049105	         0.003241594	         0.015290699
 16236	    -4765000	 0.074547482	29.739537941	25.311462773	167.613849032	 0.353463400	         0.010063459	         0.002504441	         0.012567900
 16237	    -4764000	 0.075568817	29.503577174	32.153154062	167.484125523	 0.343078132	         0.008399784	         0.001937306	         0.010337090
 16238	    -4763000	 0.076445088	29.277543008	38.896320134	167.367133016	 0.333280616	         0.007035589	         0.001501985	         0.008537574
 16239	    -4762000	 0.077416650	29.061824534	45.581868680	167.279319141	 0.324071129	         0.005975977	         0.001191852	         0.007167830
 16240	    -4761000	 0.078547200	28.857367935	52.077762332	167.184940349	 0.315472010	         0.005093729	         0.000946850	         0.006040579
 16241	    -4760000	 0.079697922	28.665590207	58.756317446	167.092240476	 0.307522731	         0.004382420	         0.000762896	         0.005145316
 16242	    -4759000	 0.080854826	28.487083653	65.119621875	167.018375256	 0.300226444	         0.003815364	         0.000621831	         0.004437195
 16243	    -4758000	 0.082096894	28.322972963	71.435986675	166.944540061	 0.293607179	         0.003367542	         0.000515764	         0.003883306
 16244	    -4757000	 0.083483618	28.173544054	77.744781400	166.877544727	 0.287654684	         0.003008567	         0.000434551	         0.003443119
 16245	    -4756000	 0.084703702	28.039271008	83.855290050	166.806374788	 0.282367087	         0.002741666	         0.000376467	         0.003118133
 16246	    -4755000	 0.086040526	27.921491707	89.886061914	166.737479213	 0.277783665	         0.002531336	         0.000330795	         0.002862131
 16247	    -4754000	 0.087365192	27.820036964	95.897507000	166.678725032	 0.273893794	         0.002381775	         0.000298348	         0.002680123
 16248	    -4753000	 0.088545711	27.735262655	101.874268220	166.615691496	 0.270685272	         0.002290284	         0.000278435	         0.002568719
 16249	    -4752000	 0.089750865	27.668058096	107.693632545	166.552752166	 0.268168457	         0.002238431	         0.000265080	         0.002503511
 16250	    -4751000	 0.090916338	27.618088495	113.546609345	166.494252919	 0.266312273	         0.002236004	         0.000262053	         0.002498057
 16251	    -4750000	 0.092131531	27.586192543	119.446971786	166.426794252	 0.265134181	         0.002265231	         0.000263209	         0.002528440
 16252	    -4749000	 0.093151304	27.572322405	125.285167619	166.363178717	 0.264623509	         0.002347433	         0.000274818	         0.002622251
 16253	    -4748000	 0.094219710	27.576452077	131.096973761	166.303250107	 0.264775453	         0.002470825	         0.000293422	         0.002764246
 16254	    -4747000	 0.095386989	27.599528333	136.916184598	166.249995987	 0.265626110	         0.002648731	         0.000322932	         0.002971663
 16255	    -4746000	 0.096476142	27.640752976	142.811952395	166.198317283	 0.267152576	         0.002887249	         0.000365363	         0.003252612
 16256	    -4745000	 0.097532725	27.700347319	148.625469532	166.151781028	 0.269374756	         0.003188642	         0.000420828	         0.003609470
 16257	    -4744000	 0.098672986	27.778639621	154.383440539	166.119785813	 0.272322271	         0.003591605	         0.000503295	         0.004094900
 16258	    -4743000	 0.099747159	27.874597034	160.285757481	166.092265686	 0.275978859	         0.004076970	         0.000604568	         0.004681538
 16259	    -4742000	 0.100721024	27.988467242	166.066743901	166.068076695	 0.280381794	         0.004691229	         0.000744533	         0.005435762
 16260	    -4741000	 0.101733760	28.119357391	171.850950393	166.067521018	 0.285513850	         0.005437377	         0.000922678	         0.006360054
 16261	    -4740000	 0.102780992	28.266160835	177.739436471	166.068417667	 0.291335657	         0.006386689	         0.001168917	         0.007555606
 16262	    -4739000	 0.103560013	28.428904782	-176.417948385	166.078237536	 0.297870087	         0.007536986	         0.001490758	         0.009027744
 16263	    -4738000	 0.104470616	28.605331058	-170.574734914	166.104404110	 0.305048537	         0.008937302	         0.001913118	         0.010850420
 16264	    -4737000	 0.105328522	28.794798298	-164.720078058	166.152219173	 0.312865978	         0.010687795	         0.002493729	         0.013181524
 16265	    -4736000	 0.106068497	28.996526463	-158.752348566	166.202289410	 0.321310978	         0.012779283	         0.003246673	         0.016025957
 16266	    -4735000	 0.106797161	29.207511480	-152.861914001	166.263186498	 0.330275590	         0.015232953	         0.004220131	         0.019453084
 16267	    -4734000	 0.107344597	29.427555650	-146.944150237	166.346119798	 0.339766299	         0.018225546	         0.005549090	         0.023774636
 16268	    -4733000	 0.108098990	29.655146260	-140.937240235	166.434241545	 0.349730871	         0.021763897	         0.007320920	         0.029084818
 16269	    -4732000	 0.108538334	29.887680212	-134.954387456	166.538099245	 0.360063876	         0.025860933	         0.009683038	         0.035543971
 16270	    -4731000	 0.108970915	30.125039421	-128.925135163	166.658042006	 0.370765329	         0.030612922	         0.013031622	         0.043644543
 16271	    -4730000	 0.109379708	30.365484872	-122.921125588	166.800503066	 0.381759607	         0.036061163	         0.017506078	         0.053567241
 16272	    -4729000	 0.109624697	30.607607701	-116.748995731	166.949216482	 0.392981382	         0.042027464	         0.022522701	         0.064550165
 16273	    -4728000	 0.109761272	30.851116049	-110.668982329	167.126034275	 0.404414011	         0.048664823	         0.028298016	         0.076962839
 16274	    -4727000	 0.109877431	31.094458517	-104.481110539	167.309300092	 0.415979360	         0.055977051	         0.034877389	         0.090854441
 16275	    -4726000	 0.110030850	31.337769597	-98.171202771	167.516526014	 0.427676859	         0.063895298	         0.042257611	         0.106152909
 16276	    -4725000	 0.109876480	31.580240532	-91.886023326	167.747914044	 0.439459788	         0.071973504	         0.049954394	         0.121927898
 16277	    -4724000	 0.109875896	31.820878591	-85.549287505	167.995225476	 0.451270462	         0.080280594	         0.058069208	         0.138349802
 16278	    -4723000	 0.109860786	32.060498102	-79.138660691	168.270942206	 0.463139163	         0.088756221	         0.066493983	         0.155250205
 16279	    -4722000	 0.109670538	32.297820639	-72.654576102	168.577026143	 0.474992559	         0.096887481	         0.074679310	         0.171566791
 16280	    -4721000	 0.109537955	32.532545875	-66.228449858	168.920918938	 0.486804743	         0.105540126	         0.083533717	         0.189073844
 16281	    -4720000	 0.109282896	32.764923226	-59.749208412	169.304525931	 0.498577542	         0.113998300	         0.092259463	         0.206257763
 16282	    -4719000	 0.109033868	32.993546451	-53.185619852	169.726889663	 0.510228731	         0.123338974	         0.102130615	         0.225469588
 16283	    -4718000	 0.108588661	33.218551711	-46.652906193	170.230588480	 0.521754150	         0.136551283	         0.116468731	         0.253020014
 16284	    -4717000	 0.108034317	33.439073820	-40.115621601	170.698313239	 0.533098725	         0.141825048	         0.121770857	         0.263595905
 16285	    -4716000	 0.107504897	33.653832484	-33.500146163	171.196931159	 0.544185917	         0.144617283	         0.124233160	         0.268850443
 16286	    -4715000	 0.106741072	33.863239913	-26.790379803	171.690211729	 0.555027039	         0.143128689	         0.121985920	         0.265114609
 16287	    -4714000	 0.105882331	34.065374361	-20.102119161	172.207797546	 0.565513413	         0.139950175	         0.117970250	         0.257920425
 16288	    -4713000	 0.105006217	34.259596969	-13.388583329	172.746655388	 0.575603538	         0.135593210	         0.112764166	         0.248357376
 16289	    -4712000	 0.104029167	34.446295970	-6.467657731	173.293446950	 0.585310522	         0.129115565	         0.105519229	         0.234634794
 16290	    -4711000	 0.102969582	34.623268449	 0.374036956	173.859530313	 0.594514020	         0.122517202	         0.098321141	         0.220838343
 16291	    -4710000	 0.101877695	34.790954844	 7.302052226	174.437988450	 0.603232448	         0.115541772	         0.090922142	         0.206463913
 16292	    -4709000	 0.100894064	34.949378166	14.375243723	175.011997487	 0.611463791	         0.108342983	         0.083553967	         0.191896949
 16293	    -4708000	 0.099601166	35.097107405	21.427327137	175.570690346	 0.619131727	         0.101404948	         0.076647505	         0.178052453
 16294	    -4707000	 0.098463569	35.235265201	28.516364192	176.111847348	 0.626293611	         0.094880268	         0.070332915	         0.165213183
 16295	    -4706000	 0.097320018	35.363630265	35.654839365	176.635942652	 0.632937840	         0.089146290	         0.064923953	         0.154070243
 16296	    -4705000	 0.096041198	35.481990783	42.934433434	177.129793680	 0.639054074	         0.084087942	         0.060256214	         0.144344156
 16297	    -4704000	 0.094758369	35.591574329	50.179237378	177.579505822	 0.644706792	         0.079892604	         0.056475533	         0.136368137
 16298	    -4703000	 0.093338456	35.692193925	57.494462739	177.974293343	 0.649887667	         0.076690921	         0.053642503	         0.130333425
 16299	    -4702000	 0.092132320	35.784480247	64.895016554	178.317225754	 0.654630724	         0.074243878	         0.051502712	         0.125746590
 16300	    -4701000	 0.090677403	35.869110334	72.388285181	178.591618218	 0.658972329	         0.072801597	         0.050253795	         0.123055392
 16301	    -4700000	 0.089320898	35.945952247	79.967166066	178.821737970	 0.662907332	         0.072559800	         0.050027849	         0.122587649
 16302	    -4699000	 0.087994509	36.015908859	87.544429982	178.969906736	 0.666483550	         0.073107000	         0.050483446	         0.123590446
 16303	    -4698000	 0.086671059	36.078838316	95.354057585	179.049827968	 0.669695231	         0.074732737	         0.051857270	         0.126590007
 16304	    -4697000	 0.085340342	36.134633427	103.029226476	179.067565884	 0.672538413	         0.077537954	         0.054261749	         0.131799703
 16305	    -4696000	 0.084114368	36.183841441	110.849584591	179.020427200	 0.675042381	         0.081360927	         0.057577243	         0.138938170
 16306	    -4695000	 0.082999596	36.225853207	118.818979141	178.919742438	 0.677177445	         0.086463947	         0.062094200	         0.148558147
 16307	    -4694000	 0.081659904	36.260586664	126.762795441	178.753806912	 0.678940680	         0.092794958	         0.067816483	         0.160611441
 16308	    -4693000	 0.080508107	36.287808030	134.728038937	178.547146311	 0.680321310	         0.100319915	         0.074768740	         0.175088655
 16309	    -4692000	 0.079474606	36.307102042	142.822716314	178.298977815	 0.681299197	         0.109139008	         0.083134766	         0.192273774
 16310	    -4691000	 0.078449883	36.318569367	151.097855864	178.019777071	 0.681880131	         0.119482387	         0.093203818	         0.212686205
 16311	    -4690000	 0.077430388	36.321409455	159.287204460	177.696250818	 0.682023978	         0.130595774	         0.104373335	         0.234969109
 16312	    -4689000	 0.076519249	36.315745693	167.642136612	177.357776788	 0.681737103	         0.143001044	         0.117157781	         0.260158825
 16313	    -4688000	 0.075827794	36.301873971	176.049952506	177.013346609	 0.681034276	         0.156355769	         0.131301495	         0.287657264
 16314	    -4687000	 0.075213549	36.279035253	-175.492300083	176.655224482	 0.679876488	         0.170366973	         0.146511239	         0.316878212
 16315	    -4686000	 0.074726752	36.247968315	-166.992650825	176.296620732	 0.678300318	         0.184791713	         0.162541580	         0.347333292
 16316	    -4685000	 0.074492362	36.208694909	-158.508492122	175.942189258	 0.676305757	         0.199107146	         0.178792503	         0.377899649
 16317	    -4684000	 0.074250345	36.160991073	-149.928391660	175.605778439	 0.673880053	         0.213236291	         0.195072547	         0.408308838
 16318	    -4683000	 0.074114129	36.106092660	-141.497140891	175.287054378	 0.671084572	         0.226210077	         0.210245097	         0.436455174
 16319	    -4682000	 0.074186114	36.043440763	-133.140340641	174.981276658	 0.667889307	         0.237616542	         0.223804240	         0.461420782
 16320	    -4681000	 0.074431343	35.973364689	-124.613100150	174.703286725	 0.664309392	         0.248097936	         0.236279685	         0.484377621
 16321	    -4680000	 0.074500710	35.896887726	-116.228725705	174.438874215	 0.660395582	         0.255396043	         0.245092863	         0.500488907
 16322	    -4679000	 0.074760227	35.813339242	-107.917596723	174.189542291	 0.656112103	         0.260066401	         0.250865198	         0.510931599
 16323	    -4678000	 0.075205769	35.723131569	-99.645945457	173.967115603	 0.651478676	         0.261964034	         0.253403089	         0.515367123
 16324	    -4677000	 0.075644560	35.626231124	-91.290582115	173.775353267	 0.646492330	         0.260678108	         0.252148740	         0.512826847
 16325	    -4676000	 0.076198322	35.522285404	-83.078123977	173.596062311	 0.641133796	         0.255617916	         0.246500181	         0.502118097
 16326	    -4675000	 0.076839630	35.411671305	-74.911267247	173.457961927	 0.635421603	         0.247828575	         0.237610650	         0.485439226
 16327	    -4674000	 0.077652691	35.293246081	-66.743049790	173.320751142	 0.629296034	         0.236105129	         0.224198784	         0.460303913
 16328	    -4673000	 0.078411563	35.166976918	-58.799196136	173.218642405	 0.622754917	         0.222774139	         0.209007641	         0.431781779
 16329	    -4672000	 0.079331514	35.033154678	-50.829333819	173.134360505	 0.615813341	         0.207473525	         0.191659315	         0.399132840
 16330	    -4671000	 0.080385953	34.890221170	-43.037353494	173.076208020	 0.608390957	         0.191098803	         0.173244322	         0.364343125
 16331	    -4670000	 0.081315530	34.738356449	-35.227875645	173.030240856	 0.600498194	         0.173517841	         0.153733573	         0.327251414
 16332	    -4669000	 0.082326776	34.577381538	-27.614923475	173.017252340	 0.592127708	         0.156403695	         0.134973761	         0.291377457
 16333	    -4668000	 0.083333567	34.406690417	-20.089952925	172.989717689	 0.583250952	         0.138335369	         0.115650760	         0.253986129
 16334	    -4667000	 0.084593591	34.226657526	-12.578233170	172.975755773	 0.573891560	         0.121289287	         0.097923805	         0.219213092
 16335	    -4666000	 0.085466357	34.036456241	-5.153450163	172.976360821	 0.564012125	         0.104791211	         0.081282329	         0.186073540
 16336	    -4665000	 0.086576823	33.836876472	 2.133834783	172.965848822	 0.553660789	         0.089180983	         0.066108015	         0.155288997
 16337	    -4664000	 0.087775705	33.628362110	 9.337652950	172.952256041	 0.542869198	         0.075367425	         0.053219331	         0.128586756
 16338	    -4663000	 0.088789588	33.410153566	16.544328481	172.919178000	 0.531608466	         0.062334866	         0.041560834	         0.103895700
 16339	    -4662000	 0.089897574	33.183941898	23.552727716	172.840922254	 0.519977867	         0.050332327	         0.031275584	         0.081607911
 16340	    -4661000	 0.090989890	32.949796597	30.516121550	172.686389554	 0.507994243	         0.038876573	         0.021867668	         0.060744241
 16341	    -4660000	 0.092062593	32.707753228	37.435124576	172.582350297	 0.495674340	         0.031063592	         0.015941371	         0.047004963
 16342	    -4659000	 0.092974286	32.459750815	44.188784616	172.467872788	 0.483132510	         0.025182050	         0.011757942	         0.036939992
 16343	    -4658000	 0.093930105	32.205084452	50.917119362	172.331568450	 0.470349567	         0.020560668	         0.008642433	         0.029203101
 16344	    -4657000	 0.094889242	31.944706534	57.575353511	172.187350977	 0.457390873	         0.016962764	         0.006375625	         0.023338389
 16345	    -4656000	 0.095652820	31.680033897	64.232333003	172.011422219	 0.444344021	         0.014123301	         0.004874772	         0.018998073
 16346	    -4655000	 0.096405147	31.410107618	70.759024310	171.809485260	 0.431179326	         0.011850267	         0.003789730	         0.015639997
 16347	    -4654000	 0.097193482	31.136373447	77.249318336	171.566693786	 0.417985142	         0.010053700	         0.002999199	         0.013052899
 16348	    -4653000	 0.097958642	30.859140401	83.760750607	171.302075377	 0.404793182	         0.008637567	         0.002415130	         0.011052698
 16349	    -4652000	 0.098616126	30.578127661	90.191014325	170.987006393	 0.391607161	         0.007502728	         0.001970607	         0.009473336
 16350	    -4651000	 0.099297163	30.294872713	96.511696797	170.647892918	 0.378515162	         0.006597059	         0.001628281	         0.008225340
 16351	    -4650000	 0.100192017	30.008683775	102.819668967	170.277009981	 0.365500231	         0.005869911	         0.001364793	         0.007234704
 16352	    -4649000	 0.100775829	29.720340220	109.062003361	169.856747241	 0.352612542	         0.005284919	         0.001154628	         0.006439547
 16353	    -4648000	 0.101449365	29.431332987	115.181881164	169.398773692	 0.339930460	         0.004792179	         0.000980557	         0.005772737
 16354	    -4647000	 0.102242131	29.140930928	121.194864275	168.933079403	 0.327432188	         0.004422247	         0.000853398	         0.005275645
 16355	    -4646000	 0.102780773	28.850940951	127.221256413	168.427049307	 0.315203771	         0.004108002	         0.000742609	         0.004850611
 16356	    -4645000	 0.103316357	28.562400857	133.068864550	167.893035262	 0.303292781	         0.003822237	         0.000641913	         0.004464151
 16357	    -4644000	 0.103778356	28.275852163	138.909415856	167.358408338	 0.291722417	         0.003605221	         0.000564206	         0.004169427
 16358	    -4643000	 0.104218371	27.993826715	144.699110918	166.805436877	 0.280590747	         0.003421481	         0.000497547	         0.003919028
 16359	    -4642000	 0.104411120	27.716666704	150.407226962	166.251003391	 0.269986498	         0.003257207	         0.000436617	         0.003693824
 16360	    -4641000	 0.104651765	27.446537155	156.130347310	165.688117765	 0.260037004	         0.003113177	         0.000382474	         0.003495652
 16361	    -4640000	 0.104902562	27.185942823	161.728663021	165.153312548	 0.250786337	         0.002995977	         0.000336470	         0.003332447
 16362	    -4639000	 0.104962124	26.935082298	167.454084291	164.614509172	 0.242192222	         0.002894663	         0.000295732	         0.003190395
 16363	    -4638000	 0.105025383	26.697193446	173.007769435	164.095214794	 0.234314720	         0.002793866	         0.000256510	         0.003050376
 16364	    -4637000	 0.105037138	26.473909143	178.547348867	163.593443180	 0.227154102	         0.002708545	         0.000222952	         0.002931497
 16365	    -4636000	 0.105184794	26.265770193	-175.878316214	163.137918109	 0.220676391	         0.002663736	         0.000199803	         0.002863540
 16366	    -4635000	 0.105041144	26.076232889	-170.366016203	162.692954663	 0.214938438	         0.002602149	         0.000173195	         0.002775344
 16367	    -4634000	 0.104991413	25.905608497	-164.897752247	162.294166332	 0.209900763	         0.002583649	         0.000157461	         0.002741109
 16368	    -4633000	 0.105032262	25.755052083	-159.462601204	161.919694211	 0.205553742	         0.002547873	         0.000137615	         0.002685489
 16369	    -4632000	 0.104849714	25.627228523	-153.989312885	161.594681669	 0.201933825	         0.002566108	         0.000129069	         0.002695177
 16370	    -4631000	 0.104708402	25.521635141	-148.643311670	161.313129210	 0.198991590	         0.002597840	         0.000123228	         0.002721068
 16371	    -4630000	 0.104620138	25.439800076	-143.264408414	161.069001783	 0.196740871	         0.002644780	         0.000119762	         0.002764542
 16372	    -4629000	 0.104442060	25.382635774	-137.851256530	160.873671493	 0.195183795	         0.002735177	         0.000123902	         0.002859079
 16373	    -4628000	 0.104160416	25.349707007	-132.560332738	160.707364090	 0.194292461	         0.002823331	         0.000126524	         0.002949854
 16374	    -4627000	 0.103967225	25.342584497	-127.214982515	160.589300050	 0.194100201	         0.002959184	         0.000138414	         0.003097599
 16375	    -4626000	 0.103785122	25.360562948	-121.899315906	160.502652502	 0.194585865	         0.003114087	         0.000153228	         0.003267315
 16376	    -4625000	 0.103437135	25.403342405	-116.570919428	160.473461741	 0.195746386	         0.003323822	         0.000178560	         0.003502382
 16377	    -4624000	 0.103035572	25.471931947	-111.270611835	160.479343053	 0.197621546	         0.003578282	         0.000215175	         0.003793457
 16378	    -4623000	 0.102707399	25.565171346	-106.017505676	160.536021862	 0.200199445	         0.003879399	         0.000260796	         0.004140196
 16379	    -4622000	 0.102218027	25.682916501	-100.631449786	160.620004042	 0.203502985	         0.004228781	         0.000322403	         0.004551184
 16380	    -4621000	 0.101542632	25.824895468	-95.257838086	160.742231695	 0.207559023	         0.004610666	         0.000392873	         0.005003539
 16381	    -4620000	 0.100851314	25.990454288	-89.886947172	160.915175218	 0.212390896	         0.005082070	         0.000491167	         0.005573237
 16382	    -4619000	 0.100218613	26.179756860	-84.346068037	161.126216108	 0.218053726	         0.005641439	         0.000621100	         0.006262538
 16383	    -4618000	 0.099266952	26.391131825	-78.772738036	161.369443204	 0.224555435	         0.006221373	         0.000767582	         0.006988955
 16384	    -4617000	 0.098435371	26.624229477	-73.076272601	161.657452299	 0.231950312	         0.006870707	         0.000938438	         0.007809145
 16385	    -4616000	 0.097642004	26.879350878	-67.307173218	161.978123386	 0.240323288	         0.007604883	         0.001147619	         0.008752502
 16386	    -4615000	 0.096698387	27.154580617	-61.334185894	162.345455218	 0.249695452	         0.008406672	         0.001395912	         0.009802584
 16387	    -4614000	 0.095876446	27.449386919	-55.391547838	162.756123413	 0.260140029	         0.009323466	         0.001697087	         0.011020553
 16388	    -4613000	 0.095077214	27.763047911	-49.323221689	163.203188766	 0.271732721	         0.010315076	         0.002047802	         0.012362878
 16389	    -4612000	 0.094389149	28.094065622	-43.087031794	163.687746497	 0.284517846	         0.011361726	         0.002439402	         0.013801128
 16390	    -4611000	 0.093539947	28.442012771	-36.918936385	164.217746577	 0.298400053	         0.012537390	         0.002911657	         0.015449046
 16391	    -4610000	 0.092795634	28.804284484	-30.595654442	164.796531036	 0.313260303	         0.013810077	         0.003455508	         0.017265585
 16392	    -4609000	 0.092101472	29.179444325	-24.317302210	165.407867000	 0.329075334	         0.015146698	         0.004068696	         0.019215394
 16393	    -4608000	 0.091250555	29.567154562	-17.852067178	166.062659626	 0.345860677	         0.016484468	         0.004724291	         0.021208759
 16394	    -4607000	 0.090336321	29.963764986	-11.412256173	166.761523133	 0.363477473	         0.018008684	         0.005535178	         0.023543862
 16395	    -4606000	 0.089375916	30.367246726	-4.911720760	167.499121471	 0.381840724	         0.019586747	         0.006444101	         0.026030849
 16396	    -4605000	 0.088503105	30.776603634	 1.760983425	168.272858851	 0.400900442	         0.021207588	         0.007457841	         0.028665429
 16397	    -4604000	 0.087246927	31.188961632	 8.503528704	169.094178714	 0.420507234	         0.023081954	         0.008773281	         0.031855235
 16398	    -4603000	 0.086149036	31.601960898	15.341469276	169.940747154	 0.440521172	         0.025142667	         0.010495584	         0.035638252
 16399	    -4602000	 0.085074054	32.013729149	22.369647131	170.823862649	 0.460814532	         0.027501164	         0.012584739	         0.040085903
 16400	    -4601000	 0.083794685	32.422468199	29.516492793	171.710502152	 0.481254802	         0.030314500	         0.015016514	         0.045331014
 16401	    -4600000	 0.082689734	32.826541407	36.759109754	172.640215980	 0.501711389	         0.034232883	         0.018345176	         0.052578059
 16402	    -4599000	 0.081649635	33.224026305	44.143980089	173.659195830	 0.522035233	         0.041310863	         0.024432438	         0.065743301
 16403	    -4598000	 0.080570758	33.614200505	51.754610646	174.564996301	 0.542137293	         0.046434827	         0.028776000	         0.075210826
 16404	    -4597000	 0.079506893	33.996141532	59.351740798	175.372160235	 0.561919728	         0.050692110	         0.032307153	         0.082999263
 16405	    -4596000	 0.078612820	34.368642156	67.083443435	176.100910383	 0.581272510	         0.054727307	         0.035617021	         0.090344327
 16406	    -4595000	 0.077875496	34.731712163	74.929992085	176.759801037	 0.600152764	         0.058992735	         0.039093067	         0.098085802
 16407	    -4594000	 0.077066016	35.084278168	82.939648849	177.339645623	 0.618466190	         0.063743052	         0.042965298	         0.106708351
 16408	    -4593000	 0.076360646	35.426093028	90.939317412	177.843264764	 0.636166889	         0.069259390	         0.047505585	         0.116764976
 16409	    -4592000	 0.075790220	35.756953361	98.958274501	178.275018568	 0.653216898	         0.075791240	         0.052967812	         0.128759051
 16410	    -4591000	 0.075308143	36.075617287	107.124035674	178.619668473	 0.669530968	         0.083362974	         0.059428895	         0.142791870
 16411	    -4590000	 0.074842896	36.381758112	115.328365118	178.894221684	 0.685077593	         0.092580645	         0.067477136	         0.160057781
 16412	    -4589000	 0.074421845	36.674281775	123.527177161	179.090365922	 0.699792972	         0.103422959	         0.077228274	         0.180651233
 16413	    -4588000	 0.074259807	36.951956707	131.841454894	179.230250557	 0.713614053	         0.116233302	         0.089087256	         0.205320558
 16414	    -4587000	 0.073813987	37.213927126	140.137427000	179.286996442	 0.726503970	         0.131210472	         0.103424834	         0.234635306
 16415	    -4586000	 0.073613773	37.458046689	148.451681302	179.291601756	 0.738370101	         0.148379970	         0.120414798	         0.268794768
 16416	    -4585000	 0.073561343	37.683643422	156.795156791	179.242979668	 0.749199227	         0.167964502	         0.140438374	         0.308402876
 16417	    -4584000	 0.073386448	37.890039919	165.385409107	179.139084395	 0.758982475	         0.190514086	         0.164251366	         0.354765452
 16418	    -4583000	 0.073337927	38.074305051	173.823950419	178.993804234	 0.767609600	         0.214912865	         0.190823410	         0.405736274
 16419	    -4582000	 0.073439588	38.236846053	-177.608921334	178.811292603	 0.775130997	         0.241749659	         0.220826271	         0.462575930
 16420	    -4581000	 0.073815414	38.377162135	-169.055120535	178.614480258	 0.781553999	         0.270528170	         0.253726253	         0.524254423
 16421	    -4580000	 0.074122182	38.493403183	-160.397479980	178.393651485	 0.786823966	         0.300940714	         0.289097400	         0.590038114
 16422	    -4579000	 0.074751002	38.586938144	-151.786602286	178.168009580	 0.791029928	         0.332206184	         0.325921578	         0.658127762
 16423	    -4578000	 0.075467106	38.657476033	-143.325604574	177.936860057	 0.794180896	         0.363017063	         0.362427964	         0.725445027
 16424	    -4577000	 0.076419363	38.705287677	-134.801350526	177.696846484	 0.796306275	         0.393162208	         0.398220033	         0.791382241
 16425	    -4576000	 0.077419004	38.731952987	-126.494391112	177.473324569	 0.797487941	         0.420701871	         0.430771469	         0.851473340
 16426	    -4575000	 0.078558058	38.737180874	-118.272507519	177.251393565	 0.797719302	         0.445613155	         0.459918716	         0.905531871
 16427	    -4574000	 0.079782093	38.722552598	-110.128789834	177.032803977	 0.797071669	         0.465964933	         0.483583684	         0.949548617
 16428	    -4573000	 0.080832716	38.689602656	-102.069465737	176.845349058	 0.795609959	         0.480624986	         0.500392348	         0.981017334
 16429	    -4572000	 0.081952148	38.637819983	-94.200505007	176.665695320	 0.793304676	         0.488826166	         0.509738875	         0.998565041
 16430	    -4571000	 0.083167106	38.568830595	-86.369538259	176.513706301	 0.790218138	         0.490936785	         0.512073904	         1.003010689
 16431	    -4570000	 0.084271829	38.483092440	-78.402775469	176.387943456	 0.786358421	         0.485772374	         0.506197515	         0.991969889
 16432	    -4569000	 0.085272365	38.380366195	-70.657964485	176.292167193	 0.781699887	         0.473632752	         0.492387687	         0.966020440
 16433	    -4568000	 0.086374068	38.261666800	-62.922029744	176.202155160	 0.776271974	         0.455041117	         0.471210642	         0.926251759
 16434	    -4567000	 0.087561750	38.126034836	-55.171047844	176.142641276	 0.770012554	         0.430943054	         0.443544483	         0.874487537
 16435	    -4566000	 0.088636118	37.973980157	-47.456271830	176.119060435	 0.762925382	         0.403209024	         0.411493162	         0.814702186
 16436	    -4565000	 0.089922035	37.805734506	-39.821046609	176.106714068	 0.755001266	         0.372423800	         0.375745953	         0.748169753
 16437	    -4564000	 0.091172225	37.619928308	-32.276949789	176.112064521	 0.746154709	         0.339596168	         0.337422958	         0.677019126
 16438	    -4563000	 0.092441834	37.417722270	-24.749780830	176.126233112	 0.736420280	         0.305230621	         0.297407861	         0.602638482
 16439	    -4562000	 0.093739859	37.199363233	-17.354926935	176.171379199	 0.725791471	         0.271556428	         0.258355888	         0.529912317
 16440	    -4561000	 0.095058527	36.964636841	-10.116438338	176.205322935	 0.714241445	         0.238755776	         0.220923782	         0.459679557
 16441	    -4560000	 0.096390768	36.714903145	-2.839780395	176.260909313	 0.701824321	         0.207311482	         0.185723201	         0.393034683
 16442	    -4559000	 0.097527024	36.450405530	 4.318221278	176.311059107	 0.688544027	         0.178090215	         0.153870808	         0.331961022
 16443	    -4558000	 0.098655300	36.173249733	11.366361261	176.366383101	 0.674503705	         0.152209756	         0.126556015	         0.278765770
 16444	    -4557000	 0.099866380	35.884653094	18.296116901	176.392850125	 0.659768816	         0.128861494	         0.102839646	         0.231701139
 16445	    -4556000	 0.100788500	35.584670102	25.333586468	176.418129601	 0.644350953	         0.108278667	         0.082767299	         0.191045967
 16446	    -4555000	 0.101725765	35.277060320	32.181892425	176.396711263	 0.628458096	         0.090619330	         0.066312667	         0.156931997
 16447	    -4554000	 0.102551962	34.962237539	38.973260513	176.357373713	 0.612131601	         0.075754546	         0.053070509	         0.128825055
 16448	    -4553000	 0.103389940	34.640721668	45.832171378	176.280236297	 0.595421623	         0.063012881	         0.042238993	         0.105251875
 16449	    -4552000	 0.103948295	34.315854498	52.535249554	176.144927780	 0.578527964	         0.052507836	         0.033690813	         0.086198649
 16450	    -4551000	 0.104573296	33.987040971	59.252927511	175.956893137	 0.561447488	         0.043604557	         0.026729868	         0.070334425
 16451	    -4550000	 0.105153484	33.655462312	65.886545189	175.704610689	 0.544270188	         0.036112314	         0.021082752	         0.057195066
 16452	    -4549000	 0.105492399	33.322772633	72.538338577	175.366069399	 0.527110156	         0.029470517	         0.016180745	         0.045651263
 16453	    -4548000	 0.105896365	32.987802334	79.101058351	174.879758606	 0.509935228	         0.022642471	         0.011142562	         0.033785033
 16454	    -4547000	 0.106120483	32.652164191	85.625439395	174.418228953	 0.492855617	         0.018328190	         0.008113928	         0.026442117
 16455	    -4546000	 0.106431801	32.315949631	92.183331325	173.923677672	 0.475901837	         0.015303118	         0.006038146	         0.021341264
 16456	    -4545000	 0.106492387	31.978211528	98.661072967	173.420475299	 0.459051724	         0.013149629	         0.004699522	         0.017849151
 16457	    -4544000	 0.106643087	31.640808956	105.097246476	172.892455230	 0.442421863	         0.011493684	         0.003793009	         0.015286693
 16458	    -4543000	 0.106859210	31.302701075	111.471473605	172.346799551	 0.425982920	         0.010238612	         0.003154073	         0.013392685
 16459	    -4542000	 0.106838811	30.964110314	117.893822781	171.748933563	 0.409767230	         0.009254355	         0.002671293	         0.011925648
 16460	    -4541000	 0.106892956	30.626859996	124.130291630	171.136094306	 0.393879997	         0.008455982	         0.002293210	         0.010749192
 16461	    -4540000	 0.106938747	30.289911513	130.315179822	170.514448724	 0.378287696	         0.007810396	         0.001993271	         0.009803668
 16462	    -4539000	 0.106889467	29.954574285	136.557622869	169.875607146	 0.363064281	         0.007317096	         0.001764930	         0.009082026
 16463	    -4538000	 0.106678919	29.621957683	142.621936460	169.207583517	 0.348268520	         0.006859708	         0.001558147	         0.008417855
 16464	    -4537000	 0.106461265	29.292283948	148.633755676	168.554341666	 0.333914996	         0.006481721	         0.001388584	         0.007870305
 16465	    -4536000	 0.106170151	28.967222803	154.644838558	167.889762600	 0.320076515	         0.006148762	         0.001240795	         0.007389557
 16466	    -4535000	 0.105633202	28.646891342	160.632185106	167.230799365	 0.306753758	         0.005840518	         0.001106714	         0.006947232
 16467	    -4534000	 0.105113587	28.332999625	166.540265355	166.579749142	 0.294009144	         0.005550156	         0.000984133	         0.006534290
 16468	    -4533000	 0.104458349	28.027145487	172.435685975	165.942902799	 0.281892456	         0.005271542	         0.000870736	         0.006142278
 16469	    -4532000	 0.103686210	27.728693210	178.380172617	165.318318487	 0.270438208	         0.005012997	         0.000769350	         0.005782347
 16470	    -4531000	 0.102911000	27.439974543	-175.721211193	164.724722547	 0.259799906	         0.004769570	         0.000676452	         0.005446022
 16471	    -4530000	 0.102061985	27.161718966	-169.876298328	164.155498812	 0.249943331	         0.004534264	         0.000590740	         0.005125004
 16472	    -4529000	 0.101303707	26.893776893	-163.939094138	163.602582766	 0.240805672	         0.004297892	         0.000508699	         0.004806591
 16473	    -4528000	 0.100313406	26.638216833	-158.062828428	163.092615329	 0.232401718	         0.004091073	         0.000441425	         0.004532498
 16474	    -4527000	 0.099388324	26.394499136	-152.229458841	162.594832072	 0.224660564	         0.003849916	         0.000369448	         0.004219364
 16475	    -4526000	 0.098653319	26.163547150	-146.456281100	162.142634571	 0.217562972	         0.003645215	         0.000309137	         0.003954352
 16476	    -4525000	 0.097661273	25.946450877	-140.568381403	161.719444068	 0.211095777	         0.003461901	         0.000261152	         0.003723053
 16477	    -4524000	 0.096723849	25.742379242	-134.828515196	161.318535150	 0.205191973	         0.003245744	         0.000208566	         0.003454310
 16478	    -4523000	 0.095767828	25.552637189	-129.134122588	160.956049582	 0.199850952	         0.003074093	         0.000170992	         0.003245085
 16479	    -4522000	 0.094829548	25.377350684	-123.370209470	160.617712181	 0.195040460	         0.002895645	         0.000134501	         0.003030146
 16480	    -4521000	 0.093717770	25.216451046	-117.696380494	160.310779508	 0.190726788	         0.002726658	         0.000104500	         0.002831158
 16481	    -4520000	 0.092722250	25.071020720	-111.990465627	160.036589898	 0.186909989	         0.002574828	         0.000080684	         0.002655512
 16482	    -4519000	 0.091719251	24.940348685	-106.323294965	159.793621176	 0.183545712	         0.002439456	         0.000062291	         0.002501748
 16483	    -4518000	 0.090524220	24.825590554	-100.603161000	159.577111163	 0.180641132	         0.002299000	         0.000044613	         0.002343613
 16484	    -4517000	 0.089534100	24.727514671	-94.980150765	159.383960820	 0.178195243	         0.002174298	         0.000031177	         0.002205476
 16485	    -4516000	 0.088411139	24.645313996	-89.363072939	159.236276607	 0.176170790	         0.002073366	         0.000022763	         0.002096129
 16486	    -4515000	 0.087371616	24.580736381	-83.653552906	159.117246618	 0.174596507	         0.001979143	         0.000015727	         0.001994869
 16487	    -4514000	 0.086117209	24.533804342	-78.010188994	159.034078722	 0.173461224	         0.001900429	         0.000011469	         0.001911898
 16488	    -4513000	 0.084927629	24.505156394	-72.369656117	158.976881241	 0.172771864	         0.001822346	         0.000007164	         0.001829510
 16489	    -4512000	 0.083826945	24.495937105	-66.689479342	158.951484457	 0.172550602	         0.001763293	         0.000005327	         0.001768620
 16490	    -4511000	 0.082529289	24.505449547	-60.843091898	158.969103476	 0.172778904	         0.001711131	         0.000004323	         0.001715454
 16491	    -4510000	 0.081224105	24.535877696	-55.108769707	159.027213621	 0.173511222	         0.001678697	         0.000004671	         0.001683369
 16492	    -4509000	 0.080027700	24.587383488	-49.250341011	159.126959013	 0.174757899	         0.001659317	         0.000005482	         0.001664799
 16493	    -4508000	 0.078765426	24.659089332	-43.199219532	159.264426199	 0.176508440	         0.001650408	         0.000007044	         0.001657453
 16494	    -4507000	 0.077527289	24.753106563	-37.181754878	159.441916526	 0.178830261	         0.001659132	         0.000010032	         0.001669164
 16495	    -4506000	 0.076412851	24.868686102	-31.036787525	159.643630704	 0.181726470	         0.001676076	         0.000014587	         0.001690663
 16496	    -4505000	 0.075391043	25.005753041	-24.732280694	159.923007680	 0.185221971	         0.001720818	         0.000022284	         0.001743101
 16497	    -4504000	 0.074337995	25.165345716	-18.417591183	160.217367591	 0.189376734	         0.001763381	         0.000030992	         0.001794374
 16498	    -4503000	 0.073485354	25.345532629	-12.055686294	160.567068338	 0.194179757	         0.001830784	         0.000044238	         0.001875022
 16499	    -4502000	 0.072743666	25.547343635	-5.643817534	160.960695269	 0.199703955	         0.001908995	         0.000059753	         0.001968748
 16500	    -4501000	 0.071937511	25.770362262	 0.926066897	161.411945567	 0.205991650	         0.002010922	         0.000081586	         0.002092508
 16501	    -4500000	 0.071215019	26.012321497	 7.468566703	161.899747425	 0.213037449	         0.002138192	         0.000110781	         0.002248973
 16502	    -4499000	 0.070535819	26.274004988	13.977302236	162.409287508	 0.220929130	         0.002275273	         0.000143272	         0.002418546
 16503	    -4498000	 0.069982541	26.553942922	20.694303641	162.971491118	 0.229695230	         0.002443550	         0.000185698	         0.002629248
 16504	    -4497000	 0.069288772	26.851186170	27.470652783	163.555527805	 0.239384287	         0.002630979	         0.000234868	         0.002865847
 16505	    -4496000	 0.068641129	27.164710292	34.309169360	164.172840048	 0.250047277	         0.002872633	         0.000301239	         0.003173872
 16506	    -4495000	 0.068149028	27.492604089	41.172744166	164.809782391	 0.261707442	         0.003155817	         0.000380921	         0.003536738
 16507	    -4494000	 0.067564905	27.835510176	48.391939754	165.467022638	 0.274483512	         0.003480477	         0.000475258	         0.003955735
 16508	    -4493000	 0.067104303	28.190986210	55.530410799	166.137791733	 0.288345805	         0.003899594	         0.000600239	         0.004499833
 16509	    -4492000	 0.066741338	28.557181132	62.810742397	166.807980444	 0.303079699	         0.004391595	         0.000751422	         0.005143017
 16510	    -4491000	 0.066486972	28.935428346	70.360271700	167.480805938	 0.318740078	         0.004994241	         0.000942533	         0.005936774
 16511	    -4490000	 0.066224861	29.322794516	77.811903356	168.148307300	 0.335230063	         0.005757683	         0.001194706	         0.006952389
 16512	    -4489000	 0.066230608	29.718395075	85.434859828	168.802524753	 0.352526390	         0.006729902	         0.001534721	         0.008264623
 16513	    -4488000	 0.066333098	30.122966141	93.121857351	169.448811946	 0.370671194	         0.007945972	         0.001983033	         0.009929005
 16514	    -4487000	 0.066435006	30.533733408	100.963506846	170.065392639	 0.389541802	         0.009538044	         0.002613742	         0.012151786
 16515	    -4486000	 0.066748996	30.951221522	108.711651542	170.667723439	 0.409155101	         0.011623411	         0.003516284	         0.015139696
 16516	    -4485000	 0.067147064	31.374473340	116.495136337	171.266011535	 0.429452598	         0.014374143	         0.004833246	         0.019207390
 16517	    -4484000	 0.067859331	31.801623140	124.384970225	171.843145278	 0.450321287	         0.018044082	         0.006871835	         0.024915918
 16518	    -4483000	 0.068395703	32.233604438	132.242092970	172.396677703	 0.471775975	         0.023149542	         0.010407560	         0.033557103
 16519	    -4482000	 0.069167033	32.667530893	140.033601006	172.956527525	 0.493634388	         0.030406412	         0.015752824	         0.046159237
 16520	    -4481000	 0.070058297	33.102638892	147.768796894	173.553317365	 0.515809985	         0.042437951	         0.025397078	         0.067835029
 16521	    -4480000	 0.070997633	33.539084345	155.574077547	174.098541631	 0.538257538	         0.057951448	         0.038553458	         0.096504906
 16522	    -4479000	 0.071936816	33.972306612	163.223490289	174.518370538	 0.560682977	         0.073979940	         0.052622818	         0.126602758
 16523	    -4478000	 0.072973978	34.402503096	170.819207994	174.860573423	 0.583033211	         0.091818959	         0.068954799	         0.160773759
 16524	    -4477000	 0.073946816	34.828564994	178.567846949	175.145358206	 0.605187203	         0.112901329	         0.089149784	         0.202051113
 16525	    -4476000	 0.074848111	35.245478269	-173.869216908	175.384414693	 0.626822623	         0.136580479	         0.112799842	         0.249380321
 16526	    -4475000	 0.075862416	35.653876529	-166.312345164	175.594448770	 0.647915842	         0.163721353	         0.140970911	         0.304692264
 16527	    -4474000	 0.076971934	36.051462870	-158.612324186	175.760189960	 0.668298725	         0.194388619	         0.173960053	         0.368348671
 16528	    -4473000	 0.077923268	36.435068078	-150.892097331	175.903657378	 0.687770213	         0.228356608	         0.211565844	         0.439922452
 16529	    -4472000	 0.079038997	36.804690584	-143.261156988	176.023324967	 0.706303088	         0.265189625	         0.253322750	         0.518512375
 16530	    -4471000	 0.080200564	37.157796514	-135.615210833	176.141961047	 0.723755206	         0.304852111	         0.298930070	         0.603782182
 16531	    -4470000	 0.081573049	37.494105670	-127.896990356	176.237108653	 0.740110117	         0.346907500	         0.347705761	         0.694613261
 16532	    -4469000	 0.082997812	37.813013615	-120.253561338	176.319638373	 0.755345834	         0.389724499	         0.397371187	         0.787095686
 16533	    -4468000	 0.084417040	38.112561715	-112.709762949	176.398791302	 0.769387519	         0.432119058	         0.446140156	         0.878259214
 16534	    -4467000	 0.086138430	38.394135913	-105.231116888	176.487600827	 0.782326453	         0.474523654	         0.494211868	         0.968735522
 16535	    -4466000	 0.087675800	38.656891984	-97.835053616	176.567218242	 0.794154881	         0.512336898	         0.536232563	         1.048569461
 16536	    -4465000	 0.089298634	38.899846568	-90.583244776	176.673634204	 0.804866209	         0.546522479	         0.573293084	         1.119815563
 16537	    -4464000	 0.090890288	39.124570062	-83.435702076	176.789138941	 0.814569252	         0.574569331	         0.602904520	         1.177473851
 16538	    -4463000	 0.092339783	39.329380639	-76.194730892	176.935071899	 0.823232579	         0.595441040	         0.624460214	         1.219901254
 16539	    -4462000	 0.093615115	39.514246566	-69.191521172	177.098388893	 0.830898480	         0.607864142	         0.637027768	         1.244891909
 16540	    -4461000	 0.094821371	39.679256465	-62.149766262	177.283742768	 0.837613146	         0.612095963	         0.641109682	         1.253205645
 16541	    -4460000	 0.096071122	39.822183297	-55.088535037	177.489293948	 0.843328640	         0.607273420	         0.635648523	         1.242921943
 16542	    -4459000	 0.096924312	39.943364773	-47.987988542	177.732095789	 0.848099505	         0.593716338	         0.621256145	         1.214972483
 16543	    -4458000	 0.097868505	40.040719493	-40.944849044	177.987342138	 0.851881359	         0.573556345	         0.599562031	         1.173118377
 16544	    -4457000	 0.098728599	40.112655506	-33.877777911	178.265709015	 0.854646136	         0.546665738	         0.569997468	         1.116663207
 16545	    -4456000	 0.099567634	40.159350367	-26.677948186	178.569814906	 0.856427145	         0.513804295	         0.532988570	         1.046792865
 16546	    -4455000	 0.100421946	40.177386886	-19.606528421	178.874508881	 0.857112184	         0.477767260	         0.491559711	         0.969326971
 16547	    -4454000	 0.101196022	40.166632438	-12.452531123	179.201104466	 0.856703918	         0.437887036	         0.444952602	         0.882839637
 16548	    -4453000	 0.102124673	40.127514643	-5.336046859	179.548528605	 0.855214056	         0.397915385	         0.397787306	         0.795702691
 16549	    -4452000	 0.102926526	40.057039613	 1.761420764	179.881501280	 0.852510828	         0.357250923	         0.349796738	         0.707047661
 16550	    -4451000	 0.103742025	39.957054221	 8.768286309	180.215062585	 0.848634052	         0.318279746	         0.304103067	         0.622382813
 16551	    -4450000	 0.104637157	39.827843063	15.749455831	180.529048319	 0.843553009	         0.281401529	         0.261458231	         0.542859760
 16552	    -4449000	 0.105430459	39.668566915	22.787462507	180.837471064	 0.837181895	         0.246912455	         0.222387670	         0.469300126
 16553	    -4448000	 0.106056439	39.482678208	29.617506254	181.088493124	 0.829600005	         0.216264589	         0.188634835	         0.404899424
 16554	    -4447000	 0.106688961	39.269940068	36.426711204	181.309292182	 0.820736430	         0.188851000	         0.159332179	         0.348183179
 16555	    -4446000	 0.107261012	39.031838782	43.288073326	181.485318861	 0.810589826	         0.164775176	         0.134477564	         0.299252740
 16556	    -4445000	 0.107528937	38.771998107	50.029567232	181.586146419	 0.799257520	         0.144245715	         0.114049363	         0.258295078
 16557	    -4444000	 0.107743202	38.489675514	56.748966389	181.637526833	 0.786655700	         0.126906875	         0.097388771	         0.224295645
 16558	    -4443000	 0.107879764	38.187138605	63.457271292	181.604454564	 0.772839914	         0.112222457	         0.083784372	         0.196006829
 16559	    -4442000	 0.107709639	37.866974719	70.200702332	181.490997143	 0.757895335	         0.100036425	         0.072881849	         0.172918274
 16560	    -4441000	 0.107430759	37.528109294	76.881985309	181.293813243	 0.741747834	         0.090105230	         0.064266410	         0.154371640
 16561	    -4440000	 0.107050477	37.172410282	83.572635493	181.003377294	 0.724471562	         0.081891294	         0.057342628	         0.139233922
 16562	    -4439000	 0.106542884	36.800439607	90.374386368	180.626270975	 0.706091397	         0.075154230	         0.051813854	         0.126968083
 16563	    -4438000	 0.105916684	36.411488923	97.125225018	180.160612330	 0.686579828	         0.069743768	         0.047465241	         0.117209010
 16564	    -4437000	 0.105180577	36.007026763	103.938581641	179.606236274	 0.666029831	         0.065289251	         0.043960155	         0.109249405
 16565	    -4436000	 0.104609139	35.585774700	110.740837823	178.977924877	 0.644407886	         0.061414656	         0.040941691	         0.102356347
 16566	    -4435000	 0.103853144	35.148365535	117.611968444	178.252512455	 0.621790036	         0.057990106	         0.038294612	         0.096284718
 16567	    -4434000	 0.103209974	34.696255814	124.419880327	177.451735655	 0.598309305	         0.054659300	         0.035705907	         0.090365207
 16568	    -4433000	 0.102569352	34.228178889	131.145919644	176.581585801	 0.573970625	         0.051042040	         0.032856272	         0.083898313
 16569	    -4432000	 0.102023493	33.746017034	138.012266330	175.627340282	 0.548955092	         0.046934512	         0.029543560	         0.076478072
 16570	    -4431000	 0.101305497	33.251327582	144.606613578	174.562587752	 0.523437407	         0.040848535	         0.024475810	         0.065324346
 16571	    -4430000	 0.100662216	32.745136006	151.186190948	173.373021015	 0.497572222	         0.032288201	         0.017191145	         0.049479346
 16572	    -4429000	 0.100054248	32.229956386	157.740479552	172.294389140	 0.471593446	         0.027456764	         0.013188608	         0.040645371
 16573	    -4428000	 0.099127488	31.706938499	164.198284325	171.254054220	 0.445664181	         0.023746902	         0.010111877	         0.033858778
 16574	    -4427000	 0.098196905	31.179719369	170.560910151	170.243505138	 0.420063537	         0.020644552	         0.007703328	         0.028347879
 16575	    -4426000	 0.097085445	30.651090690	176.866893809	169.262574466	 0.395012286	         0.017951561	         0.006023278	         0.023974839
 16576	    -4425000	 0.095867096	30.121373423	-176.762558450	168.304816080	 0.370598886	         0.015582603	         0.004725555	         0.020308158
 16577	    -4424000	 0.094454974	29.595032807	-170.491907848	167.373506456	 0.347084468	         0.013437414	         0.003682196	         0.017119609
 16578	    -4423000	 0.092905660	29.074822618	-164.164249403	166.491366119	 0.324622096	         0.011569947	         0.002858508	         0.014428454
 16579	    -4422000	 0.091415639	28.561106173	-157.810231584	165.621852574	 0.303239920	         0.009859829	         0.002172698	         0.012032527
 16580	    -4421000	 0.089702748	28.057042931	-151.417203833	164.792261640	 0.283063595	         0.008337384	         0.001617208	         0.009954592
 16581	    -4420000	 0.088126283	27.564190897	-145.053014347	163.996270243	 0.264324579	         0.007030622	         0.001184880	         0.008215502
 16582	    -4419000	 0.086590780	27.084398909	-138.657484888	163.223404036	 0.247271452	         0.005854770	         0.000831864	         0.006686634
 16583	    -4418000	 0.085053107	26.619088599	-132.156489775	162.492416644	 0.231784624	         0.004876002	         0.000566651	         0.005442653
 16584	    -4417000	 0.083483827	26.168430644	-125.806892393	161.793442530	 0.217710705	         0.004009964	         0.000359096	         0.004369059
 16585	    -4416000	 0.082105208	25.735487986	-119.529322584	161.121810929	 0.204995517	         0.003271498	         0.000208801	         0.003480299
 16586	    -4415000	 0.080810588	25.320763814	-113.128542186	160.479777115	 0.193512372	         0.002659504	         0.000107210	         0.002766714
 16587	    -4414000	 0.079369099	24.924585080	-106.849356982	159.868857679	 0.183143977	         0.002144500	         0.000042843	         0.002187343
 16588	    -4413000	 0.078043894	24.549595367	-100.709831661	159.302942606	 0.173842381	         0.001724076	         0.000008047	         0.001732123
 16589	    -4412000	 0.076783029	24.196218439	-94.550495861	158.750205027	 0.165509673	         0.001372536	         0.000000000	         0.001372536
 16590	    -4411000	 0.075424772	23.866320584	-88.435981324	158.233216404	 0.158091478	         0.001091237	         0.000000000	         0.001091237
 16591	    -4410000	 0.074169004	23.561290830	-82.384873775	157.758474982	 0.151528648	         0.000870836	         0.000000000	         0.000870836
 16592	    -4409000	 0.072816525	23.281557660	-76.368983216	157.320874991	 0.145749850	         0.000691030	         0.000000000	         0.000691030
 16593	    -4408000	 0.071547882	23.030186746	-70.267038408	156.905021670	 0.140745210	         0.000550356	         0.000000000	         0.000550356
 16594	    -4407000	 0.070176064	22.807593788	-64.311611339	156.548276894	 0.136457173	         0.000441696	         0.000000000	         0.000441696
 16595	    -4406000	 0.068795645	22.614628869	-58.292892737	156.208879557	 0.132845751	         0.000356138	         0.000000000	         0.000356138
 16596	    -4405000	 0.067635354	22.453362469	-52.239954456	155.829459285	 0.129901005	         0.000279774	         0.000000000	         0.000279774
 16597	    -4404000	 0.066237683	22.323434817	-46.028769434	155.646890644	 0.127576058	         0.000237074	         0.000000000	         0.000237074
 16598	    -4403000	 0.064949625	22.226754308	-39.900403559	155.519951183	 0.125873084	         0.000206748	         0.000000000	         0.000206748
 16599	    -4402000	 0.063726908	22.163084996	-33.706488051	155.445767875	 0.124764018	         0.000184689	         0.000000000	         0.000184689
 16600	    -4401000	 0.062679686	22.131469674	-27.236934592	155.428659495	 0.124216941	         0.000169407	         0.000000000	         0.000169407
 16601	    -4400000	 0.061508447	22.133906751	-20.783277059	155.477293366	 0.124259027	         0.000160966	         0.000000000	         0.000160966
 16602	    -4399000	 0.060573459	22.168555954	-14.228633819	155.589710253	 0.124858932	         0.000157853	         0.000000000	         0.000157853
 16603	    -4398000	 0.059863478	22.234431697	-7.542194333	155.768771683	 0.126007482	         0.000159667	         0.000000000	         0.000159667
 16604	    -4397000	 0.059132796	22.331846624	-0.741671368	156.003947403	 0.127725312	         0.000165415	         0.000000000	         0.000165415
 16605	    -4396000	 0.058709887	22.458243384	 5.987729458	156.303868500	 0.129989166	         0.000176435	         0.000000000	         0.000176435
 16606	    -4395000	 0.058388559	22.613391263	12.809280653	156.648167433	 0.132822900	         0.000191304	         0.000000000	         0.000191304
 16607	    -4394000	 0.058201303	22.795482497	19.710150264	157.040833362	 0.136227645	         0.000211235	         0.000000000	         0.000211235
 16608	    -4393000	 0.058083164	23.001972481	26.418981311	157.493337959	 0.140194319	         0.000239590	         0.000000000	         0.000239590
 16609	    -4392000	 0.058083898	23.232825688	33.205751490	157.975771345	 0.144765914	         0.000271889	         0.000000000	         0.000271889
 16610	    -4391000	 0.058221736	23.485177394	39.988909302	158.495161154	 0.149933961	         0.000311503	         0.000000000	         0.000311503
 16611	    -4390000	 0.058292440	23.757302092	46.883715711	159.044956581	 0.155713888	         0.000358979	         0.000000000	         0.000358979
 16612	    -4389000	 0.058369669	24.047972489	53.615690386	159.627818749	 0.162134049	         0.000422653	         0.000000000	         0.000422653
 16613	    -4388000	 0.058627118	24.354649967	60.450122893	160.218061629	 0.169194954	         0.000494443	         0.000000000	         0.000494443
 16614	    -4387000	 0.058948792	24.677118083	67.500185906	160.836039452	 0.176951325	         0.000582982	         0.000000000	         0.000582982
 16615	    -4386000	 0.059175629	25.012672416	74.500680765	161.528030033	 0.185400202	         0.000705937	         0.000000498	         0.000706434
 16616	    -4385000	 0.059598663	25.359620640	81.502386603	162.178858208	 0.194560379	         0.000846384	         0.000008296	         0.000854680
 16617	    -4384000	 0.060226084	25.718749325	88.688981908	162.830025566	 0.204519113	         0.001023215	         0.000024811	         0.001048026
 16618	    -4383000	 0.060826230	26.086835271	95.840748343	163.447557763	 0.215255433	         0.001237234	         0.000051033	         0.001288266
 16619	    -4382000	 0.061629402	26.463378327	102.982033723	164.069307212	 0.226821841	         0.001516448	         0.000092735	         0.001609183
 16620	    -4381000	 0.062639669	26.848654216	110.122189833	164.665893330	 0.239300053	         0.001854399	         0.000150453	         0.002004853
 16621	    -4380000	 0.063583176	27.240020111	117.316602742	165.251657592	 0.252678537	         0.002309351	         0.000239452	         0.002548803
 16622	    -4379000	 0.064691224	27.638036036	124.338033238	165.810396062	 0.267051704	         0.002877990	         0.000362668	         0.003240658
 16623	    -4378000	 0.065919236	28.041647036	131.347727730	166.338493627	 0.282460147	         0.003586991	         0.000528451	         0.004115442
 16624	    -4377000	 0.067259469	28.449454929	138.411949968	166.851108089	 0.298701186	         0.004544294	         0.000776979	         0.005321273
 16625	    -4376000	 0.068512185	28.862133300	145.338426485	167.336598972	 0.315670981	         0.005772081	         0.001124820	         0.006896901
 16626	    -4375000	 0.069838080	29.277397719	152.273569075	167.804535661	 0.333274366	         0.007379538	         0.001625699	         0.009005237
 16627	    -4374000	 0.071341676	29.695172157	159.036362095	168.251967733	 0.351498650	         0.009483515	         0.002357582	         0.011841098
 16628	    -4373000	 0.072770847	30.115347818	165.986771159	168.661066471	 0.370325392	         0.012210587	         0.003414341	         0.015624928
 16629	    -4372000	 0.074174545	30.534896588	172.756646684	169.059665560	 0.389595854	         0.015782784	         0.004996197	         0.020778981
 16630	    -4371000	 0.075562651	30.954805158	179.473534505	169.448974432	 0.409325261	         0.020467860	         0.007431916	         0.027899776
 16631	    -4370000	 0.077149628	31.373900116	-173.736833735	169.830482517	 0.429424843	         0.026631341	         0.011545133	         0.038176474
 16632	    -4369000	 0.078453348	31.789151364	-167.067668135	170.195450208	 0.449706879	         0.034672866	         0.017726044	         0.052398910
 16633	    -4368000	 0.079893615	32.201671047	-160.391426569	170.572462848	 0.470178938	         0.045373221	         0.026440968	         0.071814188
 16634	    -4367000	 0.081325786	32.609827476	-153.683752969	170.946850865	 0.490711715	         0.059816624	         0.039092687	         0.098909312
 16635	    -4366000	 0.082555553	33.011838295	-146.964321143	171.355557568	 0.511163626	         0.080902868	         0.059087621	         0.139990490
 16636	    -4365000	 0.083825091	33.407579630	-140.341059225	171.810266726	 0.531475866	         0.111604605	         0.090381789	         0.201986395
 16637	    -4364000	 0.085153763	33.795862436	-133.622131885	172.148166088	 0.551536045	         0.139869582	         0.120027717	         0.259897299
 16638	    -4363000	 0.086528710	34.176823622	-126.814720333	172.429268103	 0.571302024	         0.168802628	         0.151284298	         0.320086926
 16639	    -4362000	 0.087718487	34.548913239	-120.092121157	172.711818815	 0.590647191	         0.199319293	         0.184941484	         0.384260777
 16640	    -4361000	 0.089046281	34.911629467	-113.327964817	172.968690171	 0.609503113	         0.231154067	         0.220621696	         0.451775764
 16641	    -4360000	 0.090497105	35.266096081	-106.630152881	173.211358241	 0.627890383	         0.263854184	         0.257745942	         0.521600126
 16642	    -4359000	 0.091899421	35.610586068	-99.857176685	173.444433323	 0.645686424	         0.295785460	         0.294185370	         0.589970830
 16643	    -4358000	 0.093256262	35.945505331	-93.187558183	173.699951311	 0.662884466	         0.327171337	         0.329950616	         0.657121953
 16644	    -4357000	 0.094663245	36.271159136	-86.588643183	173.949058609	 0.679477033	         0.356286840	         0.362995154	         0.719281995
 16645	    -4356000	 0.096041085	36.586300121	-79.933078844	174.222901100	 0.695382808	         0.383118338	         0.393164412	         0.776282750
 16646	    -4355000	 0.097244346	36.892234244	-73.396853630	174.510677577	 0.710654532	         0.405690825	         0.418226462	         0.823917287
 16647	    -4354000	 0.098437203	37.187637957	-66.921422345	174.810620343	 0.725217483	         0.423938905	         0.438245853	         0.862184759
 16648	    -4353000	 0.099619727	37.471828505	-60.356957304	175.119712487	 0.739035538	         0.436533956	         0.451704596	         0.888238551
 16649	    -4352000	 0.100416214	37.745841046	-53.845238674	175.477138511	 0.752160303	         0.444040343	         0.459398517	         0.903438860
 16650	    -4351000	 0.101248841	38.007105857	-47.360926035	175.853173638	 0.764475487	         0.446616654	         0.461525398	         0.908142052
 16651	    -4350000	 0.102022094	38.255611128	-40.861798333	176.241711206	 0.775993791	         0.444012623	         0.457817268	         0.901829891
 16652	    -4349000	 0.102570888	38.490768013	-34.239560188	176.665755528	 0.786705020	         0.435102493	         0.446811100	         0.881913593
 16653	    -4348000	 0.103043474	38.709530211	-27.685403632	177.118467725	 0.796494459	         0.422267952	         0.431112979	         0.853380932
 16654	    -4347000	 0.103401133	38.912821637	-21.075891634	177.578534262	 0.805431893	         0.405002497	         0.410193322	         0.815195819
 16655	    -4346000	 0.103885300	39.098442582	-14.398220381	178.068213522	 0.813451563	         0.384792239	         0.385648891	         0.770441129
 16656	    -4345000	 0.104100190	39.263644572	-7.752628371	178.566781557	 0.820471179	         0.361811274	         0.357869823	         0.719681097
 16657	    -4344000	 0.104329323	39.409741511	-1.020035233	179.086531905	 0.826583207	         0.337090476	         0.328075615	         0.665166091
 16658	    -4343000	 0.104612309	39.534376264	 5.641097349	179.611184484	 0.831724153	         0.312440616	         0.298578664	         0.611019279
 16659	    -4342000	 0.104742264	39.636460458	12.425141212	180.141653214	 0.835883482	         0.287141743	         0.268670942	         0.555812684
 16660	    -4341000	 0.104823563	39.716500643	19.117706837	180.643859568	 0.839111607	         0.262924748	         0.240497179	         0.503421926
 16661	    -4340000	 0.104865474	39.773330355	25.840449594	181.125139442	 0.841385730	         0.239780012	         0.214091880	         0.453871892
 16662	    -4339000	 0.105027230	39.808102247	32.618329157	181.597704565	 0.842769774	         0.218563907	         0.190367318	         0.408931225
 16663	    -4338000	 0.104789660	39.820119357	39.334974727	182.016121759	 0.843246782	         0.199450984	         0.169523008	         0.368973992
 16664	    -4337000	 0.104713109	39.809463518	46.038572166	182.390249486	 0.842823842	         0.182308934	         0.151308785	         0.333617719
 16665	    -4336000	 0.104614016	39.778440490	52.747774643	182.719931629	 0.841589485	         0.167556822	         0.136001887	         0.303558709
 16666	    -4335000	 0.104216112	39.725675104	59.480919179	182.973825220	 0.839479748	         0.155000722	         0.123319682	         0.278320404
 16667	    -4334000	 0.103816423	39.652155270	66.111701267	183.155755150	 0.836518780	         0.144603720	         0.113069027	         0.257672747
 16668	    -4333000	 0.103231545	39.559082921	72.778627269	183.261831136	 0.832735094	         0.136303871	         0.105070951	         0.241374823
 16669	    -4332000	 0.102576588	39.444949270	79.495564388	183.287575274	 0.828042372	         0.129740668	         0.098889937	         0.228630605
 16670	    -4331000	 0.101597444	39.311242959	86.149736617	183.222248348	 0.822472498	         0.125164706	         0.094682614	         0.219847320
 16671	    -4330000	 0.100539069	39.156643854	92.867011426	183.090648302	 0.815937488	         0.122217338	         0.092050836	         0.214268174
 16672	    -4329000	 0.099428991	38.980300827	99.623144293	182.858454323	 0.808363182	         0.120474656	         0.090611457	         0.211086114
 16673	    -4328000	 0.098082151	38.783392357	106.501061673	182.542488814	 0.799759921	         0.120141089	         0.090527300	         0.210668389
 16674	    -4327000	 0.096616013	38.562892768	113.366177265	182.148742787	 0.789951678	         0.120888395	         0.091500272	         0.212388667
 16675	    -4326000	 0.095187860	38.319122642	120.306400832	181.687517319	 0.778905267	         0.122481590	         0.093321824	         0.215803413
 16676	    -4325000	 0.093725659	38.052417698	127.396581813	181.151639413	 0.766590342	         0.124820415	         0.095925519	         0.220745934
 16677	    -4324000	 0.092228552	37.760184360	134.490555537	180.550426730	 0.752841596	         0.127370630	         0.098840525	         0.226211155
 16678	    -4323000	 0.090795854	37.444426818	141.602557064	179.910948943	 0.737712002	         0.130293406	         0.102181770	         0.232475176
 16679	    -4322000	 0.089600262	37.104327772	148.839528449	179.214174535	 0.721130031	         0.132865546	         0.105316769	         0.238182316
 16680	    -4321000	 0.088107967	36.738946731	155.992987210	178.473647645	 0.703025192	         0.134927113	         0.108038474	         0.242965587
 16681	    -4320000	 0.086825301	36.352059223	163.106841380	177.715792399	 0.683575558	         0.136145398	         0.109996220	         0.246141617
 16682	    -4319000	 0.085628150	35.942393128	170.197852267	176.906775758	 0.662725228	         0.135728772	         0.110417948	         0.246146719
 16683	    -4318000	 0.084242189	35.511254169	177.348377654	176.085640990	 0.640564574	         0.134035978	         0.109559652	         0.243595630
 16684	    -4317000	 0.082786161	35.062001831	-175.632904078	175.251966972	 0.617310389	         0.130309705	         0.106620197	         0.236929902
 16685	    -4316000	 0.081231160	34.594486293	-168.601394278	174.384533858	 0.593017241	         0.124030832	         0.101100378	         0.225131210
 16686	    -4315000	 0.079695944	34.111491531	-161.568323231	173.506239287	 0.567908221	         0.115152808	         0.092835745	         0.207988553
 16687	    -4314000	 0.077896759	33.613900234	-154.482107641	172.586663563	 0.542121776	         0.102485844	         0.080630484	         0.183116328
 16688	    -4313000	 0.076044062	33.103616025	-147.304345749	171.595214795	 0.515860035	         0.083395347	         0.061669331	         0.145064678
 16689	    -4312000	 0.074199228	32.583786989	-140.145117687	170.591257145	 0.489394288	         0.064387786	         0.043155156	         0.107542943
 16690	    -4311000	 0.072222860	32.052641208	-132.714368726	169.684171336	 0.462748372	         0.052219043	         0.032009817	         0.084228860
 16691	    -4310000	 0.070309213	31.512913097	-125.356631505	168.834005170	 0.436175824	         0.042436271	         0.023413127	         0.065849398
 16692	    -4309000	 0.068463985	30.967639200	-117.835189019	168.002051296	 0.409934895	         0.034334174	         0.016576662	         0.050910836
 16693	    -4308000	 0.066803989	30.414054517	-110.136640425	167.205517453	 0.383998737	         0.027671448	         0.011103067	         0.038774515
 16694	    -4307000	 0.064951128	29.855142689	-102.412050264	166.430323483	 0.358608931	         0.021915837	         0.007438586	         0.029354423
 16695	    -4306000	 0.063409202	29.292801929	-94.676836685	165.663896711	 0.333937299	         0.017130779	         0.004965365	         0.022096144
 16696	    -4305000	 0.062083562	28.725894430	-86.874317061	164.925216722	 0.310010099	         0.013331836	         0.003320863	         0.016652699
 16697	    -4304000	 0.060777003	28.157471387	-78.922042471	164.183133507	 0.287018691	         0.010129095	         0.002120108	         0.012249203
 16698	    -4303000	 0.059544988	27.587561932	-71.189439231	163.443462330	 0.265184653	         0.007566228	         0.001294828	         0.008861056
 16699	    -4302000	 0.058505869	27.018862647	-63.393209510	162.713496696	 0.245029151	         0.005589489	         0.000748195	         0.006337684
 16700	    -4301000	 0.057605050	26.454401163	-55.666203039	161.975713841	 0.226538983	         0.004052954	         0.000389410	         0.004442364
 16701	    -4300000	 0.056673924	25.893442476	-48.038214387	161.245243692	 0.209546104	         0.002898789	         0.000176289	         0.003075078
 16702	    -4299000	 0.055901710	25.341504109	-40.438173367	160.497004470	 0.194071054	         0.002021858	         0.000054884	         0.002076742
 16703	    -4298000	 0.055183148	24.801314813	-32.949045586	159.760910737	 0.180032617	         0.001402040	         0.000005805	         0.001407845
 16704	    -4297000	 0.054447305	24.273293308	-25.487879870	159.024517376	 0.167292378	         0.000951660	         0.000000000	         0.000951660
 16705	    -4296000	 0.053682408	23.763847852	-18.131191719	158.262933088	 0.155855630	         0.000626209	         0.000000000	         0.000626209
 16706	    -4295000	 0.053106037	23.274505943	-10.907207481	157.452316969	 0.145607057	         0.000397390	         0.000000000	         0.000397390
 16707	    -4294000	 0.052557624	22.807624430	-3.447009053	156.798284680	 0.136457754	         0.000256961	         0.000000000	         0.000256961
 16708	    -4293000	 0.051910975	22.369057675	 3.906652152	156.158585183	 0.128387662	         0.000161552	         0.000000000	         0.000161552
 16709	    -4292000	 0.051460824	21.959254211	11.147457549	155.542700126	 0.121278750	         0.000098774	         0.000000000	         0.000098774
 16710	    -4291000	 0.051311327	21.582135225	18.433268570	154.963965960	 0.115085125	         0.000058592	         0.000000000	         0.000058592
 16711	    -4290000	 0.051152595	21.240938691	25.793639044	154.418945758	 0.109754467	         0.000032432	         0.000000000	         0.000032432
 16712	    -4289000	 0.051259035	20.936539796	32.936126085	153.923680086	 0.105207471	         0.000016609	         0.000000000	         0.000016609
 16713	    -4288000	 0.051567692	20.673271451	39.924147859	153.499285973	 0.101427069	         0.000007472	         0.000000000	         0.000007472
 16714	    -4287000	 0.052139024	20.451305168	46.856022185	153.123941111	 0.098345491	         0.000002308	         0.000000000	         0.000002308
 16715	    -4286000	 0.052763678	20.272329020	53.398574776	152.821162468	 0.095929065	         0.000000118	         0.000000000	         0.000000118
 16716	    -4285000	 0.053610552	20.139383218	59.756045094	152.607542310	 0.094172626	         0.000000000	         0.000000000	         0.000000000
 16717	    -4284000	 0.054596083	20.050705101	65.865859046	152.489041514	 0.093018955	         0.000000000	         0.000000000	         0.000000000
 16718	    -4283000	 0.055449846	20.008305599	71.753513424	152.459644007	 0.092472357	         0.000000000	         0.000000000	         0.000000000
 16719	    -4282000	 0.056414549	20.012650278	77.447142368	152.551178135	 0.092528219	         0.000000000	         0.000000000	         0.000000000
 16720	    -4281000	 0.057325598	20.061396705	82.941168506	152.730069964	 0.093157296	         0.000000000	         0.000000000	         0.000000000
 16721	    -4280000	 0.058293091	20.156243612	88.527110477	152.992879170	 0.094393587	         0.000000000	         0.000000000	         0.000000000
 16722	    -4279000	 0.059018884	20.294397143	93.998678010	153.356731307	 0.096223776	         0.000000000	         0.000000000	         0.000000000
 16723	    -4278000	 0.059851337	20.474172123	99.436760824	153.789437537	 0.098658580	         0.000000552	         0.000000000	         0.000000552
 16724	    -4277000	 0.060851058	20.695910884	104.905639527	154.297924747	 0.101746751	         0.000003405	         0.000000000	         0.000003405
 16725	    -4276000	 0.061592628	20.955007392	110.617499770	154.842749065	 0.105477885	         0.000009012	         0.000000000	         0.000009012
 16726	    -4275000	 0.062525898	21.250584439	116.195010437	155.443133599	 0.109901720	         0.000018599	         0.000000000	         0.000018599
 16727	    -4274000	 0.063546368	21.580899680	121.871567214	156.089482857	 0.115065362	         0.000034314	         0.000000000	         0.000034314
 16728	    -4273000	 0.064633178	21.941595828	127.677491983	156.739406164	 0.120981434	         0.000057847	         0.000000000	         0.000057847
 16729	    -4272000	 0.065767432	22.332395278	133.392118914	157.416657009	 0.127735053	         0.000093699	         0.000000000	         0.000093699
 16730	    -4271000	 0.067058889	22.749847130	139.172891329	158.105384064	 0.135366245	         0.000146530	         0.000000000	         0.000146530
 16731	    -4270000	 0.068408675	23.190468975	144.975567657	158.789161151	 0.143916096	         0.000223420	         0.000000000	         0.000223420
 16732	    -4269000	 0.069708535	23.654026122	150.777141890	159.467722621	 0.153494527	         0.000332791	         0.000000000	         0.000332791
 16733	    -4268000	 0.071119375	24.136280639	156.488320294	160.271833092	 0.164136482	         0.000509413	         0.000000000	         0.000509413
 16734	    -4267000	 0.072626832	24.635297765	162.253593327	160.984878401	 0.175925686	         0.000750134	         0.000000000	         0.000750134
 16735	    -4266000	 0.074053752	25.149511477	168.073315245	161.674540283	 0.188960382	         0.001096928	         0.000011080	         0.001108008
 16736	    -4265000	 0.075407678	25.674945044	173.840267725	162.353001111	 0.203277622	         0.001591961	         0.000055918	         0.001647879
 16737	    -4264000	 0.076792858	26.210939550	179.524035878	162.997351365	 0.219000908	         0.002267300	         0.000148357	         0.002415657
 16738	    -4263000	 0.078268582	26.754151605	-174.662895208	163.632939246	 0.236177196	         0.003228794	         0.000321117	         0.003549911
 16739	    -4262000	 0.079509401	27.301237970	-168.856201729	164.251493945	 0.254837824	         0.004559451	         0.000615873	         0.005175324
 16740	    -4261000	 0.080693923	27.851910296	-163.050441463	164.840208942	 0.275109943	         0.006364222	         0.001085772	         0.007449993
 16741	    -4260000	 0.082026644	28.402994186	-157.270589730	165.411530446	 0.296824103	         0.008781938	         0.001814482	         0.010596420
 16742	    -4259000	 0.083021684	28.951421214	-151.337736628	165.969381069	 0.319411931	         0.012086746	         0.002983529	         0.015070276
 16743	    -4258000	 0.084064781	29.496169042	-145.479224667	166.512885323	 0.342754664	         0.016463943	         0.004813843	         0.021277787
 16744	    -4257000	 0.085078807	30.035523684	-139.503683388	167.048012712	 0.366711492	         0.022250457	         0.007752268	         0.030002725
 16745	    -4256000	 0.085974443	30.567668069	-133.410637178	167.571125369	 0.391120104	         0.029840472	         0.012878063	         0.042718535
 16746	    -4255000	 0.086774948	31.090012887	-127.345094279	168.101948801	 0.415766852	         0.039557841	         0.020819793	         0.060377634
 16747	    -4254000	 0.087665456	31.602285754	-121.157693826	168.626138857	 0.440537054	         0.052190301	         0.031737229	         0.083927530
 16748	    -4253000	 0.088671540	32.104535185	-114.952159809	169.155931032	 0.465331487	         0.068349548	         0.046585381	         0.114934929
 16749	    -4252000	 0.089488252	32.593659386	-108.622434421	169.703050157	 0.489893635	         0.089701843	         0.067493373	         0.157195216
 16750	    -4251000	 0.090440640	33.070112451	-102.337502899	170.302683544	 0.514144530	         0.121471751	         0.100849281	         0.222321032
 16751	    -4250000	 0.091401654	33.533923680	-96.117996440	170.923657957	 0.537991144	         0.162531518	         0.145861749	         0.308393268
 16752	    -4249000	 0.092479015	33.983764558	-89.734429339	171.423862174	 0.561277479	         0.194869475	         0.181510210	         0.376379685
 16753	    -4248000	 0.093402363	34.420412630	-83.492729524	171.907034638	 0.583964520	         0.225347463	         0.215324568	         0.440672031
 16754	    -4247000	 0.094352009	34.842499826	-77.238844041	172.374104331	 0.605911368	         0.253109904	         0.246229857	         0.499339761
 16755	    -4246000	 0.095350852	35.249985279	-71.039753247	172.816850338	 0.627056055	         0.277708237	         0.273610784	         0.551319020
 16756	    -4245000	 0.096056101	35.643950349	-64.807597409	173.267602673	 0.647404807	         0.298412970	         0.296461548	         0.594874518
 16757	    -4244000	 0.096739164	36.022073516	-58.683618603	173.732816261	 0.666798397	         0.316690125	         0.316465062	         0.633155187
 16758	    -4243000	 0.097394403	36.384344069	-52.495611225	174.194995047	 0.685208312	         0.330213525	         0.331034960	         0.661248485
 16759	    -4242000	 0.097756651	36.731272993	-46.218489128	174.670686128	 0.702642043	         0.339329663	         0.340445436	         0.679775099
 16760	    -4241000	 0.097981977	37.060689105	-40.037176029	175.176156798	 0.718982693	         0.344281215	         0.344999111	         0.689280326
 16761	    -4240000	 0.098198562	37.372737578	-33.766045129	175.675524068	 0.734240232	         0.345032299	         0.344699583	         0.689731882
 16762	    -4239000	 0.098324612	37.665995171	-27.414715131	176.182335983	 0.748357061	         0.340610795	         0.338399036	         0.679009831
 16763	    -4238000	 0.098237855	37.939352599	-21.042807845	176.706023531	 0.761301410	         0.332763768	         0.328096204	         0.660859972
 16764	    -4237000	 0.098143541	38.193378259	-14.615547207	177.244075931	 0.773127952	         0.322145157	         0.314569086	         0.636714243
 16765	    -4236000	 0.098079869	38.425774253	-8.187694054	177.789129945	 0.783763620	         0.308869328	         0.298026213	         0.606895541
 16766	    -4235000	 0.097857240	38.636342200	-1.647449303	178.328689672	 0.793238742	         0.293017317	         0.278728215	         0.571745532
 16767	    -4234000	 0.097578296	38.825448197	 4.905085437	178.896531423	 0.801609996	         0.276711326	         0.258995005	         0.535706331
 16768	    -4233000	 0.097353394	38.992068707	11.398971125	179.425579315	 0.808872534	         0.259748822	         0.238907873	         0.498656694
 16769	    -4232000	 0.097104392	39.136625667	18.053968686	179.956058135	 0.815084027	         0.242251886	         0.218532020	         0.460783906
 16770	    -4231000	 0.096650427	39.258714697	24.642700461	180.464638841	 0.820263350	         0.225849259	         0.199741944	         0.425591202
 16771	    -4230000	 0.096223899	39.359155581	31.261221002	180.939583009	 0.824477282	         0.210036384	         0.182010251	         0.392046635
 16772	    -4229000	 0.095897643	39.439250480	37.884469980	181.382924009	 0.827806556	         0.195645669	         0.166192501	         0.361838171
 16773	    -4228000	 0.095234406	39.497873375	44.582123057	181.781341338	 0.830225566	         0.182622604	         0.152185795	         0.334808399
 16774	    -4227000	 0.094681259	39.536747706	51.207858901	182.134273146	 0.831821305	         0.171336907	         0.140282599	         0.311619506
 16775	    -4226000	 0.094020956	39.557144443	57.837390592	182.427771019	 0.832655874	         0.161706698	         0.130331507	         0.292038205
 16776	    -4225000	 0.093269559	39.558198803	64.591715223	182.656543161	 0.832698965	         0.153544669	         0.122071084	         0.275615754
 16777	    -4224000	 0.092337778	39.541830733	71.190616916	182.813370785	 0.832029460	         0.147399223	         0.115940181	         0.263339404
 16778	    -4223000	 0.091341070	39.507809516	77.893833977	182.913074183	 0.830634068	         0.142873878	         0.111495393	         0.254369271
 16779	    -4222000	 0.090315435	39.456151545	84.609726030	182.927689794	 0.828505509	         0.139661844	         0.108420016	         0.248081860
 16780	    -4221000	 0.088939026	39.388178367	91.366312902	182.877349784	 0.825686872	         0.138398350	         0.107259722	         0.245658072
 16781	    -4220000	 0.087564336	39.302110783	98.169202323	182.746697323	 0.822089272	         0.138354459	         0.107332794	         0.245687253
 16782	    -4219000	 0.086059790	39.198569858	104.956353316	182.543792741	 0.817719606	         0.139603791	         0.108702735	         0.248306526
 16783	    -4218000	 0.084540866	39.077902531	111.970830837	182.285147756	 0.812570943	         0.142181277	         0.111406344	         0.253587621
 16784	    -4217000	 0.082743666	38.938166720	118.993413823	181.952454438	 0.806534982	         0.145942488	         0.115362479	         0.261304966
 16785	    -4216000	 0.081048411	38.780441447	126.103097209	181.573701043	 0.799629855	         0.150574903	         0.120266376	         0.270841279
 16786	    -4215000	 0.079438088	38.603903272	133.361188006	181.136726242	 0.791789425	         0.155916805	         0.126019635	         0.281936440
 16787	    -4214000	 0.077641223	38.407827953	140.705733158	180.656468723	 0.782948836	         0.161903678	         0.132560094	         0.294463772
 16788	    -4213000	 0.076055115	38.194019932	148.079064174	180.141517284	 0.773157566	         0.168008234	         0.139389251	         0.307397486
 16789	    -4212000	 0.074559533	37.960867886	155.546403748	179.593591846	 0.762310869	         0.174132405	         0.146398814	         0.320531219
 16790	    -4211000	 0.072926991	37.709208731	163.136517953	179.022763337	 0.750417649	         0.180049508	         0.153341421	         0.333390929
 16791	    -4210000	 0.071389613	37.440633221	170.606390326	178.440187367	 0.737528613	         0.185057878	         0.159444346	         0.344502223
 16792	    -4209000	 0.069953171	37.154586608	178.142902932	177.842864516	 0.723597793	         0.188922315	         0.164472240	         0.353394555
 16793	    -4208000	 0.068519040	36.852894186	-174.232847123	177.233548408	 0.708701016	         0.191521505	         0.168211151	         0.359732656
 16794	    -4207000	 0.066895573	36.535567222	-166.544875921	176.619061145	 0.692833452	         0.192236917	         0.169947051	         0.362183968
 16795	    -4206000	 0.065323305	36.203915747	-158.922759678	176.011886695	 0.676062887	         0.190723878	         0.169287210	         0.360011088
 16796	    -4205000	 0.063765504	35.859710613	-151.216955382	175.412427614	 0.658490508	         0.187233754	         0.166421881	         0.353655636
 16797	    -4204000	 0.062145367	35.501554427	-143.345921469	174.819609508	 0.640063976	         0.181376941	         0.160929149	         0.342306090
 16798	    -4203000	 0.060502032	35.131870467	-135.304056374	174.214790507	 0.620934724	         0.172951223	         0.152635631	         0.325586854
 16799	    -4202000	 0.058888108	34.751663545	-127.272241472	173.623732533	 0.601189994	         0.162046790	         0.141604772	         0.303651562
 16800	    -4201000	 0.057423240	34.358961429	-118.896014315	173.024420735	 0.580769158	         0.149016885	         0.128272499	         0.277289383
 16801	    -4200000	 0.055849302	33.956205567	-110.559152927	172.415981951	 0.559847663	         0.133279002	         0.112069735	         0.245348737
 16802	    -4199000	 0.054489494	33.543279026	-102.022853539	171.787633069	 0.538474083	         0.115204769	         0.093558236	         0.208763005
 16803	    -4198000	 0.053393086	33.119091321	-93.394883018	171.089861806	 0.516652835	         0.092655675	         0.070502027	         0.163157701
 16804	    -4197000	 0.052154940	32.685196315	-84.417520059	170.367409699	 0.494530054	         0.070277653	         0.048334710	         0.118612363
 16805	    -4196000	 0.051190051	32.240811140	-75.638242838	169.725287389	 0.472136625	         0.055538917	         0.034728716	         0.090267633
 16806	    -4195000	 0.050436206	31.786840630	-66.726822765	169.110314083	 0.449593075	         0.043958528	         0.024601393	         0.068559921
 16807	    -4194000	 0.049899424	31.323288739	-57.704633215	168.520266420	 0.426977060	         0.034893226	         0.017138946	         0.052032172
 16808	    -4193000	 0.049361240	30.849768883	-48.691707929	167.940615374	 0.404350369	         0.027368682	         0.011176858	         0.038545539
 16809	    -4192000	 0.049080888	30.369206127	-39.748511578	167.363523627	 0.381930947	         0.021276917	         0.007332853	         0.028609770
 16810	    -4191000	 0.048960062	29.880765715	-30.962919437	166.808289552	 0.359754443	         0.016462053	         0.004900343	         0.021362396
 16811	    -4190000	 0.048934698	29.384967049	-22.115892226	166.249960876	 0.337918303	         0.012577961	         0.003236757	         0.015814719
 16812	    -4189000	 0.049084898	28.885572809	-13.527402755	165.684836127	 0.316650680	         0.009549485	         0.002117459	         0.011666944
 16813	    -4188000	 0.049257494	28.381760574	-5.082779938	165.128399551	 0.295968511	         0.007211465	         0.001367738	         0.008579203
 16814	    -4187000	 0.049583462	27.875234530	 3.294108672	164.555978334	 0.276003316	         0.005365287	         0.000845016	         0.006210303
 16815	    -4186000	 0.049772095	27.368854522	11.490198604	163.987926932	 0.257244259	         0.003975057	         0.000502328	         0.004477385
 16816	    -4185000	 0.050108159	26.863027376	19.468134758	163.394023096	 0.239778621	         0.002913162	         0.000276819	         0.003189981
 16817	    -4184000	 0.050550358	26.360298388	27.401003811	162.797080193	 0.223595084	         0.002124140	         0.000138353	         0.002262493
 16818	    -4183000	 0.050941692	25.861150504	35.466298444	162.184634800	 0.208607647	         0.001526786	         0.000056529	         0.001583314
 16819	    -4182000	 0.051305674	25.368095150	43.135236871	161.554102114	 0.194789698	         0.001094895	         0.000015069	         0.001109964
 16820	    -4181000	 0.051900723	24.883538628	50.745957968	160.898065470	 0.182102033	         0.000772617	         0.000000000	         0.000772617
 16821	    -4180000	 0.052626096	24.406613655	58.373461476	160.190065973	 0.170421465	         0.000534620	         0.000000000	         0.000534620
 16822	    -4179000	 0.053319609	23.941185138	65.774153474	159.571764039	 0.159745195	         0.000375800	         0.000000000	         0.000375800
 16823	    -4178000	 0.054248123	23.488910010	72.920181336	158.945060373	 0.150011772	         0.000258768	         0.000000000	         0.000258768
 16824	    -4177000	 0.055257346	23.049503700	79.873709232	158.309280370	 0.141123627	         0.000176353	         0.000000000	         0.000176353
 16825	    -4176000	 0.056333600	22.627120216	86.585290407	157.686753073	 0.133076612	         0.000117979	         0.000000000	         0.000117979
 16826	    -4175000	 0.057469485	22.222346356	92.978133442	157.040906414	 0.125795984	         0.000075246	         0.000000000	         0.000075246
 16827	    -4174000	 0.058656771	21.836787522	99.044144937	156.416088057	 0.119231710	         0.000046744	         0.000000000	         0.000046744
 16828	    -4173000	 0.059775089	21.474392704	105.011864213	155.788498012	 0.113374428	         0.000027139	         0.000000000	         0.000027139
 16829	    -4172000	 0.060842876	21.135073861	110.670632301	155.181997928	 0.108151232	         0.000014352	         0.000000000	         0.000014352
 16830	    -4171000	 0.061838377	20.822637951	116.048461471	154.601670197	 0.103554905	         0.000006325	         0.000000000	         0.000006325
 16831	    -4170000	 0.062927696	20.539499475	121.315611959	154.057504480	 0.099558529	         0.000001674	         0.000000000	         0.000001674
 16832	    -4169000	 0.063719967	20.286288173	126.536402673	153.510048656	 0.096115379	         0.000000000	         0.000000000	         0.000000000
 16833	    -4168000	 0.064536718	20.067776168	131.527237446	153.053673122	 0.093239940	         0.000000000	         0.000000000	         0.000000000
 16834	    -4167000	 0.065345486	19.884268278	136.351972255	152.644805441	 0.090891689	         0.000000000	         0.000000000	         0.000000000
 16835	    -4166000	 0.066139871	19.738007581	141.364155083	152.285103860	 0.089062497	         0.000000000	         0.000000000	         0.000000000
 16836	    -4165000	 0.066796200	19.632649005	146.115779337	152.036429892	 0.087767695	         0.000000000	         0.000000000	         0.000000000
 16837	    -4164000	 0.067542498	19.567030191	150.846096375	151.853010417	 0.086970804	         0.000000000	         0.000000000	         0.000000000
 16838	    -4163000	 0.068351471	19.543956277	155.592359564	151.785674654	 0.086692312	         0.000000000	         0.000000000	         0.000000000
 16839	    -4162000	 0.069030325	19.564794324	160.261601994	151.799095108	 0.086943779	         0.000000000	         0.000000000	         0.000000000
 16840	    -4161000	 0.069847898	19.628053817	164.930825412	151.916598447	 0.087711653	         0.000000000	         0.000000000	         0.000000000
 16841	    -4160000	 0.070635941	19.735368483	169.540490966	152.111513336	 0.089029831	         0.000000000	         0.000000000	         0.000000000
 16842	    -4159000	 0.071420734	19.885259835	174.250852021	152.418542406	 0.090904217	         0.000000000	         0.000000000	         0.000000000
 16843	    -4158000	 0.072205991	20.077358684	178.838277883	152.777664181	 0.093364215	         0.000000372	         0.000000000	         0.000000372
 16844	    -4157000	 0.073058616	20.310815372	-176.516657240	153.206073901	 0.096443623	         0.000004013	         0.000000000	         0.000004013
 16845	    -4156000	 0.074048742	20.582044047	-171.830235418	153.689782701	 0.100149033	         0.000011861	         0.000000000	         0.000011861
 16846	    -4155000	 0.074789105	20.891881260	-167.092705402	154.201675431	 0.104556414	         0.000025814	         0.000000000	         0.000025814
 16847	    -4154000	 0.075658426	21.236696313	-162.463251072	154.768128502	 0.109689765	         0.000049754	         0.000000000	         0.000049754
 16848	    -4153000	 0.076573212	21.613081186	-157.787498730	155.349645977	 0.115581229	         0.000087312	         0.000000000	         0.000087312
 16849	    -4152000	 0.077381793	22.021067695	-152.968316329	155.946936900	 0.122325275	         0.000145690	         0.000000000	         0.000145690
 16850	    -4151000	 0.078075920	22.455536079	-148.240303940	156.712642585	 0.129940258	         0.000250425	         0.000000000	         0.000250425
 16851	    -4150000	 0.078792003	22.914991948	-143.491700998	157.410826390	 0.138509534	         0.000399790	         0.000000000	         0.000399790
 16852	    -4149000	 0.079374095	23.397313690	-138.560811109	158.090306879	 0.148113946	         0.000617787	         0.000000000	         0.000617787
 16853	    -4148000	 0.079790517	23.897225631	-133.646742707	158.769988979	 0.158772068	         0.000933820	         0.000000000	         0.000933820
 16854	    -4147000	 0.080212867	24.415161990	-128.647712051	159.441976255	 0.170624084	         0.001376401	         0.000000150	         0.001376551
 16855	    -4146000	 0.080528344	24.947225018	-123.471669475	160.118231413	 0.183721230	         0.002002283	         0.000037721	         0.002040003
 16856	    -4145000	 0.080658268	25.489200262	-118.188953712	160.776353872	 0.198096466	         0.002836202	         0.000137853	         0.002974054
 16857	    -4144000	 0.080850396	26.042012474	-112.807961969	161.446480182	 0.213918481	         0.003990472	         0.000339265	         0.004329737
 16858	    -4143000	 0.081034945	26.601171106	-107.343128649	162.114017728	 0.231208075	         0.005499907	         0.000672619	         0.006172526
 16859	    -4142000	 0.081193812	27.164996635	-101.630267288	162.779466975	 0.250057230	         0.007472356	         0.001199182	         0.008671538
 16860	    -4141000	 0.081352128	27.732976316	-95.888519433	163.436412499	 0.270599262	         0.009994809	         0.001986624	         0.011981433
 16861	    -4140000	 0.081518843	28.301067215	-90.130723919	164.103317565	 0.292730101	         0.013142132	         0.003121016	         0.016263148
 16862	    -4139000	 0.081965398	28.870116566	-84.217857238	164.768377731	 0.316004468	         0.017134744	         0.004807422	         0.021942166
 16863	    -4138000	 0.082157127	29.437908153	-78.274687715	165.450613256	 0.340216312	         0.021952626	         0.007207710	         0.029160335
 16864	    -4137000	 0.082486318	30.001678463	-72.344939187	166.131611126	 0.365184409	         0.027701357	         0.010666628	         0.038367985
 16865	    -4136000	 0.082867215	30.562671592	-66.451213150	166.841956660	 0.390887537	         0.034603555	         0.016137520	         0.050741076
 16866	    -4135000	 0.083089430	31.117750369	-60.417462486	167.586378002	 0.417093472	         0.042982316	         0.023239571	         0.066221888
 16867	    -4134000	 0.083267183	31.666026280	-54.506591230	168.349097616	 0.443657252	         0.052880880	         0.031924912	         0.084805792
 16868	    -4133000	 0.083428772	32.206989167	-48.525708875	169.142552609	 0.470444788	         0.064856540	         0.042856744	         0.107713283
 16869	    -4132000	 0.083522814	32.737416834	-42.467805820	169.991716090	 0.497180177	         0.080128169	         0.057410177	         0.137538346
 16870	    -4131000	 0.083305750	33.258317147	-36.445307293	170.971359367	 0.523796502	         0.105153943	         0.082753275	         0.187907219
 16871	    -4130000	 0.083185063	33.766632980	-30.355083937	171.853540611	 0.550022390	         0.123833531	         0.101601590	         0.225435120
 16872	    -4129000	 0.082941189	34.259608497	-24.245071497	172.678939936	 0.575604137	         0.137667001	         0.115313998	         0.252980999
 16873	    -4128000	 0.082478692	34.738940908	-17.976089702	173.487732411	 0.600528579	         0.148050303	         0.125374504	         0.273424808
 16874	    -4127000	 0.082003301	35.200312725	-11.723010274	174.265857934	 0.624482702	         0.155631228	         0.132498631	         0.288129860
 16875	    -4126000	 0.081417731	35.642295369	-5.394514341	175.039174929	 0.647319594	         0.161101454	         0.137362941	         0.298464395
 16876	    -4125000	 0.080866713	36.065576763	 1.075767919	175.803177294	 0.669018841	         0.164540240	         0.140085015	         0.304625254
 16877	    -4124000	 0.080068520	36.466207351	 7.625627561	176.539845774	 0.689340861	         0.166035221	         0.140794452	         0.306829673
 16878	    -4123000	 0.079334975	36.844813341	14.153963424	177.264114558	 0.708299354	         0.166573421	         0.140521497	         0.307094918
 16879	    -4122000	 0.078672313	37.200607897	20.872738636	177.955915424	 0.725852383	         0.165589071	         0.138728093	         0.304317163
 16880	    -4121000	 0.077810010	37.530988023	27.708780327	178.611007764	 0.741886342	         0.163680917	         0.136055633	         0.299736550
 16881	    -4120000	 0.077008157	37.838158099	34.499568718	179.233262612	 0.756534899	         0.161874675	         0.133552456	         0.295427130
 16882	    -4119000	 0.076292415	38.120319836	41.367341800	179.814654022	 0.769747499	         0.159737600	         0.130781572	         0.290519172
 16883	    -4118000	 0.075494798	38.377031043	48.396423420	180.339432997	 0.781548029	         0.157511722	         0.128023937	         0.285535660
 16884	    -4117000	 0.074726865	38.610389424	55.329225181	180.806903777	 0.792079523	         0.155935734	         0.126002031	         0.281937765
 16885	    -4116000	 0.073958413	38.818117973	62.316081540	181.213444354	 0.801288018	         0.154788346	         0.124480546	         0.279268892
 16886	    -4115000	 0.073206214	39.001744508	69.369489258	181.560213174	 0.809290922	         0.154392999	         0.123761718	         0.278154717
 16887	    -4114000	 0.072225150	39.162017765	76.358254585	181.840058352	 0.816166319	         0.155261144	         0.124359435	         0.279620579
 16888	    -4113000	 0.071271989	39.296714996	83.363923484	182.052095112	 0.821862675	         0.156999274	         0.125868099	         0.282867372
 16889	    -4112000	 0.070300595	39.408089129	90.360764829	182.184218541	 0.826514592	         0.159681453	         0.128402858	         0.288084311
 16890	    -4111000	 0.069060654	39.495353150	97.529852424	182.248540256	 0.830121883	         0.163772674	         0.132413624	         0.296186298
 16891	    -4110000	 0.067736008	39.557141680	104.694276502	182.244863598	 0.832655761	         0.169119909	         0.137775493	         0.306895402
 16892	    -4109000	 0.066281919	39.595095703	111.878783061	182.160676301	 0.834203762	         0.175461672	         0.144291624	         0.319753296
 16893	    -4108000	 0.064941757	39.607218178	119.297380682	182.030740802	 0.834696827	         0.182973733	         0.152123150	         0.335096883
 16894	    -4107000	 0.063303434	39.594008831	126.911311717	181.834642108	 0.834159522	         0.191781160	         0.161486855	         0.353268015
 16895	    -4106000	 0.061787032	39.556027713	134.631548690	181.577787316	 0.832610229	         0.201209396	         0.171728727	         0.372938124
 16896	    -4105000	 0.060371278	39.490907124	142.465043741	181.276196152	 0.829938903	         0.211295732	         0.182874545	         0.394170277
 16897	    -4104000	 0.058891894	39.400711258	150.665108615	180.935051319	 0.826208084	         0.222212395	         0.195163600	         0.417375995
 16898	    -4103000	 0.057629583	39.285330406	158.754169826	180.560278340	 0.821384171	         0.232741407	         0.207254662	         0.439996069
 16899	    -4102000	 0.056527479	39.143957144	167.069672365	180.153918570	 0.815396791	         0.243137740	         0.219431949	         0.462569689
 16900	    -4101000	 0.055495532	38.978996912	175.530537855	179.718852529	 0.808306710	         0.252887651	         0.231122997	         0.484010648
 16901	    -4100000	 0.054434165	38.789467027	-176.124929087	179.277419215	 0.800027568	         0.261330573	         0.241441618	         0.502772191
 16902	    -4099000	 0.053593110	38.577349276	-167.727697161	178.812429398	 0.790600191	         0.267940331	         0.249863633	         0.517803963
 16903	    -4098000	 0.052810226	38.344746573	-159.342550632	178.363602652	 0.780076071	         0.272977825	         0.256506036	         0.529483861
 16904	    -4097000	 0.052019008	38.090179827	-150.707333028	177.891782960	 0.768347918	         0.275503369	         0.260391006	         0.535894375
 16905	    -4096000	 0.051154961	37.817356976	-142.238146705	177.436035955	 0.755551360	         0.275049804	         0.260808315	         0.535858119
 16906	    -4095000	 0.050382553	37.527445946	-133.685283364	176.977383722	 0.741715915	         0.271828522	         0.258083744	         0.529912266
 16907	    -4094000	 0.049740691	37.219533494	-125.011866178	176.532852262	 0.726778112	         0.265977263	         0.252261781	         0.518239044
 16908	    -4093000	 0.049018861	36.897066527	-116.156007870	176.070692843	 0.710894270	         0.256700415	         0.242536972	         0.499237388
 16909	    -4092000	 0.048414781	36.559797448	-107.297624855	175.632692643	 0.694051600	         0.245168336	         0.230182195	         0.475350531
 16910	    -4091000	 0.047989677	36.208336387	-98.313624224	175.173445446	 0.676287538	         0.230799644	         0.214707947	         0.445507590
 16911	    -4090000	 0.047543343	35.844855901	-89.168425007	174.734172943	 0.657728865	         0.213902398	         0.196391590	         0.410293989
 16912	    -4089000	 0.047272431	35.468134471	-80.134787163	174.292130635	 0.638338607	         0.195150144	         0.176133991	         0.371284135
 16913	    -4088000	 0.047268858	35.079889832	-71.138955774	173.842871531	 0.618238520	         0.175045679	         0.154610673	         0.329656352
 16914	    -4087000	 0.047364918	34.680533404	-61.834247565	173.382825109	 0.597491802	         0.153811867	         0.132213567	         0.286025434
 16915	    -4086000	 0.047453483	34.269637248	-52.819135717	172.910745701	 0.576125414	         0.132408900	         0.110037701	         0.242446601
 16916	    -4085000	 0.047811922	33.849600839	-43.971634890	172.422453090	 0.554320166	         0.111161013	         0.088501656	         0.199662669
 16917	    -4084000	 0.048325967	33.419403698	-35.167096336	171.887519088	 0.532085047	         0.089687647	         0.067323834	         0.157011481
 16918	    -4083000	 0.048920363	32.980277610	-26.407806593	171.242621622	 0.509550801	         0.065268812	         0.043841496	         0.109110308
 16919	    -4082000	 0.049605567	32.534988844	-17.860977550	170.660804366	 0.486928116	         0.048942311	         0.029294035	         0.078236345
 16920	    -4081000	 0.050306982	32.081923257	-9.587052486	170.121049832	 0.464205366	         0.037409505	         0.019749098	         0.057158603
 16921	    -4080000	 0.051216256	31.623343541	-1.355995654	169.617073235	 0.441566974	         0.028812625	         0.013078051	         0.041890676
 16922	    -4079000	 0.052043969	31.161887919	 6.585003805	169.113453074	 0.419208030	         0.022148722	         0.008323210	         0.030471932
 16923	    -4078000	 0.052860409	30.696974515	14.381362669	168.627414162	 0.397160370	         0.017067184	         0.005548405	         0.022615589
 16924	    -4077000	 0.053807483	30.230556428	21.990587909	168.142300500	 0.375571320	         0.013126981	         0.003739936	         0.016866918
 16925	    -4076000	 0.054516778	29.763682405	29.627361019	167.664312281	 0.354534973	         0.010104803	         0.002538704	         0.012643507
 16926	    -4075000	 0.055268757	29.298097750	36.913883671	167.172224978	 0.334165370	         0.007755158	         0.001708268	         0.009463426
 16927	    -4074000	 0.056007817	28.835086815	44.166048189	166.676954375	 0.314542618	         0.005983658	         0.001154749	         0.007138408
 16928	    -4073000	 0.056827915	28.373685851	51.502521464	166.176289693	 0.295643521	         0.004607082	         0.000767982	         0.005375064
 16929	    -4072000	 0.057397998	27.917057937	58.644321154	165.652005634	 0.277612521	         0.003552607	         0.000500644	         0.004053251
 16930	    -4071000	 0.058140549	27.465854838	65.639673113	165.122919187	 0.260736183	         0.002748552	         0.000317599	         0.003066151
 16931	    -4070000	 0.058980237	27.018784027	72.580048213	164.589914754	 0.245026473	         0.002137180	         0.000195141	         0.002332321
 16932	    -4069000	 0.059699532	26.578656847	79.521636177	164.029413743	 0.230485645	         0.001656051	         0.000110644	         0.001766695
 16933	    -4068000	 0.060556259	26.145396840	86.173789374	163.456452854	 0.217014775	         0.001285696	         0.000056028	         0.001341724
 16934	    -4067000	 0.061361382	25.719235280	92.720151871	162.878405774	 0.204532929	         0.001009038	         0.000024434	         0.001033472
 16935	    -4066000	 0.062266374	25.301971359	99.158040399	162.279353604	 0.193007548	         0.000786234	         0.000005831	         0.000792065
 16936	    -4065000	 0.063084852	24.892824472	105.341957488	161.662542978	 0.182337229	         0.000615311	         0.000000000	         0.000615311
 16937	    -4064000	 0.063888525	24.493716421	111.379022172	160.989178737	 0.172497348	         0.000476048	         0.000000000	         0.000476048
 16938	    -4063000	 0.064707297	24.105781734	117.264754362	160.395328598	 0.163442123	         0.000373303	         0.000000000	         0.000373303
 16939	    -4062000	 0.065374666	23.728483984	123.109903818	159.784229046	 0.155091389	         0.000291265	         0.000000000	         0.000291265
 16940	    -4061000	 0.065906943	23.364290409	128.631611069	159.173384062	 0.147435626	         0.000227469	         0.000000000	         0.000227469
 16941	    -4060000	 0.066538817	23.013681834	134.121803016	158.573708038	 0.140422685	         0.000176892	         0.000000000	         0.000176892
 16942	    -4059000	 0.067008538	22.677563426	139.648869054	157.977257688	 0.134012971	         0.000137763	         0.000000000	         0.000137763
 16943	    -4058000	 0.067339913	22.358012303	144.953144192	157.385355975	 0.128190699	         0.000105647	         0.000000000	         0.000105647
 16944	    -4057000	 0.067716712	22.054879647	150.136860652	156.822390935	 0.122901540	         0.000080643	         0.000000000	         0.000080643
 16945	    -4056000	 0.068116035	21.770468510	155.384044822	156.260011138	 0.118137642	         0.000060146	         0.000000000	         0.000060146
 16946	    -4055000	 0.068324957	21.506127925	160.486548296	155.732424913	 0.113875650	         0.000045377	         0.000000000	         0.000045377
 16947	    -4054000	 0.068549024	21.261917611	165.493716642	155.221927686	 0.110074986	         0.000033055	         0.000000000	         0.000033055
 16948	    -4053000	 0.068859201	21.040047552	170.419068528	154.750386888	 0.106732093	         0.000024217	         0.000000000	         0.000024217
 16949	    -4052000	 0.068997651	20.841252922	175.359375642	154.321858077	 0.103823198	         0.000017394	         0.000000000	         0.000017394
 16950	    -4051000	 0.069174501	20.666681723	-179.836981681	153.906625843	 0.101334207	         0.000012167	         0.000000000	         0.000012167
 16951	    -4050000	 0.069299551	20.517136424	-175.085737007	153.571440496	 0.099249536	         0.000008948	         0.000000000	         0.000008948
 16952	    -4049000	 0.069458726	20.392984150	-170.307331612	153.261810726	 0.097551464	         0.000006443	         0.000000000	         0.000006443
 16953	    -4048000	 0.069503310	20.296314200	-165.633658976	153.005195980	 0.096249421	         0.000004844	         0.000000000	         0.000004844
 16954	    -4047000	 0.069565566	20.226553814	-160.970100408	152.813181037	 0.095320630	         0.000003998	         0.000000000	         0.000003998
 16955	    -4046000	 0.069761914	20.183906370	-156.386174868	152.675978929	 0.094757241	         0.000003678	         0.000000000	         0.000003678
 16956	    -4045000	 0.069785538	20.170251005	-151.636504354	152.570236326	 0.094577553	         0.000003737	         0.000000000	         0.000003737
 16957	    -4044000	 0.069858733	20.184117379	-147.151803022	152.545311640	 0.094760020	         0.000004448	         0.000000000	         0.000004448
 16958	    -4043000	 0.069994937	20.226261680	-142.678787152	152.587684183	 0.095316759	         0.000005942	         0.000000000	         0.000005942
 16959	    -4042000	 0.070146479	20.296985339	-138.044539371	152.687227495	 0.096258400	         0.000008564	         0.000000000	         0.000008564
 16960	    -4041000	 0.070142270	20.394668607	-133.613180708	152.817286341	 0.097574307	         0.000012179	         0.000000000	         0.000012179
 16961	    -4040000	 0.070180912	20.520473021	-129.172048186	153.017954862	 0.099295577	         0.000017985	         0.000000000	         0.000017985
 16962	    -4039000	 0.070217404	20.672956569	-124.701657022	153.257833178	 0.101422630	         0.000026356	         0.000000000	         0.000026356
 16963	    -4038000	 0.070073169	20.851263942	-120.215573337	153.536735512	 0.103967772	         0.000038137	         0.000000000	         0.000038137
 16964	    -4037000	 0.069946376	21.055744062	-115.770614645	153.847358778	 0.106965217	         0.000054543	         0.000000000	         0.000054543
 16965	    -4036000	 0.069723957	21.284328063	-111.227020198	154.198934335	 0.110418410	         0.000077859	         0.000000000	         0.000077859
 16966	    -4035000	 0.069445359	21.536885233	-106.542406984	154.587941023	 0.114363541	         0.000110508	         0.000000000	         0.000110508
 16967	    -4034000	 0.069044985	21.812366648	-101.872573310	155.010287690	 0.118827664	         0.000155141	         0.000000000	         0.000155141
 16968	    -4033000	 0.068705744	22.109064348	-97.100813199	155.577426294	 0.123830689	         0.000228851	         0.000000000	         0.000228851
 16969	    -4032000	 0.068356375	22.427164441	-92.163695438	156.096632368	 0.129428828	         0.000318722	         0.000000000	         0.000318722
 16970	    -4031000	 0.067918800	22.764373598	-87.104988019	156.613364613	 0.135639850	         0.000433925	         0.000000000	         0.000433925
 16971	    -4030000	 0.067467489	23.119923806	-82.074149227	157.145947569	 0.142511784	         0.000581745	         0.000000000	         0.000581745
 16972	    -4029000	 0.067215866	23.493472496	-76.918660661	157.679580942	 0.150106937	         0.000765587	         0.000000000	         0.000765587
 16973	    -4028000	 0.066761940	23.882181792	-71.556724136	158.252933907	 0.158440408	         0.001008425	         0.000000000	         0.001008425
 16974	    -4027000	 0.066322903	24.286576043	-66.224620418	158.838896144	 0.167601535	         0.001302927	         0.000000000	         0.001302927
 16975	    -4026000	 0.065992211	24.704864727	-60.885752988	159.428153322	 0.177635105	         0.001655711	         0.000008816	         0.001664527
 16976	    -4025000	 0.065599770	25.134821746	-55.272651053	160.050743399	 0.188574943	         0.002096941	         0.000047513	         0.002144454
 16977	    -4024000	 0.065100547	25.577220615	-49.749922914	160.691835036	 0.200535030	         0.002628250	         0.000118876	         0.002747126
 16978	    -4023000	 0.064674221	26.029082209	-44.097443783	161.342196712	 0.213534349	         0.003249554	         0.000227346	         0.003476900
 16979	    -4022000	 0.064216587	26.489680916	-38.361698984	162.011810058	 0.227652633	         0.003991983	         0.000384278	         0.004376261
 16980	    -4021000	 0.063619708	26.958899616	-32.511416933	162.709007645	 0.242995354	         0.004851576	         0.000596093	         0.005447669
 16981	    -4020000	 0.063096981	27.433116783	-26.619143714	163.412822621	 0.259552375	         0.005824576	         0.000862860	         0.006687436
 16982	    -4019000	 0.062515649	27.912587450	-20.715742388	164.135348726	 0.277440067	         0.006927939	         0.001196431	         0.008124370
 16983	    -4018000	 0.061907869	28.396058969	-14.535067117	164.883895309	 0.296544497	         0.008187932	         0.001613657	         0.009801588
 16984	    -4017000	 0.061190780	28.880354605	-8.464792417	165.643740822	 0.316432429	         0.009633977	         0.002140191	         0.011774168
 16985	    -4016000	 0.060414994	29.365856048	-2.282917420	166.423713060	 0.337090766	         0.011243598	         0.002776763	         0.014020362
 16986	    -4015000	 0.059729467	29.850057395	 4.025104241	167.222346717	 0.358381803	         0.013093179	         0.003577893	         0.016671072
 16987	    -4014000	 0.058730913	30.331565106	10.505526621	168.027968951	 0.380199467	         0.015131712	         0.004552142	         0.019683853
 16988	    -4013000	 0.057778241	30.809592201	16.965990959	168.847761984	 0.402454352	         0.017537831	         0.005822422	         0.023360253
 16989	    -4012000	 0.056814148	31.281189120	23.591463849	169.669406667	 0.424945124	         0.020267379	         0.007443696	         0.027711075
 16990	    -4011000	 0.055792557	31.747093452	30.572268210	170.509114538	 0.447637122	         0.023477374	         0.009766614	         0.033243987
 16991	    -4010000	 0.054609497	32.205097982	37.515824003	171.352110376	 0.470350243	         0.027485918	         0.012955718	         0.040441636
 16992	    -4009000	 0.053589955	32.652950546	44.677854953	172.210843758	 0.492895461	         0.032648243	         0.017076794	         0.049725037
 16993	    -4008000	 0.052550038	33.092205119	52.106216221	173.117297436	 0.515275619	         0.040697390	         0.023762831	         0.064460220
 16994	    -4007000	 0.051487604	33.520143143	59.621581061	173.995139125	 0.537279892	         0.050162748	         0.031794037	         0.081956785
 16995	    -4006000	 0.050602338	33.935687093	67.273537956	174.734789281	 0.558783345	         0.057614892	         0.038059657	         0.095674549
 16996	    -4005000	 0.049743194	34.339919132	75.064544285	175.396823813	 0.579779085	         0.064755894	         0.044063852	         0.108819746
 16997	    -4004000	 0.048865735	34.730112614	82.987048243	175.990108881	 0.600069604	         0.072130811	         0.050324913	         0.122455724
 16998	    -4003000	 0.048047465	35.106652200	90.871358142	176.497971151	 0.619626829	         0.079743669	         0.056878652	         0.136622321
 16999	    -4002000	 0.047298772	35.468655116	98.745347868	176.958726343	 0.638365493	         0.088217445	         0.064286072	         0.152503517
 17000	    -4001000	 0.046561410	35.814084806	106.903008721	177.358439467	 0.656150362	         0.097450327	         0.072526744	         0.169977071
 17001	    -4000000	 0.045657674	36.144268546	115.149566841	177.682385340	 0.673028966	         0.107783172	         0.081962226	         0.189745398
 17002	    -3999000	 0.044763843	36.456041094	123.299398448	177.948095949	 0.688828257	         0.119037500	         0.092493278	         0.211530778
 17003	    -3998000	 0.043996361	36.748674690	131.653080508	178.166782460	 0.703510745	         0.131425275	         0.104351194	         0.235776469
 17004	    -3997000	 0.043128214	37.022927555	140.411649004	178.327685283	 0.717121138	         0.145265715	         0.117959961	         0.263225677
 17005	    -3996000	 0.042291156	37.275056585	149.241561999	178.417333404	 0.729489066	         0.159994324	         0.132841355	         0.292835679
 17006	    -3995000	 0.041579108	37.505379925	158.240359338	178.484795364	 0.740653456	         0.176114943	         0.149487336	         0.325602279
 17007	    -3994000	 0.041008586	37.713407054	167.675157849	178.506378260	 0.750617562	         0.193418831	         0.167798804	         0.361217634
 17008	    -3993000	 0.040499415	37.896331546	177.007754310	178.497551985	 0.759278745	         0.211190243	         0.186987215	         0.398177458
 17009	    -3992000	 0.040271355	38.055692577	-173.498682142	178.451051514	 0.766742943	         0.229484228	         0.207171494	         0.436655723
 17010	    -3991000	 0.040273105	38.189818409	-163.853817603	178.385837322	 0.772963636	         0.247943648	         0.227891189	         0.475834837
 17011	    -3990000	 0.040230293	38.297503249	-154.172915206	178.297749283	 0.777915714	         0.266037394	         0.248509705	         0.514547099
 17012	    -3989000	 0.040482777	38.380719204	-144.701037671	178.199923136	 0.781715958	         0.283064766	         0.268126642	         0.551191408
 17013	    -3988000	 0.040827642	38.437609077	-135.333880368	178.095369193	 0.784300324	         0.298703999	         0.286314231	         0.585018231
 17014	    -3987000	 0.041473940	38.469138066	-125.930441879	177.977580952	 0.785727764	         0.312880775	         0.302957156	         0.615837931
 17015	    -3986000	 0.041983303	38.475672792	-116.682978881	177.852226236	 0.786023181	         0.323954215	         0.315989819	         0.639944034
 17016	    -3985000	 0.042613926	38.456589092	-107.584970467	177.715715441	 0.785160040	         0.332002459	         0.325591695	         0.657594154
 17017	    -3984000	 0.043376906	38.413924574	-98.796105919	177.584052534	 0.783225755	         0.336656168	         0.331262240	         0.667918409
 17018	    -3983000	 0.044191387	38.346152283	-89.748771924	177.449935498	 0.780140236	         0.337471498	         0.332454730	         0.669926228
 17019	    -3982000	 0.044983885	38.253761337	-81.112877600	177.306335302	 0.775908792	         0.333781297	         0.328387538	         0.662168835
 17020	    -3981000	 0.045897772	38.138861858	-72.464792827	177.181195898	 0.770607077	         0.326606951	         0.320222778	         0.646829729
 17021	    -3980000	 0.046831543	37.999541042	-63.839180146	177.047965242	 0.764121792	         0.315321549	         0.307322307	         0.622643857
 17022	    -3979000	 0.047672649	37.836607572	-55.425607788	176.925986781	 0.756461629	         0.300367697	         0.290210107	         0.590577803
 17023	    -3978000	 0.048661957	37.650962275	-47.180024363	176.786263679	 0.747639015	         0.283309669	         0.270816689	         0.554126358
 17024	    -3977000	 0.049778643	37.441346967	-38.823525999	176.661528646	 0.737563120	         0.264296518	         0.249256782	         0.513553301
 17025	    -3976000	 0.050799959	37.209732079	-30.485252699	176.536595985	 0.726298790	         0.243377245	         0.225661241	         0.469038486
 17026	    -3975000	 0.051875326	36.955077053	-22.461832104	176.400448035	 0.713768474	         0.221670887	         0.201496147	         0.423167034
 17027	    -3974000	 0.053068516	36.677666087	-14.490518228	176.257000189	 0.699962329	         0.199598689	         0.177316087	         0.376914776
 17028	    -3973000	 0.054426926	36.379887081	-6.598518932	176.102840603	 0.684983006	         0.177695231	         0.153786644	         0.331481875
 17029	    -3972000	 0.055688454	36.060327454	 1.136594228	175.946563770	 0.668751043	         0.156561220	         0.131604438	         0.288165658
 17030	    -3971000	 0.056984327	35.720975384	 8.683645544	175.756993200	 0.651367823	         0.136364841	         0.111006712	         0.247371553
 17031	    -3970000	 0.058334146	35.363044566	16.017517347	175.534569457	 0.632907549	         0.117516956	         0.092384395	         0.209901351
 17032	    -3969000	 0.059636460	34.986890514	23.282880003	175.289514652	 0.613411706	         0.100161427	         0.075791414	         0.175952842
 17033	    -3968000	 0.060793218	34.595744855	30.320007275	175.001627611	 0.593082692	         0.084525391	         0.061381057	         0.145906449
 17034	    -3967000	 0.061996578	34.189061836	37.165124141	174.654852611	 0.571937902	         0.070234313	         0.048702005	         0.118936318
 17035	    -3966000	 0.063011297	33.768238483	44.135594070	174.253655394	 0.550105518	         0.057175511	         0.037539726	         0.094715237
 17036	    -3965000	 0.063805157	33.337377754	50.854386593	173.763856202	 0.527861542	         0.045129365	         0.027599999	         0.072729364
 17037	    -3964000	 0.064580449	32.895325138	57.498483721	173.104570629	 0.505215314	         0.032277784	         0.017226598	         0.049504381
 17038	    -3963000	 0.065378393	32.443706792	64.200692761	172.511367506	 0.482324209	         0.024397704	         0.011359194	         0.035756898
 17039	    -3962000	 0.065868332	31.985423945	70.904748742	171.933773972	 0.459409508	         0.019011942	         0.007530210	         0.026542151
 17040	    -3961000	 0.066422738	31.520049674	77.501195443	171.343276257	 0.436523481	         0.014992483	         0.005170517	         0.020163000
 17041	    -3960000	 0.066957587	31.049670440	84.036370529	170.737827274	 0.413840471	         0.011957888	         0.003676253	         0.015634142
 17042	    -3959000	 0.067484523	30.574516950	90.684020965	170.115322925	 0.391438995	         0.009615936	         0.002656965	         0.012272900
 17043	    -3958000	 0.067979140	30.095608154	97.104847643	169.477019844	 0.369430116	         0.007767300	         0.001924505	         0.009691805
 17044	    -3957000	 0.068436593	29.615385971	103.505078428	168.818861225	 0.347979331	         0.006338876	         0.001410464	         0.007749340
 17045	    -3956000	 0.069049145	29.132776133	109.792930676	168.139131127	 0.327084839	         0.005195094	         0.001032110	         0.006227204
 17046	    -3955000	 0.069450251	28.649616542	115.959652683	167.428156976	 0.306865761	         0.004259942	         0.000744078	         0.005004021
 17047	    -3954000	 0.069886181	28.167989308	121.995619357	166.709469254	 0.287434789	         0.003521713	         0.000535117	         0.004056830
 17048	    -3953000	 0.070278379	27.687787575	127.849163768	165.967187258	 0.268904891	         0.002898912	         0.000370433	         0.003269344
 17049	    -3952000	 0.070625433	27.211343133	133.750146230	165.220006770	 0.251673339	         0.002391946	         0.000247294	         0.002639240
 17050	    -3951000	 0.070714165	26.739472010	139.378000542	164.464804334	 0.235695776	         0.001983805	         0.000159255	         0.002143060
 17051	    -3950000	 0.070907576	26.273587073	144.953965457	163.706369191	 0.220916297	         0.001636992	         0.000093384	         0.001730376
 17052	    -3949000	 0.071066366	25.816672166	150.518179390	162.952193282	 0.207321911	         0.001349846	         0.000047905	         0.001397750
 17053	    -3948000	 0.070908455	25.368272717	155.944413788	162.188418498	 0.194794506	         0.001105111	         0.000017906	         0.001123017
 17054	    -3947000	 0.070857530	24.931113310	161.229313806	161.437933048	 0.183310242	         0.000897231	         0.000001790	         0.000899022
 17055	    -3946000	 0.070772480	24.507668737	166.516718058	160.698720286	 0.172832209	         0.000728084	         0.000000000	         0.000728084
 17056	    -3945000	 0.070528799	24.097467032	171.762498966	159.966225306	 0.163253335	         0.000585528	         0.000000000	         0.000585528
 17057	    -3944000	 0.070259789	23.703866632	176.843611040	159.247569135	 0.154561603	         0.000464882	         0.000000000	         0.000464882
 17058	    -3943000	 0.069967229	23.327589066	-178.127417143	158.564545800	 0.146685400	         0.000370158	         0.000000000	         0.000370158
 17059	    -3942000	 0.069670747	22.969413328	-173.100227166	157.800981069	 0.139561272	         0.000282005	         0.000000000	         0.000282005
 17060	    -3941000	 0.069232184	22.632361634	-168.163379564	157.174775499	 0.133173601	         0.000219950	         0.000000000	         0.000219950
 17061	    -3940000	 0.068778371	22.315654260	-163.356603908	156.585027247	 0.127438159	         0.000171452	         0.000000000	         0.000171452
 17062	    -3939000	 0.068364970	22.021131085	-158.521865945	156.028110290	 0.122326353	         0.000132710	         0.000000000	         0.000132710
 17063	    -3938000	 0.067831415	21.750782275	-153.716894867	155.500423169	 0.117814814	         0.000102251	         0.000000000	         0.000102251
 17064	    -3937000	 0.067304801	21.503269824	-148.991378700	155.008702661	 0.113830419	         0.000077956	         0.000000000	         0.000077956
 17065	    -3936000	 0.066865973	21.281002830	-144.366446798	154.574232381	 0.110367386	         0.000060507	         0.000000000	         0.000060507
 17066	    -3935000	 0.066376696	21.084311988	-139.573745049	154.156870515	 0.107390814	         0.000046461	         0.000000000	         0.000046461
 17067	    -3934000	 0.065825959	20.912415325	-135.043995356	153.801847257	 0.104855269	         0.000036166	         0.000000000	         0.000036166
 17068	    -3933000	 0.065353432	20.767454051	-130.572743731	153.488848500	 0.102763619	         0.000028497	         0.000000000	         0.000028497
 17069	    -3932000	 0.065002427	20.648204494	-125.981241614	153.226424725	 0.101074281	         0.000023107	         0.000000000	         0.000023107
 17070	    -3931000	 0.064388324	20.554963119	-121.550171334	153.006883622	 0.099772755	         0.000019189	         0.000000000	         0.000019189
 17071	    -3930000	 0.063886168	20.488275728	-117.184421094	152.845975424	 0.098852180	         0.000016793	         0.000000000	         0.000016793
 17072	    -3929000	 0.063390437	20.446553797	-112.839149072	152.730166791	 0.098280561	         0.000015447	         0.000000000	         0.000015447
 17073	    -3928000	 0.062767432	20.430834109	-108.467460160	152.666669313	 0.098066049	         0.000015009	         0.000000000	         0.000015009
 17074	    -3927000	 0.062125706	20.439931570	-104.144194390	152.655920445	 0.098190136	         0.000015668	         0.000000000	         0.000015668
 17075	    -3926000	 0.061382154	20.472531793	-99.804352197	152.688891301	 0.098636088	         0.000017075	         0.000000000	         0.000017075
 17076	    -3925000	 0.060720827	20.529500453	-95.351796499	152.775733633	 0.099420253	         0.000019839	         0.000000000	         0.000019839
 17077	    -3924000	 0.059820388	20.608676448	-90.896480174	152.900715398	 0.100520462	         0.000023601	         0.000000000	         0.000023601
 17078	    -3923000	 0.059067319	20.709583142	-86.374979601	153.067298114	 0.101940299	         0.000029085	         0.000000000	         0.000029085
 17079	    -3922000	 0.058336386	20.831972609	-81.789523543	153.263852872	 0.103689356	         0.000035973	         0.000000000	         0.000035973
 17080	    -3921000	 0.057483280	20.973571261	-76.975801828	153.505204563	 0.105750409	         0.000045876	         0.000000000	         0.000045876
 17081	    -3920000	 0.056625948	21.134946446	-72.315294950	153.778547035	 0.108149317	         0.000058194	         0.000000000	         0.000058194
 17082	    -3919000	 0.055890061	21.314299769	-67.496558849	154.077953702	 0.110879380	         0.000073371	         0.000000000	         0.000073371
 17083	    -3918000	 0.055120624	21.509978248	-62.468675577	154.413606021	 0.113936612	         0.000093748	         0.000000000	         0.000093748
 17084	    -3917000	 0.054216964	21.722769527	-57.476840687	154.779577246	 0.117356962	         0.000118841	         0.000000000	         0.000118841
 17085	    -3916000	 0.053435908	21.950409962	-52.520093926	155.149403084	 0.121129747	         0.000148092	         0.000000000	         0.000148092
 17086	    -3915000	 0.052633351	22.191874392	-47.258559256	155.564669458	 0.125264289	         0.000187329	         0.000000000	         0.000187329
 17087	    -3914000	 0.051709010	22.447044236	-41.977368941	155.989399304	 0.129786972	         0.000232632	         0.000000000	         0.000232632
 17088	    -3913000	 0.050822395	22.714071487	-36.642272797	156.441614954	 0.134694765	         0.000287934	         0.000000000	         0.000287934
 17089	    -3912000	 0.049925915	22.992759365	-31.140643891	156.904889690	 0.140014898	         0.000352998	         0.000000000	         0.000352998
 17090	    -3911000	 0.048981498	23.281911147	-25.450092065	157.388618088	 0.145757011	         0.000429275	         0.000000000	         0.000429275
 17091	    -3910000	 0.048079102	23.580068160	-19.695379744	157.890045746	 0.151924662	         0.000516585	         0.000000000	         0.000516585
 17092	    -3909000	 0.047128597	23.887519967	-13.888490544	158.560859727	 0.158558015	         0.000648087	         0.000000000	         0.000648087
 17093	    -3908000	 0.046294008	24.202539610	-7.771574622	159.112142240	 0.165655161	         0.000772010	         0.000000000	         0.000772010
 17094	    -3907000	 0.045274604	24.524369980	-1.649186193	159.669234353	 0.173233900	         0.000909305	         0.000000000	         0.000909305
 17095	    -3906000	 0.044284423	24.852608955	 4.519061534	160.247831260	 0.181320816	         0.001072598	         0.000001626	         0.001074224
 17096	    -3905000	 0.043450761	25.186012896	10.865961533	160.820684888	 0.189921546	         0.001249493	         0.000013296	         0.001262789
 17097	    -3904000	 0.042363408	25.524757546	17.558908184	161.418750591	 0.199077974	         0.001457496	         0.000035491	         0.001492987
 17098	    -3903000	 0.041289978	25.867221119	24.142266753	162.008751137	 0.208783747	         0.001692251	         0.000068011	         0.001760263
 17099	    -3902000	 0.040245809	26.212584898	30.915485602	162.591879519	 0.219051000	         0.001949341	         0.000109904	         0.002059245
 17100	    -3901000	 0.039203142	26.561616098	38.111657910	163.196772948	 0.229940348	         0.002266919	         0.000170669	         0.002437588
 17101	    -3900000	 0.038004215	26.912469115	45.456227969	163.776019232	 0.241432151	         0.002611851	         0.000243356	         0.002855207
 17102	    -3899000	 0.036919749	27.264366842	53.037837197	164.368113501	 0.253535099	         0.003031136	         0.000340143	         0.003371279
 17103	    -3898000	 0.035915243	27.617977219	60.952803166	164.935617954	 0.266308154	         0.003501324	         0.000456056	         0.003957380
 17104	    -3897000	 0.034831948	27.972145547	69.256086628	165.500448656	 0.279746409	         0.004075403	         0.000607661	         0.004683064
 17105	    -3896000	 0.034004113	28.326470456	77.654019688	166.046136207	 0.293747356	         0.004746168	         0.000794871	         0.005541039
 17106	    -3895000	 0.033187714	28.680460338	86.392424058	166.573874943	 0.308135029	         0.005554897	         0.001034050	         0.006588948
 17107	    -3894000	 0.032541020	29.033812626	95.450710451	167.081705903	 0.322885485	         0.006514813	         0.001334764	         0.007849577
 17108	    -3893000	 0.031876181	29.386782902	104.543439816	167.571454700	 0.337996988	         0.007702579	         0.001733281	         0.009435860
 17109	    -3892000	 0.031408784	29.737713782	113.740579671	168.038219951	 0.353382507	         0.009139118	         0.002251257	         0.011390375
 17110	    -3891000	 0.031109989	30.086755692	123.127800188	168.488574428	 0.369028960	         0.010865728	         0.002918048	         0.013783776
 17111	    -3890000	 0.030857124	30.434012658	133.045020163	168.904443885	 0.384920590	         0.012980926	         0.003808343	         0.016789269
 17112	    -3889000	 0.030543825	30.777732819	142.585419523	169.319291869	 0.400953588	         0.015630754	         0.005039177	         0.020669931
 17113	    -3888000	 0.030565417	31.117956991	152.333726156	169.709429280	 0.417103361	         0.018786122	         0.006677170	         0.025463292
 17114	    -3887000	 0.030703159	31.454123495	162.368641092	170.086934273	 0.433315879	         0.022737506	         0.009082662	         0.031820167
 17115	    -3886000	 0.030873950	31.784941294	172.390524521	170.446810633	 0.449499541	         0.027537322	         0.012621985	         0.040159307
 17116	    -3885000	 0.031260676	32.110215215	-177.680460095	170.791470843	 0.465614502	         0.033494299	         0.017156992	         0.050651291
 17117	    -3884000	 0.031877880	32.428703487	-167.668139482	171.139452383	 0.481568691	         0.040898996	         0.023056278	         0.063955273
 17118	    -3883000	 0.032510810	32.739525136	-157.836349275	171.489311593	 0.497287246	         0.050157237	         0.030816913	         0.080974150
 17119	    -3882000	 0.033369679	33.042237636	-148.257763975	171.858060291	 0.512718174	         0.062702471	         0.042004010	         0.104706481
 17120	    -3881000	 0.034413876	33.335757375	-138.844182683	172.252135775	 0.527778169	         0.079760811	         0.058161268	         0.137922078
 17121	    -3880000	 0.035554024	33.619864012	-129.340975699	172.557891027	 0.542429979	         0.094535537	         0.072344618	         0.166880155
 17122	    -3879000	 0.036698364	33.893244431	-120.231578458	172.834504626	 0.556582424	         0.108857208	         0.086406243	         0.195263451
 17123	    -3878000	 0.037971346	34.155611493	-111.373029084	173.074625341	 0.570199977	         0.122668990	         0.100219759	         0.222888749
 17124	    -3877000	 0.039453015	34.407126970	-102.727936925	173.297750736	 0.583273653	         0.136555904	         0.114377365	         0.250933268
 17125	    -3876000	 0.040958152	34.646093457	-94.058188114	173.512032925	 0.595700961	         0.149760873	         0.128032162	         0.277793035
 17126	    -3875000	 0.042436306	34.872728695	-85.652673081	173.718776000	 0.607482126	         0.161681539	         0.140465372	         0.302146911
 17127	    -3874000	 0.043989552	35.087124318	-77.596076549	173.927737758	 0.618613845	         0.172162078	         0.151423422	         0.323585500
 17128	    -3873000	 0.045754200	35.288056321	-69.509732622	174.136266064	 0.629027378	         0.181567914	         0.161255347	         0.342823261
 17129	    -3872000	 0.047313227	35.475454631	-61.733967918	174.331907423	 0.638716601	         0.188222623	         0.168221352	         0.356443975
 17130	    -3871000	 0.048938494	35.648649041	-54.125892295	174.538714021	 0.647646724	         0.193499131	         0.173649313	         0.367148444
 17131	    -3870000	 0.050638341	35.807341915	-46.569698611	174.767039311	 0.655804325	         0.197337049	         0.177464369	         0.374801418
 17132	    -3869000	 0.052040002	35.951154231	-39.096506382	174.991142876	 0.663173468	         0.198311522	         0.178119217	         0.376430739
 17133	    -3868000	 0.053515098	36.078167395	-31.860609108	175.226586186	 0.669661017	         0.197634216	         0.176913169	         0.374547386
 17134	    -3867000	 0.054951236	36.188959769	-24.581868655	175.458643227	 0.675302633	         0.194737015	         0.173305749	         0.368042764
 17135	    -3866000	 0.056391214	36.282794605	-17.233652886	175.709947132	 0.680067120	         0.190030375	         0.167702580	         0.357732956
 17136	    -3865000	 0.057617108	36.357515134	-10.030136338	175.951609405	 0.683851598	         0.183292117	         0.160016959	         0.343309077
 17137	    -3864000	 0.058908830	36.413938482	-2.820155784	176.214872543	 0.686703536	         0.175709190	         0.151489715	         0.327198905
 17138	    -3863000	 0.060290112	36.450875017	 4.244859943	176.460239208	 0.688567707	         0.167005940	         0.141929365	         0.308935305
 17139	    -3862000	 0.061557814	36.467472717	11.495271845	176.710181817	 0.689404651	         0.157210112	         0.131409974	         0.288620086
 17140	    -3861000	 0.062847970	36.464326822	18.504578304	176.950183394	 0.689246054	         0.147601948	         0.121261400	         0.268863348
 17141	    -3860000	 0.064110060	36.440006933	25.462582905	177.166779941	 0.688019433	         0.137616505	         0.110982714	         0.248599219
 17142	    -3859000	 0.065446413	36.395253638	32.374632764	177.363099123	 0.685759670	         0.127669906	         0.100986191	         0.228656097
 17143	    -3858000	 0.066566743	36.330619563	39.161455751	177.537213729	 0.682490374	         0.118456406	         0.091925729	         0.210382135
 17144	    -3857000	 0.067710380	36.244843582	45.775102203	177.670405030	 0.678141707	         0.109608023	         0.083442558	         0.193050581
 17145	    -3856000	 0.068833009	36.139264554	52.455559732	177.768562750	 0.672774214	         0.101156688	         0.075530424	         0.176687112
 17146	    -3855000	 0.069640751	36.014089115	59.068251258	177.828088278	 0.666390601	         0.093724284	         0.068738941	         0.162463226
 17147	    -3854000	 0.070391275	35.869368193	65.498638343	177.821267436	 0.658985545	         0.086801921	         0.062566135	         0.149368056
 17148	    -3853000	 0.071144244	35.706111100	71.961990151	177.788875120	 0.650603494	         0.080763657	         0.057296086	         0.138059743
 17149	    -3852000	 0.071650497	35.523641831	78.503353103	177.681943007	 0.641203782	         0.075140624	         0.052481112	         0.127621736
 17150	    -3851000	 0.072049179	35.323471837	84.902032199	177.514162243	 0.630860375	         0.070217932	         0.048362629	         0.118580561
 17151	    -3850000	 0.072376415	35.105758416	91.345135233	177.295134076	 0.619580469	         0.065866706	         0.044769631	         0.110636337
 17152	    -3849000	 0.072695075	34.869357026	97.779010679	177.014827721	 0.607306939	         0.061907858	         0.041551257	         0.103459115
 17153	    -3848000	 0.072836324	34.616329106	104.206556719	176.664044016	 0.594153154	         0.058312213	         0.038660847	         0.096973060
 17154	    -3847000	 0.072904465	34.346205259	110.595666291	176.252779010	 0.580105916	         0.054894957	         0.035922186	         0.090817143
 17155	    -3846000	 0.073085882	34.058503102	116.914321231	175.780847581	 0.565156662	         0.051322093	         0.033047965	         0.084370058
 17156	    -3845000	 0.073056965	33.754853446	123.306392049	175.237091579	 0.549412526	         0.047709240	         0.030129443	         0.077838683
 17157	    -3844000	 0.072972717	33.434045372	129.598301100	174.623199217	 0.532839558	         0.043620463	         0.026782910	         0.070403374
 17158	    -3843000	 0.072871616	33.097394554	135.776403493	173.882555883	 0.515541381	         0.037484742	         0.021609338	         0.059094080
 17159	    -3842000	 0.072834830	32.746002132	142.053266351	173.107791116	 0.497616216	         0.031723131	         0.016786456	         0.048509587
 17160	    -3841000	 0.072527189	32.378457612	148.180298244	172.376761205	 0.479040967	         0.027952595	         0.013709012	         0.041661607
 17161	    -3840000	 0.072304000	31.997652800	154.279466688	171.635029959	 0.460016354	         0.024810277	         0.011156678	         0.035966956
 17162	    -3839000	 0.072119590	31.604063425	160.310523654	170.891859833	 0.440623964	         0.022140575	         0.008974474	         0.031115049
 17163	    -3838000	 0.071680482	31.197352702	166.392461680	170.134052439	 0.420910232	         0.019630263	         0.007171913	         0.026802177
 17164	    -3837000	 0.071330673	30.780897222	172.226179714	169.385920519	 0.401102541	         0.017440814	         0.005853408	         0.023294222
 17165	    -3836000	 0.070933621	30.354633464	178.075740629	168.639637831	 0.381260172	         0.015426761	         0.004761073	         0.020187834
 17166	    -3835000	 0.070483781	29.919823582	-176.060407918	167.901642173	 0.361504069	         0.013592414	         0.003856033	         0.017448447
 17167	    -3834000	 0.069874565	29.479260329	-170.409885033	167.166750320	 0.342016959	         0.011870117	         0.003079285	         0.014949402
 17168	    -3833000	 0.069219654	29.032652529	-164.761830745	166.434834304	 0.322836433	         0.010260832	         0.002412199	         0.012673031
 17169	    -3832000	 0.068582863	28.582533731	-159.218971615	165.717666421	 0.304115454	         0.008840545	         0.001877460	         0.010718006
 17170	    -3831000	 0.067752024	28.130449830	-153.616032742	165.005672951	 0.285951326	         0.007536384	         0.001422393	         0.008958776
 17171	    -3830000	 0.066824111	27.676789505	-148.161920385	164.297807403	 0.268494122	         0.006358807	         0.001049400	         0.007408207
 17172	    -3829000	 0.065909925	27.224572564	-142.731519097	163.602196476	 0.252136565	         0.005312823	         0.000744362	         0.006057185
 17173	    -3828000	 0.064969131	26.773791655	-137.204827547	162.909655242	 0.236822832	         0.004400022	         0.000505830	         0.004905852
 17174	    -3827000	 0.063861837	26.326174767	-131.818657420	162.234378093	 0.222537043	         0.003606162	         0.000321994	         0.003928156
 17175	    -3826000	 0.062907867	25.884322584	-126.465065726	161.563451496	 0.209280638	         0.002925234	         0.000186569	         0.003111804
 17176	    -3825000	 0.061936068	25.447762721	-120.999798346	160.894298524	 0.196958746	         0.002338321	         0.000091902	         0.002430223
 17177	    -3824000	 0.060853302	25.019239872	-115.683134324	160.250470634	 0.185569527	         0.001860801	         0.000034581	         0.001895382
 17178	    -3823000	 0.059895748	24.600150832	-110.483832042	159.610794666	 0.175068311	         0.001454289	         0.000003926	         0.001458214
 17179	    -3822000	 0.059077744	24.191170472	-105.274518180	158.984527291	 0.165393581	         0.001130364	         0.000000000	         0.001130364
 17180	    -3821000	 0.058071636	23.795274320	-100.098422264	158.364900549	 0.156537940	         0.000866581	         0.000000000	         0.000866581
 17181	    -3820000	 0.057097814	23.412359768	-95.115192256	157.754876187	 0.148424036	         0.000651318	         0.000000000	         0.000651318
 17182	    -3819000	 0.056209460	23.044770493	-90.261523721	157.155802273	 0.141030810	         0.000487572	         0.000000000	         0.000487572
 17183	    -3818000	 0.055272167	22.695264280	-85.390796397	156.567066882	 0.134343105	         0.000357378	         0.000000000	         0.000357378
 17184	    -3817000	 0.054271636	22.363066569	-80.643943036	155.868778886	 0.128280790	         0.000245221	         0.000000000	         0.000245221
 17185	    -3816000	 0.053194737	22.051394584	-75.925383559	155.361239488	 0.122842018	         0.000177405	         0.000000000	         0.000177405
 17186	    -3815000	 0.052228988	21.761807104	-71.295555368	154.885574189	 0.117995497	         0.000126963	         0.000000000	         0.000126963
 17187	    -3814000	 0.051086104	21.494368036	-66.583370150	154.434184745	 0.113689658	         0.000089343	         0.000000000	         0.000089343
 17188	    -3813000	 0.050013286	21.252081849	-61.996237330	154.004024530	 0.109924598	         0.000061938	         0.000000000	         0.000061938
 17189	    -3812000	 0.048984957	21.034739068	-57.451672974	153.630663114	 0.106653366	         0.000043297	         0.000000000	         0.000043297
 17190	    -3811000	 0.047927673	20.843744454	-52.605181716	153.289739978	 0.103859161	         0.000029772	         0.000000000	         0.000029772
 17191	    -3810000	 0.046754713	20.681004532	-48.092796644	152.998127544	 0.101536152	         0.000020401	         0.000000000	         0.000020401
 17192	    -3809000	 0.045738556	20.545317270	-43.473712790	152.745043575	 0.099639072	         0.000013905	         0.000000000	         0.000013905
 17193	    -3808000	 0.044756769	20.438282612	-38.696565261	152.549780652	 0.098167633	         0.000009780	         0.000000000	         0.000009780
 17194	    -3807000	 0.043601641	20.360264337	-33.918634785	152.399735610	 0.097108802	         0.000006946	         0.000000000	         0.000006946
 17195	    -3806000	 0.042527371	20.310645181	-29.197078994	152.311850038	 0.096441341	         0.000005236	         0.000000000	         0.000005236
 17196	    -3805000	 0.041493171	20.290122311	-24.315676275	152.292817091	 0.096166617	         0.000004491	         0.000000000	         0.000004491
 17197	    -3804000	 0.040422042	20.297133847	-19.201896945	152.316976117	 0.096260387	         0.000004128	         0.000000000	         0.000004128
 17198	    -3803000	 0.039324367	20.332195639	-14.151120196	152.406850358	 0.096730666	         0.000004395	         0.000000000	         0.000004395
 17199	    -3802000	 0.038277383	20.394727965	-8.838041033	152.555789835	 0.097575113	         0.000005322	         0.000000000	         0.000005322
 17200	    -3801000	 0.037300392	20.482208808	-3.369326552	152.768943446	 0.098768853	         0.000006997	         0.000000000	         0.000006997
 17201	    -3800000	 0.036268005	20.595299136	 2.297298828	153.042331386	 0.100333723	         0.000009753	         0.000000000	         0.000009753
 17202	    -3799000	 0.035323289	20.732100084	 8.010818588	153.333290840	 0.102259857	         0.000013181	         0.000000000	         0.000013181
 17203	    -3798000	 0.034466841	20.890723548	14.012691635	153.692755162	 0.104539590	         0.000018583	         0.000000000	         0.000018583
 17204	    -3797000	 0.033557088	21.070873917	20.262611794	154.063629925	 0.107190407	         0.000025202	         0.000000000	         0.000025202
 17205	    -3796000	 0.032602818	21.269618917	26.501079362	154.488884304	 0.110192883	         0.000034655	         0.000000000	         0.000034655
 17206	    -3795000	 0.031889871	21.486399099	32.799983934	154.930407632	 0.113563795	         0.000046758	         0.000000000	         0.000046758
 17207	    -3794000	 0.031037992	21.720157928	39.770388198	155.397244713	 0.117314367	         0.000062219	         0.000000000	         0.000062219
 17208	    -3793000	 0.030100106	21.967652065	46.692275162	155.869942860	 0.121420401	         0.000081659	         0.000000000	         0.000081659
 17209	    -3792000	 0.029258349	22.228860786	53.788279273	156.372336071	 0.125909945	         0.000106814	         0.000000000	         0.000106814
 17210	    -3791000	 0.028523819	22.502137324	61.414594780	156.880113387	 0.130784688	         0.000137755	         0.000000000	         0.000137755
 17211	    -3790000	 0.027683693	22.785503304	69.438731589	157.401678538	 0.136038813	         0.000177331	         0.000000000	         0.000177331
 17212	    -3789000	 0.027001533	23.078363002	77.746770796	157.916134582	 0.141690873	         0.000225865	         0.000000000	         0.000225865
 17213	    -3788000	 0.026403929	23.378568045	86.434388489	158.427067039	 0.147728516	         0.000286563	         0.000000000	         0.000286563
 17214	    -3787000	 0.025970335	23.686043563	95.620924765	158.942960492	 0.154179165	         0.000361655	         0.000000000	         0.000361655
 17215	    -3786000	 0.025648784	23.999288327	104.859670325	159.439420424	 0.161040576	         0.000454678	         0.000000000	         0.000454678
 17216	    -3785000	 0.025494779	24.316113094	114.341544993	160.047023567	 0.168291063	         0.000585474	         0.000000000	         0.000585474
 17217	    -3784000	 0.025624426	24.637373943	124.031064346	160.561518172	 0.175976464	         0.000737092	         0.000000000	         0.000737092
 17218	    -3783000	 0.025714895	24.961388827	133.796717334	161.044032942	 0.184083291	         0.000919675	         0.000002253	         0.000921927
 17219	    -3782000	 0.025989165	25.286425881	143.372991385	161.508199245	 0.192590944	         0.001146139	         0.000015414	         0.001161553
 17220	    -3781000	 0.026448298	25.612966743	152.792826906	161.960442156	 0.201533910	         0.001425127	         0.000040399	         0.001465526
 17221	    -3780000	 0.027131309	25.939392268	162.585548258	162.388944791	 0.210888763	         0.001766810	         0.000080990	         0.001847800
 17222	    -3779000	 0.027660691	26.265169433	172.069730817	162.799290182	 0.220657964	         0.002185880	         0.000141990	         0.002327870
 17223	    -3778000	 0.028455171	26.589769690	-178.658377829	163.192780720	 0.230841947	         0.002695032	         0.000228227	         0.002923260
 17224	    -3777000	 0.029470161	26.911876619	-169.516381514	163.569215646	 0.241412268	         0.003301743	         0.000345160	         0.003646903
 17225	    -3776000	 0.030440388	27.232023785	-160.222604962	163.926767847	 0.252397843	         0.004037010	         0.000503337	         0.004540346
 17226	    -3775000	 0.031598828	27.548474233	-151.451627626	164.290577766	 0.263747761	         0.004940721	         0.000721414	         0.005662135
 17227	    -3774000	 0.032871439	27.860795428	-142.659890130	164.628263984	 0.275449923	         0.005983836	         0.000993790	         0.006977626
 17228	    -3773000	 0.034210090	28.169523733	-134.108092628	164.951824094	 0.287495522	         0.007193937	         0.001335774	         0.008529711
 17229	    -3772000	 0.035553696	28.472662807	-125.855870519	165.272608143	 0.299641375	         0.008613950	         0.001778887	         0.010392837
 17230	    -3771000	 0.037020436	28.770840070	-117.789408684	165.592795935	 0.311871309	         0.010252922	         0.002330892	         0.012583815
 17231	    -3770000	 0.038570163	29.063993124	-109.755159565	165.883262168	 0.324163017	         0.012047475	         0.002986165	         0.015033640
 17232	    -3769000	 0.040084105	29.350557333	-101.756059700	166.188603543	 0.336429080	         0.014136365	         0.003824252	         0.017960617
 17233	    -3768000	 0.041513651	29.631699588	-94.068805194	166.484177623	 0.348697441	         0.016365134	         0.004797549	         0.021162682
 17234	    -3767000	 0.043133759	29.906837141	-86.509795112	166.781272864	 0.360921864	         0.018758162	         0.005939083	         0.024697244
 17235	    -3766000	 0.044827506	30.175457629	-78.891875556	167.070159934	 0.373058041	         0.021337532	         0.007293793	         0.028631325
 17236	    -3765000	 0.046390184	30.438551776	-71.374258763	167.377140261	 0.385130391	         0.023938596	         0.008793846	         0.032732441
 17237	    -3764000	 0.047977599	30.694923847	-64.115423115	167.698219346	 0.397064257	         0.026701512	         0.010601412	         0.037302924
 17238	    -3763000	 0.049743527	30.945408131	-56.897796044	168.014071938	 0.408879131	         0.029477388	         0.012793670	         0.042271057
 17239	    -3762000	 0.051297373	31.190125398	-49.725100275	168.356650748	 0.420563117	         0.032292114	         0.015079761	         0.047371875
 17240	    -3761000	 0.052899030	31.427787099	-42.757359361	168.704259433	 0.432037011	         0.035042239	         0.017334939	         0.052377178
 17241	    -3760000	 0.054545546	31.659853609	-35.866561074	169.067477851	 0.443354739	         0.037768993	         0.019602150	         0.057371143
 17242	    -3759000	 0.056001677	31.885478109	-28.883685762	169.454558515	 0.454459881	         0.040330629	         0.021776879	         0.062107508
 17243	    -3758000	 0.057347943	32.103917679	-22.144573989	169.846747366	 0.465300722	         0.042675046	         0.023792463	         0.066467508
 17244	    -3757000	 0.058714658	32.316219936	-15.374330534	170.261461960	 0.475915399	         0.044866509	         0.025710621	         0.070577129
 17245	    -3756000	 0.060045822	32.521039732	-8.601303379	170.698727221	 0.486223784	         0.047017640	         0.027638873	         0.074656513
 17246	    -3755000	 0.061186234	32.718360859	-1.797772217	171.163987275	 0.496212689	         0.049092778	         0.029538956	         0.078631734
 17247	    -3754000	 0.062297449	32.908317489	 4.983127155	171.645582756	 0.505877812	         0.051229790	         0.031542430	         0.082772220
 17248	    -3753000	 0.063427103	33.089609561	11.616263965	172.157652237	 0.515142705	         0.054122269	         0.034289865	         0.088412134
 17249	    -3752000	 0.064523976	33.262938355	18.476503744	172.697363185	 0.524033947	         0.057004553	         0.037049652	         0.094054205
 17250	    -3751000	 0.065507639	33.427339865	25.160652198	173.177668603	 0.532493989	         0.058009456	         0.038056066	         0.096065522
 17251	    -3750000	 0.066432131	33.582280980	31.813060511	173.646093397	 0.540488141	         0.058262211	         0.038351545	         0.096613756
 17252	    -3749000	 0.067505579	33.728705410	38.473115174	174.092898718	 0.548059060	         0.058027932	         0.038215335	         0.096243267
 17253	    -3748000	 0.068214953	33.865035837	45.107179909	174.508870954	 0.555120124	         0.057476991	         0.037795975	         0.095272966
 17254	    -3747000	 0.069028666	33.991930105	51.628915169	174.897658300	 0.561701187	         0.056824539	         0.037283561	         0.094108101
 17255	    -3746000	 0.069779057	34.109695589	58.142896591	175.270177753	 0.567814946	         0.056328165	         0.036906154	         0.093234320
 17256	    -3745000	 0.070365401	34.217008087	64.741698746	175.599594741	 0.573390093	         0.055813132	         0.036507358	         0.092320490
 17257	    -3744000	 0.070767946	34.315085165	71.156793412	175.894412004	 0.578487968	         0.055730723	         0.036468302	         0.092199025
 17258	    -3743000	 0.071236139	34.403349774	77.635287487	176.146556331	 0.583077238	         0.055727945	         0.036487421	         0.092215366
 17259	    -3742000	 0.071612145	34.481272525	84.127487065	176.363048121	 0.587129462	         0.056038228	         0.036752094	         0.092790322
 17260	    -3741000	 0.071734327	34.549920176	90.570141332	176.520328738	 0.590699558	         0.056818530	         0.037403415	         0.094221944
 17261	    -3740000	 0.071914237	34.607716615	97.008460733	176.625218264	 0.593705274	         0.057751021	         0.038176633	         0.095927654
 17262	    -3739000	 0.072005381	34.654821077	103.402698040	176.696594055	 0.596154800	         0.059253184	         0.039422159	         0.098675343
 17263	    -3738000	 0.071985722	34.691738951	109.850718197	176.712383370	 0.598074449	         0.061066119	         0.040935009	         0.102001129
 17264	    -3737000	 0.071807587	34.716546132	116.209376398	176.675505300	 0.599364270	         0.063259875	         0.042780424	         0.106040299
 17265	    -3736000	 0.071636085	34.729839215	122.489077124	176.602143601	 0.600055390	         0.065805276	         0.044952562	         0.110757839
 17266	    -3735000	 0.071409315	34.731162512	128.894626988	176.473532214	 0.600124188	         0.068592894	         0.047363372	         0.115956266
 17267	    -3734000	 0.070911690	34.719241332	135.255027595	176.318720024	 0.599504398	         0.072008268	         0.050356970	         0.122365238
 17268	    -3733000	 0.070401779	34.694486447	141.489730237	176.118368929	 0.598217306	         0.075355316	         0.053348631	         0.128703947
 17269	    -3732000	 0.069934873	34.655787905	147.839723151	175.888978988	 0.596205075	         0.078990299	         0.056671511	         0.135661810
 17270	    -3731000	 0.069192488	34.603023064	154.206583841	175.617911755	 0.593461191	         0.082717713	         0.060141532	         0.142859246
 17271	    -3730000	 0.068517416	34.536242759	160.528362557	175.322979221	 0.589988247	         0.086246977	         0.063497126	         0.149744103
 17272	    -3729000	 0.067817403	34.454147814	166.862740750	175.010839927	 0.585718847	         0.089755824	         0.066907083	         0.156662907
 17273	    -3728000	 0.067046721	34.357420618	173.327537611	174.666244317	 0.580689044	         0.092948376	         0.070094302	         0.163042679
 17274	    -3727000	 0.066225475	34.245811605	179.591450691	174.331367435	 0.574887034	         0.095697032	         0.072901809	         0.168598841
 17275	    -3726000	 0.065441194	34.118686953	-174.116162121	173.944737048	 0.568281936	         0.097115579	         0.074484817	         0.171600396
 17276	    -3725000	 0.064709168	33.977014538	-167.776994413	173.559264536	 0.560927243	         0.098184457	         0.075738266	         0.173922723
 17277	    -3724000	 0.063743325	33.819957123	-161.530713009	173.166105156	 0.552784164	         0.097786996	         0.075558540	         0.173345536
 17278	    -3723000	 0.062788056	33.648136466	-155.314482862	172.764128682	 0.543891416	         0.096228143	         0.074200830	         0.170428974
 17279	    -3722000	 0.061861709	33.462258856	-149.246981410	172.350360316	 0.534293954	         0.093163798	         0.071321557	         0.164485355
 17280	    -3721000	 0.060851373	33.261235465	-143.022886823	171.906011082	 0.523946448	         0.087763370	         0.066041070	         0.153804440
 17281	    -3720000	 0.059676799	33.046462678	-136.920085454	171.406239237	 0.512934315	         0.077947217	         0.056172685	         0.134119902
 17282	    -3719000	 0.058449704	32.818333851	-130.856214317	170.941015777	 0.501293680	         0.069798230	         0.048216890	         0.118015120
 17283	    -3718000	 0.057319807	32.576037579	-124.720813911	170.489619577	 0.489002419	         0.062973776	         0.041767982	         0.104741758
 17284	    -3717000	 0.055854402	32.320706321	-118.562365064	170.053887600	 0.476140501	         0.056600891	         0.035915706	         0.092516597
 17285	    -3716000	 0.054615188	32.052396139	-112.463743356	169.625051935	 0.462736184	         0.050587793	         0.030494008	         0.081081801
 17286	    -3715000	 0.053353260	31.771275599	-106.242173383	169.189129602	 0.448826763	         0.044916366	         0.025528507	         0.070444873
 17287	    -3714000	 0.051946819	31.478012070	-99.960266513	168.759823385	 0.434477130	         0.039539544	         0.020966808	         0.060506351
 17288	    -3713000	 0.050613253	31.171965321	-93.882622740	168.337427061	 0.419691431	         0.034575515	         0.016866532	         0.051442048
 17289	    -3712000	 0.049370752	30.854629796	-87.700091032	167.897192013	 0.404580026	         0.029782632	         0.012962546	         0.042745178
 17290	    -3711000	 0.048115665	30.526387203	-81.438601859	167.476844496	 0.389200510	         0.025668460	         0.009881224	         0.035549684
 17291	    -3710000	 0.046742822	30.186511185	-75.237375607	167.039534912	 0.373561594	         0.021633709	         0.007420638	         0.029054348
 17292	    -3709000	 0.045452355	29.836940313	-69.140149778	166.620488392	 0.357796276	         0.018291663	         0.005679279	         0.023970942
 17293	    -3708000	 0.044220642	29.478163017	-62.998958230	166.175811573	 0.341969113	         0.015248034	         0.004265186	         0.019513221
 17294	    -3707000	 0.042965864	29.110333686	-56.741303147	165.736391978	 0.326129946	         0.012611532	         0.003169109	         0.015780642
 17295	    -3706000	 0.041641637	28.734777147	-50.599453220	165.289524272	 0.310377439	         0.010377106	         0.002339530	         0.012716636
 17296	    -3705000	 0.040432223	28.352235484	-44.436740357	164.834771100	 0.294781198	         0.008474644	         0.001696696	         0.010171340
 17297	    -3704000	 0.039209527	27.964195017	-38.133118791	164.356951092	 0.279437425	         0.006828410	         0.001192184	         0.008020593
 17298	    -3703000	 0.037992908	27.571631758	-31.910136701	163.878223566	 0.264598106	         0.005485109	         0.000822309	         0.006307418
 17299	    -3702000	 0.036834498	27.175152933	-25.783391095	163.385258875	 0.250410491	         0.004376892	         0.000547425	         0.004924317
 17300	    -3701000	 0.035854570	26.776952648	-19.335835356	162.886000685	 0.236926910	         0.003460295	         0.000344393	         0.003804688
 17301	    -3700000	 0.034596856	26.377795284	-13.051274784	162.385815217	 0.224139544	         0.002722781	         0.000204177	         0.002926958
 17302	    -3699000	 0.033517903	25.979011517	-6.899758779	161.874733785	 0.212053347	         0.002132372	         0.000109645	         0.002242017
 17303	    -3698000	 0.032565809	25.582483591	-0.621816711	161.357352125	 0.200681786	         0.001656086	         0.000048899	         0.001704985
 17304	    -3697000	 0.031480873	25.188636426	 5.911942313	160.824968899	 0.189990818	         0.001272255	         0.000014194	         0.001286449
 17305	    -3696000	 0.030431041	24.800150109	12.271388087	160.289424259	 0.180003473	         0.000976771	         0.000000222	         0.000976993
 17306	    -3695000	 0.029419027	24.418244586	18.799715749	159.753197368	 0.170697208	         0.000742151	         0.000000000	         0.000742151
 17307	    -3694000	 0.028508896	24.043288050	25.488938471	159.096160030	 0.162028512	         0.000543597	         0.000000000	         0.000543597
 17308	    -3693000	 0.027552891	23.678234644	32.424532158	158.570206525	 0.154011903	         0.000405811	         0.000000000	         0.000405811
 17309	    -3692000	 0.026712346	23.324463307	39.482677698	158.068858906	 0.146621682	         0.000305113	         0.000000000	         0.000305113
 17310	    -3691000	 0.026023146	22.982913355	46.580733728	157.568789114	 0.139823405	         0.000226915	         0.000000000	         0.000226915
 17311	    -3690000	 0.025365122	22.655608346	54.228078555	157.070013610	 0.133604620	         0.000166272	         0.000000000	         0.000166272
 17312	    -3689000	 0.024846357	22.344010504	61.582244358	156.583562323	 0.127941450	         0.000121281	         0.000000000	         0.000121281
 17313	    -3688000	 0.024489085	22.050323760	69.063006865	156.117154508	 0.122823735	         0.000087323	         0.000000000	         0.000087323
 17314	    -3687000	 0.024285003	21.775510346	76.785243998	155.659052837	 0.118220464	         0.000061667	         0.000000000	         0.000061667
 17315	    -3686000	 0.023975863	21.520479957	84.448308383	155.230535040	 0.114103051	         0.000043244	         0.000000000	         0.000043244
 17316	    -3685000	 0.023875563	21.288381130	91.769736355	154.827786342	 0.110480635	         0.000029987	         0.000000000	         0.000029987
 17317	    -3684000	 0.023936051	21.079519887	99.417173243	154.456680958	 0.107319304	         0.000020362	         0.000000000	         0.000020362
 17318	    -3683000	 0.023942518	20.894891065	107.301724257	154.111763468	 0.104600166	         0.000013488	         0.000000000	         0.000013488
 17319	    -3682000	 0.023973197	20.736560069	114.753169939	153.808018094	 0.102323271	         0.000008846	         0.000000000	         0.000008846
 17320	    -3681000	 0.024227379	20.604680066	122.416437834	153.541654040	 0.100464638	         0.000005640	         0.000000000	         0.000005640
 17321	    -3680000	 0.024553328	20.500957803	130.181914987	153.343960452	 0.099026591	         0.000003781	         0.000000000	         0.000003781
 17322	    -3679000	 0.024911215	20.425466827	137.952369384	153.179702055	 0.097992914	         0.000002646	         0.000000000	         0.000002646
 17323	    -3678000	 0.025448365	20.378359691	145.656442515	153.079948507	 0.097353363	         0.000002137	         0.000000000	         0.000002137
 17324	    -3677000	 0.026119778	20.361310224	153.268854100	153.048113517	 0.097122921	         0.000002163	         0.000000000	         0.000002163
 17325	    -3676000	 0.026900857	20.373223110	160.806695327	153.047424002	 0.097283879	         0.000002546	         0.000000000	         0.000002546
 17326	    -3675000	 0.027726073	20.413993817	168.207861707	153.132648237	 0.097836764	         0.000003706	         0.000000000	         0.000003706
 17327	    -3674000	 0.028780320	20.484118269	175.184755153	153.235246700	 0.098795071	         0.000005326	         0.000000000	         0.000005326
 17328	    -3673000	 0.029854842	20.582051775	-177.511116874	153.398290099	 0.100149140	         0.000008170	         0.000000000	         0.000008170
 17329	    -3672000	 0.030904102	20.707916218	-170.548731130	153.618536559	 0.101916682	         0.000012737	         0.000000000	         0.000012737
 17330	    -3671000	 0.032040745	20.860030005	-163.853953465	153.876694962	 0.104094532	         0.000019433	         0.000000000	         0.000019433
 17331	    -3670000	 0.033442589	21.036958084	-157.149733512	154.179816019	 0.106686268	         0.000029224	         0.000000000	         0.000029224
 17332	    -3669000	 0.034648679	21.238766361	-150.331390332	154.503714849	 0.109721332	         0.000043263	         0.000000000	         0.000043263
 17333	    -3668000	 0.035966434	21.462139527	-143.828247281	154.867699372	 0.113181494	         0.000063096	         0.000000000	         0.000063096
 17334	    -3667000	 0.037336972	21.706454238	-137.428147876	155.247042427	 0.117091118	         0.000090031	         0.000000000	         0.000090031
 17335	    -3666000	 0.038821075	21.970552647	-130.863285307	155.637417668	 0.121469366	         0.000126709	         0.000000000	         0.000126709
 17336	    -3665000	 0.040192087	22.250831125	-124.543649955	156.059731758	 0.126295046	         0.000177428	         0.000000000	         0.000177428
 17337	    -3664000	 0.041659014	22.547369812	-118.226697932	156.485435817	 0.131609563	         0.000243242	         0.000000000	         0.000243242
 17338	    -3663000	 0.043132323	22.857842459	-111.897031090	157.072242693	 0.137413603	         0.000350215	         0.000000000	         0.000350215
 17339	    -3662000	 0.044476397	23.179347839	-105.629545295	157.551278836	 0.143693797	         0.000473930	         0.000000000	         0.000473930
 17340	    -3661000	 0.045875145	23.512103737	-99.358174819	158.021365878	 0.150496179	         0.000627021	         0.000000000	         0.000627021
 17341	    -3660000	 0.047241856	23.853277002	-93.109999966	158.495761300	 0.157805109	         0.000822291	         0.000000000	         0.000822291
 17342	    -3659000	 0.048650421	24.201457694	-86.628780656	158.975469525	 0.165630251	         0.001067469	         0.000000000	         0.001067469
 17343	    -3658000	 0.049865893	24.555896529	-80.226868698	159.451236390	 0.173994710	         0.001356708	         0.000000949	         0.001357657
 17344	    -3657000	 0.051196451	24.914064150	-73.853348610	159.935121570	 0.182876342	         0.001707187	         0.000019935	         0.001727122
 17345	    -3656000	 0.052696100	25.276371595	-67.444913536	160.416455314	 0.192321977	         0.002118480	         0.000059633	         0.002178113
 17346	    -3655000	 0.053949146	25.640717877	-60.810267327	160.901462748	 0.202312810	         0.002581860	         0.000120782	         0.002702643
 17347	    -3654000	 0.055317466	26.005405349	-54.432646728	161.400546510	 0.212832745	         0.003123902	         0.000211623	         0.003335524
 17348	    -3653000	 0.056719307	26.371288955	-47.992559041	161.895002641	 0.223936929	         0.003719448	         0.000328729	         0.004048177
 17349	    -3652000	 0.058082797	26.735880473	-41.511236058	162.406427620	 0.235578140	         0.004386826	         0.000480200	         0.004867026
 17350	    -3651000	 0.059366398	27.098530786	-35.162113462	162.926626424	 0.247757652	         0.005110640	         0.000663195	         0.005773835
 17351	    -3650000	 0.060681797	27.459204959	-28.865655832	163.448500096	 0.260495287	         0.005878231	         0.000876519	         0.006754750
 17352	    -3649000	 0.061881791	27.815742480	-22.461539095	163.985082944	 0.273730346	         0.006679363	         0.001118478	         0.007797841
 17353	    -3648000	 0.062896148	28.168377568	-16.115412197	164.540505610	 0.287450156	         0.007513996	         0.001390391	         0.008904386
 17354	    -3647000	 0.063885535	28.515767160	-9.809820389	165.103972009	 0.301392111	         0.008365181	         0.001688849	         0.010054030
 17355	    -3646000	 0.064851904	28.856546754	-3.464305506	165.678825563	 0.315437730	         0.009220359	         0.002011636	         0.011231996
 17356	    -3645000	 0.065645055	29.191277113	 2.996224538	166.273636091	 0.329581062	         0.010057647	         0.002349099	         0.012406746
 17357	    -3644000	 0.066348418	29.517690007	 9.446334970	166.859025229	 0.343694792	         0.010824393	         0.002680961	         0.013505353
 17358	    -3643000	 0.066998406	29.835804504	15.830103619	167.466584453	 0.357745597	         0.011675291	         0.003070677	         0.014745968
 17359	    -3642000	 0.067713310	30.145520370	22.372592103	168.069667383	 0.371695860	         0.012432587	         0.003444134	         0.015876721
 17360	    -3641000	 0.068182479	30.444642269	28.907126144	168.672805892	 0.385411981	         0.013223177	         0.003855884	         0.017079062
 17361	    -3640000	 0.068635062	30.734407199	35.406249795	169.268902744	 0.398916618	         0.013995022	         0.004281555	         0.018276577
 17362	    -3639000	 0.069240681	31.013976018	41.897683679	169.858028017	 0.412139130	         0.014809785	         0.004755700	         0.019565485
 17363	    -3638000	 0.069507953	31.282082312	48.510086761	170.432845042	 0.424988194	         0.015659031	         0.005269262	         0.020928292
 17364	    -3637000	 0.069802190	31.540267963	54.971904174	170.997125424	 0.437508976	         0.016673194	         0.005912374	         0.022585568
 17365	    -3636000	 0.070064307	31.787607947	61.464463990	171.534385794	 0.449630864	         0.017771525	         0.006652654	         0.024424179
 17366	    -3635000	 0.070219510	32.024020915	68.045340540	172.046906723	 0.461325751	         0.019039726	         0.007603259	         0.026642985
 17367	    -3634000	 0.070190620	32.250304548	74.527997361	172.512221089	 0.472611839	         0.020467793	         0.008741576	         0.029209370
 17368	    -3633000	 0.070174916	32.465607216	81.082878408	172.962667299	 0.483427653	         0.022313580	         0.010164758	         0.032478339
 17369	    -3632000	 0.070139716	32.671165943	87.584292312	173.372388552	 0.493818656	         0.024430307	         0.011764515	         0.036194822
 17370	    -3631000	 0.069853574	32.866717029	94.178238893	173.736547752	 0.503757273	         0.027125956	         0.013806381	         0.040932337
 17371	    -3630000	 0.069638308	33.051588652	100.682949430	174.091466302	 0.513196571	         0.030736803	         0.016597328	         0.047334132
 17372	    -3629000	 0.069296846	33.227208023	107.139503544	174.425358234	 0.522198606	         0.035703599	         0.020558040	         0.056261639
 17373	    -3628000	 0.068961413	33.392652604	113.741010756	174.656853727	 0.530706989	         0.040047481	         0.023988904	         0.064036385
 17374	    -3627000	 0.068355724	33.547944950	120.193310563	174.824420322	 0.538714971	         0.044527546	         0.027546175	         0.072073721
 17375	    -3626000	 0.067779093	33.693375549	126.636291083	174.941843066	 0.546231008	         0.049194219	         0.031303987	         0.080498207
 17376	    -3625000	 0.067194265	33.828170417	133.084523541	175.010866944	 0.553209691	         0.054268983	         0.035464754	         0.089733737
 17377	    -3624000	 0.066352711	33.953141717	139.658724764	175.037019415	 0.559688725	         0.059907058	         0.040187785	         0.100094843
 17378	    -3623000	 0.065418587	34.067305787	146.046209207	175.031390051	 0.565613695	         0.065845739	         0.045285108	         0.111130846
 17379	    -3622000	 0.064542849	34.170271479	152.540167154	174.999919648	 0.570961603	         0.072380843	         0.051033922	         0.123414765
 17380	    -3621000	 0.063471898	34.263349256	159.158313735	174.925253112	 0.575798573	         0.079117186	         0.057104916	         0.136222102
 17381	    -3620000	 0.062357284	34.345183829	165.677732334	174.841772420	 0.580052809	         0.086277308	         0.063706800	         0.149984108
 17382	    -3619000	 0.061278487	34.416018319	172.288205097	174.732467882	 0.583736010	         0.093689842	         0.070725892	         0.164415734
 17383	    -3618000	 0.060141785	34.476622903	178.996248232	174.605326838	 0.586887657	         0.101010588	         0.077795591	         0.178806180
 17384	    -3617000	 0.058889274	34.525921038	-174.365059345	174.475927175	 0.589451452	         0.108426027	         0.085116758	         0.193542785
 17385	    -3616000	 0.057733299	34.565215705	-167.706390338	174.347051269	 0.591495017	         0.115682655	         0.092406711	         0.208089366
 17386	    -3615000	 0.056614552	34.594082407	-161.064034280	174.209085620	 0.592996237	         0.122453568	         0.099359096	         0.221812664
 17387	    -3614000	 0.055368980	34.612145834	-154.288574165	174.073562364	 0.593935609	         0.128781949	         0.105926220	         0.234708169
 17388	    -3613000	 0.054015113	34.620819544	-147.600113794	173.940644216	 0.594386670	         0.134249114	         0.111696427	         0.245945542
 17389	    -3612000	 0.052771341	34.619070649	-141.060280080	173.818359609	 0.594295722	         0.138873364	         0.116628492	         0.255501856
 17390	    -3611000	 0.051497875	34.607180152	-134.331840927	173.690881054	 0.593677376	         0.142487106	         0.120525031	         0.263012137
 17391	    -3610000	 0.050058044	34.585694784	-127.587596998	173.583867809	 0.592560041	         0.145218769	         0.123481362	         0.268700131
 17392	    -3609000	 0.048570254	34.553868779	-120.862782201	173.466802298	 0.590904910	         0.146146562	         0.124571911	         0.270718473
 17393	    -3608000	 0.047215053	34.512486255	-114.094758243	173.361901343	 0.588752759	         0.146243551	         0.124700313	         0.270943863
 17394	    -3607000	 0.045623815	34.460892127	-107.100274049	173.266910450	 0.586069580	         0.145073285	         0.123473998	         0.268547283
 17395	    -3606000	 0.044202120	34.398646826	-100.262680178	173.158995937	 0.582832686	         0.142332126	         0.120629874	         0.262961999
 17396	    -3605000	 0.042796567	34.326882707	-93.271565326	173.064886676	 0.579101309	         0.139071104	         0.117216489	         0.256287593
 17397	    -3604000	 0.041382397	34.244153569	-86.005915995	172.964552168	 0.574800860	         0.134034202	         0.111973809	         0.246008010
 17398	    -3603000	 0.039848290	34.150683984	-79.006391902	172.870462924	 0.569943994	         0.127859148	         0.105541219	         0.233400367
 17399	    -3602000	 0.038494774	34.046930256	-71.799418633	172.759013897	 0.564555848	         0.120517892	         0.097973661	         0.218491553
 17400	    -3601000	 0.037184788	33.931675228	-64.541874842	172.650714991	 0.558575267	         0.113126672	         0.090477694	         0.203604366
 17401	    -3600000	 0.035802195	33.805686249	-57.035542932	172.541747816	 0.552044885	         0.105125413	         0.082466800	         0.187592213
 17402	    -3599000	 0.034432729	33.668159901	-49.606542211	172.413501112	 0.544926783	         0.096488910	         0.073956891	         0.170445801
 17403	    -3598000	 0.033123476	33.519007281	-42.110619105	172.277346368	 0.537221273	         0.087937286	         0.065658503	         0.153595789
 17404	    -3597000	 0.031974871	33.358997954	-34.303473966	172.114074362	 0.528974186	         0.078801444	         0.056942143	         0.135743587
 17405	    -3596000	 0.030661864	33.186626871	-26.355855966	171.915767196	 0.520115624	         0.069097895	         0.047839739	         0.116937634
 17406	    -3595000	 0.029564317	33.002710214	-18.349919606	171.657389216	 0.510697043	         0.058181755	         0.037744851	         0.095926606
 17407	    -3594000	 0.028582754	32.807680919	-10.063988140	171.436080017	 0.500751646	         0.050055946	         0.030604647	         0.080660593
 17408	    -3593000	 0.027587087	32.600199682	-1.586867474	171.209427275	 0.490224519	         0.043332446	         0.024964390	         0.068296837
 17409	    -3592000	 0.026744254	32.381806889	 6.685093861	170.973549183	 0.479209339	         0.037623984	         0.020345148	         0.057969132
 17410	    -3591000	 0.026124973	32.152014451	15.190390963	170.727113377	 0.467698897	         0.032675852	         0.016487357	         0.049163209
 17411	    -3590000	 0.025449483	31.910295688	24.035344924	170.466460710	 0.455687230	         0.028327074	         0.013186620	         0.041513693
 17412	    -3589000	 0.024802689	31.658320710	32.603377430	170.179933629	 0.443279626	         0.024579823	         0.010414533	         0.034994356
 17413	    -3588000	 0.024362879	31.394878766	41.072780149	169.875916164	 0.430441055	         0.021356474	         0.008176423	         0.029532897
 17414	    -3587000	 0.024005399	31.120677513	49.906258131	169.557786588	 0.417233572	         0.018493497	         0.006496166	         0.024989663
 17415	    -3586000	 0.023642828	30.836515436	58.852245939	169.219616966	 0.403724488	         0.016048074	         0.005221559	         0.021269632
 17416	    -3585000	 0.023383396	30.541487264	67.602886481	168.861704217	 0.389902180	         0.013941465	         0.004213883	         0.018155348
 17417	    -3584000	 0.023264580	30.237000007	76.447552472	168.475653361	 0.375865762	         0.012073958	         0.003387828	         0.015461786
 17418	    -3583000	 0.023281137	29.922664374	85.398365868	168.083769371	 0.361631488	         0.010473110	         0.002729483	         0.013202592
 17419	    -3582000	 0.023414852	29.598623462	94.391106588	167.658293676	 0.347242252	         0.009042353	         0.002178635	         0.011220988
 17420	    -3581000	 0.023645967	29.266561143	102.956634738	167.214257563	 0.332808427	         0.007829869	         0.001743182	         0.009573051
 17421	    -3580000	 0.024176474	28.925118774	111.644206468	166.754535624	 0.318307390	         0.006744633	         0.001376296	         0.008120930
 17422	    -3579000	 0.024610108	28.575688421	120.051720078	166.262867617	 0.303835597	         0.005800073	         0.001075686	         0.006875759
 17423	    -3578000	 0.025199116	28.219744418	128.053085810	165.769697499	 0.289487441	         0.004992237	         0.000834547	         0.005826784
 17424	    -3577000	 0.026008960	27.855825890	135.723354596	165.245787609	 0.275259717	         0.004267203	         0.000632453	         0.004899656
 17425	    -3576000	 0.026754555	27.486224402	143.641004716	164.700582926	 0.261475469	         0.003644722	         0.000469689	         0.004114411
 17426	    -3575000	 0.027514573	27.111533671	150.858418496	164.146743553	 0.248205854	         0.003100661	         0.000337861	         0.003438522
 17427	    -3574000	 0.028414047	26.731758916	157.987578156	163.577744636	 0.235443217	         0.002629048	         0.000234033	         0.002863081
 17428	    -3573000	 0.029421496	26.349133677	165.064932491	162.990427376	 0.223248357	         0.002208700	         0.000150538	         0.002359239
 17429	    -3572000	 0.030278148	25.963393235	172.051744842	162.387040355	 0.211593491	         0.001849617	         0.000089344	         0.001938961
 17430	    -3571000	 0.031306333	25.576490839	178.712458883	161.784066501	 0.200514689	         0.001542602	         0.000045583	         0.001588185
 17431	    -3570000	 0.032399690	25.189962330	-174.783696668	161.157852671	 0.190025836	         0.001268683	         0.000015934	         0.001284617
 17432	    -3569000	 0.033504448	24.803432291	-168.170283655	160.543691437	 0.180085613	         0.001044540	         0.000001562	         0.001046101
 17433	    -3568000	 0.034659856	24.420310070	-161.906183470	159.912611611	 0.170746223	         0.000847013	         0.000000000	         0.000847013
 17434	    -3567000	 0.035812942	24.041272019	-155.737161377	159.285451815	 0.161983113	         0.000680872	         0.000000000	         0.000680872
 17435	    -3566000	 0.037091886	23.666814193	-149.709400538	158.650302028	 0.153767612	         0.000540411	         0.000000000	         0.000540411
 17436	    -3565000	 0.038251228	23.300847132	-143.713908752	158.029881299	 0.146141164	         0.000424868	         0.000000000	         0.000424868
 17437	    -3564000	 0.039464632	22.943139084	-138.020247985	157.388671656	 0.139052507	         0.000327355	         0.000000000	         0.000327355
 17438	    -3563000	 0.040797141	22.595858062	-132.248618222	156.665195351	 0.132499590	         0.000238413	         0.000000000	         0.000238413
 17439	    -3562000	 0.042046339	22.262238455	-126.418899502	156.084813016	 0.126495461	         0.000180124	         0.000000000	         0.000180124
 17440	    -3561000	 0.043218363	21.942102055	-120.948997939	155.513034500	 0.120989948	         0.000133380	         0.000000000	         0.000133380
 17441	    -3560000	 0.044630211	21.638672075	-115.512869432	154.957176711	 0.115993099	         0.000096954	         0.000000000	         0.000096954
 17442	    -3559000	 0.046013602	21.353637861	-109.941953559	154.427982438	 0.111487329	         0.000069126	         0.000000000	         0.000069126
 17443	    -3558000	 0.047339229	21.088014314	-104.607903734	153.923421746	 0.107446094	         0.000048210	         0.000000000	         0.000048210
 17444	    -3557000	 0.048750414	20.845081916	-99.414433070	153.440063827	 0.103878471	         0.000032403	         0.000000000	         0.000032403
 17445	    -3556000	 0.050259537	20.625191889	-94.282934739	152.989755475	 0.100751486	         0.000021209	         0.000000000	         0.000021209
 17446	    -3555000	 0.051677116	20.430279444	-89.238621897	152.603865735	 0.098058488	         0.000013674	         0.000000000	         0.000013674
 17447	    -3554000	 0.053109957	20.262840941	-84.337470734	152.237265761	 0.095802633	         0.000008184	         0.000000000	         0.000008184
 17448	    -3553000	 0.054543304	20.122694582	-79.575937382	151.938578849	 0.093954425	         0.000004866	         0.000000000	         0.000004866
 17449	    -3552000	 0.055855529	20.012207633	-74.762570658	151.674664204	 0.092522526	         0.000002560	         0.000000000	         0.000002560
 17450	    -3551000	 0.057102538	19.932134242	-70.061750269	151.487824239	 0.091498441	         0.000001394	         0.000000000	         0.000001394
 17451	    -3550000	 0.058273514	19.882699209	-65.408832452	151.365609354	 0.090871868	         0.000000788	         0.000000000	         0.000000788
 17452	    -3549000	 0.059507217	19.865922766	-60.650453052	151.310613713	 0.090660208	         0.000000598	         0.000000000	         0.000000598
 17453	    -3548000	 0.060463816	19.880713792	-55.825639799	151.315432522	 0.090846793	         0.000000555	         0.000000000	         0.000000555
 17454	    -3547000	 0.061463200	19.927891590	-51.037269276	151.404900948	 0.091444498	         0.000001011	         0.000000000	         0.000001011
 17455	    -3546000	 0.062534633	20.007973218	-46.271701678	151.549961898	 0.092468085	         0.000001885	         0.000000000	         0.000001885
 17456	    -3545000	 0.063490178	20.119457783	-41.137710610	151.782818514	 0.093912163	         0.000003942	         0.000000000	         0.000003942
 17457	    -3544000	 0.064407402	20.262989920	-36.211671564	152.057359462	 0.095804617	         0.000006905	         0.000000000	         0.000006905
 17458	    -3543000	 0.065385414	20.437247660	-31.168209666	152.414313369	 0.098153512	         0.000012144	         0.000000000	         0.000012144
 17459	    -3542000	 0.066400541	20.640996546	-26.010431283	152.805029249	 0.100973065	         0.000019432	         0.000000000	         0.000019432
 17460	    -3541000	 0.067264314	20.874390140	-20.888448604	153.257436054	 0.104302519	         0.000030562	         0.000000000	         0.000030562
 17461	    -3540000	 0.068212857	21.134570865	-15.695894686	153.759142657	 0.108143671	         0.000045765	         0.000000000	         0.000045765
 17462	    -3539000	 0.069095166	21.420354695	-10.481933817	154.292169272	 0.112526031	         0.000066495	         0.000000000	         0.000066495
 17463	    -3538000	 0.069875402	21.731059778	-5.143985500	154.898767321	 0.117492275	         0.000095365	         0.000000000	         0.000095365
 17464	    -3537000	 0.070574979	22.063518891	 0.128272484	155.517140893	 0.123049216	         0.000131139	         0.000000000	         0.000131139
 17465	    -3536000	 0.071251828	22.416490328	 5.486887615	156.179329785	 0.129236936	         0.000177697	         0.000000000	         0.000177697
 17466	    -3535000	 0.071919075	22.787671386	10.968048841	156.862465615	 0.136079817	         0.000233947	         0.000000000	         0.000233947
 17467	    -3534000	 0.072288004	23.174859578	16.491499379	157.589084227	 0.143604179	         0.000304388	         0.000000000	         0.000304388
 17468	    -3533000	 0.072678929	23.576526557	22.011332219	158.339876130	 0.151849891	         0.000390846	         0.000000000	         0.000390846
 17469	    -3532000	 0.073047117	23.989349266	27.644021839	159.109262319	 0.160818247	         0.000492296	         0.000000000	         0.000492296
 17470	    -3531000	 0.073202816	24.411777063	33.423962314	159.905926659	 0.170543823	         0.000611806	         0.000000000	         0.000611806
 17471	    -3530000	 0.073231208	24.842162897	39.165143050	160.700640050	 0.181057728	         0.000755017	         0.000000000	         0.000755017
 17472	    -3529000	 0.073324228	25.277847451	44.944694229	161.586696157	 0.192361435	         0.000933070	         0.000007590	         0.000940660
 17473	    -3528000	 0.073161118	25.717376967	50.986021971	162.424305604	 0.204480104	         0.001136266	         0.000028462	         0.001164727
 17474	    -3527000	 0.072879494	26.158772219	56.964756591	163.238992411	 0.217418620	         0.001375796	         0.000062629	         0.001438424
 17475	    -3526000	 0.072579731	26.601040722	63.037386476	164.032058677	 0.231203885	         0.001657430	         0.000111394	         0.001768823
 17476	    -3525000	 0.072223487	27.043120788	69.261015390	164.803108220	 0.245856755	         0.001988139	         0.000177502	         0.002165640
 17477	    -3524000	 0.071685618	27.482475877	75.548133104	165.562593687	 0.261339264	         0.002401471	         0.000269240	         0.002670711
 17478	    -3523000	 0.071208035	27.919258280	81.921044144	166.290316594	 0.277697441	         0.002900817	         0.000390630	         0.003291447
 17479	    -3522000	 0.070660307	28.352691921	88.297571830	166.973854452	 0.294799532	         0.003506232	         0.000548081	         0.004054313
 17480	    -3521000	 0.070064850	28.780774274	94.860327171	167.628202870	 0.312283530	         0.004261686	         0.000758837	         0.005020522
 17481	    -3520000	 0.069430808	29.203580262	101.349566910	168.253461418	 0.330107335	         0.005226718	         0.001049228	         0.006275946
 17482	    -3519000	 0.068750802	29.619671961	107.806421142	168.829122418	 0.348167923	         0.006405498	         0.001430802	         0.007836300
 17483	    -3518000	 0.068179120	30.028461662	114.424297090	169.365838777	 0.366392600	         0.007862014	         0.001938970	         0.009800985
 17484	    -3517000	 0.067267839	30.429660242	120.964807136	169.868343413	 0.384719468	         0.009731230	         0.002652445	         0.012383675
 17485	    -3516000	 0.066394958	30.820628516	127.474458601	170.329887354	 0.402974795	         0.012060827	         0.003633883	         0.015694710
 17486	    -3515000	 0.065518492	31.201498735	133.932635055	170.770576102	 0.421109410	         0.014967624	         0.005002786	         0.019970410
 17487	    -3514000	 0.064400959	31.572066750	140.619833556	171.162692667	 0.439060614	         0.018611289	         0.006967070	         0.025578359
 17488	    -3513000	 0.063160483	31.929512225	147.154470082	171.540035071	 0.456638354	         0.023144588	         0.010009577	         0.033154165
 17489	    -3512000	 0.061871543	32.273538061	153.785134024	171.887666757	 0.473775463	         0.028877624	         0.014186742	         0.043064366
 17490	    -3511000	 0.060531266	32.603753604	160.551942561	172.220188970	 0.490404343	         0.036092298	         0.019699819	         0.055792117
 17491	    -3510000	 0.058948279	32.918993863	167.343679598	172.544686985	 0.506422367	         0.045614555	         0.027460183	         0.073074738
 17492	    -3509000	 0.057530362	33.218522257	174.254977217	172.899963092	 0.521752638	         0.059614908	         0.039789898	         0.099404807
 17493	    -3508000	 0.056023242	33.501119408	-178.723285272	173.165444472	 0.536298266	         0.073003303	         0.051914923	         0.124918226
 17494	    -3507000	 0.054434924	33.767438458	-171.572607189	173.369652107	 0.550064095	         0.085709929	         0.063734754	         0.149444683
 17495	    -3506000	 0.052940113	34.017109251	-164.453323833	173.549480156	 0.563007904	         0.098760095	         0.076201155	         0.174961249
 17496	    -3505000	 0.051473173	34.248732463	-157.270866997	173.706317683	 0.575038844	         0.111630382	         0.088802210	         0.200432592
 17497	    -3504000	 0.050065887	34.463511742	-149.917648310	173.831037194	 0.586205812	         0.123964788	         0.101159574	         0.225124362
 17498	    -3503000	 0.048468343	34.661297392	-142.488905867	173.952724655	 0.596491566	         0.135999006	         0.113419565	         0.249418570
 17499	    -3502000	 0.046966844	34.841628357	-135.261738235	174.076828476	 0.605866081	         0.147232676	         0.124989277	         0.272221953
 17500	    -3501000	 0.045568044	35.005360679	-127.802767950	174.181117225	 0.614370618	         0.157279966	         0.135491513	         0.292771479
 17501	    -3500000	 0.044031404	35.151854996	-120.149305441	174.285587528	 0.621970956	         0.166120528	         0.144777345	         0.310897873
 17502	    -3499000	 0.042477118	35.281998231	-112.595401194	174.388383400	 0.628713750	         0.173334151	         0.152319254	         0.325653405
 17503	    -3498000	 0.041024395	35.396079930	-104.907683274	174.489485151	 0.634615698	         0.179345459	         0.158623434	         0.337968893
 17504	    -3497000	 0.039498612	35.493024079	-96.921030532	174.578563121	 0.639623666	         0.183013160	         0.162425590	         0.345438750
 17505	    -3496000	 0.038020456	35.574060368	-89.042494025	174.682468567	 0.643804051	         0.185137153	         0.164503381	         0.349640534
 17506	    -3495000	 0.036629296	35.638828912	-80.938312350	174.775162337	 0.647141102	         0.185290742	         0.164424761	         0.349715504
 17507	    -3494000	 0.035353744	35.686951550	-72.549542404	174.874574129	 0.649617977	         0.183816313	         0.162580831	         0.346397143
 17508	    -3493000	 0.033914993	35.719349210	-64.059931548	174.966155492	 0.651284215	         0.180022329	         0.158235729	         0.338258058
 17509	    -3492000	 0.032659790	35.735081423	-55.544580705	175.051540373	 0.652092956	         0.175496691	         0.153193808	         0.328690499
 17510	    -3491000	 0.031532473	35.734908820	-46.855648256	175.131297986	 0.652084084	         0.170054203	         0.147216685	         0.317270888
 17511	    -3490000	 0.030449098	35.719301357	-37.760239994	175.205454482	 0.651281755	         0.163586503	         0.140204989	         0.303791492
 17512	    -3489000	 0.029408899	35.687168636	-28.516708283	175.277218420	 0.649629145	         0.156429620	         0.132498593	         0.288928213
 17513	    -3488000	 0.028411351	35.640119187	-19.220219489	175.328009384	 0.647207541	         0.148812442	         0.124437293	         0.273249735
 17514	    -3487000	 0.027739908	35.578197036	-9.710291215	175.379765676	 0.644017296	         0.141211727	         0.116501687	         0.257713414
 17515	    -3486000	 0.027042307	35.501053316	 0.281446703	175.408563986	 0.640038112	         0.132928711	         0.108032305	         0.240961017
 17516	    -3485000	 0.026585833	35.410348565	10.051139477	175.432320466	 0.635353239	         0.125164412	         0.100200216	         0.225364628
 17517	    -3484000	 0.026308734	35.305403438	19.815566563	175.442267670	 0.629925312	         0.117740530	         0.092835422	         0.210575952
 17518	    -3483000	 0.026207209	35.187030203	29.989981110	175.419790484	 0.623794345	         0.110011496	         0.085331439	         0.195342935
 17519	    -3482000	 0.026112510	35.056399890	39.501728360	175.378493326	 0.617019700	         0.103323776	         0.078949301	         0.182273077
 17520	    -3481000	 0.026322102	34.912664312	48.956741962	175.297504112	 0.609556869	         0.096371107	         0.072429957	         0.168801064
 17521	    -3480000	 0.026588500	34.757187320	58.363826349	175.198079874	 0.601477151	         0.090208174	         0.066750179	         0.156958353
 17522	    -3479000	 0.026845406	34.590115798	67.651855521	175.056300405	 0.592789955	         0.084082507	         0.061206981	         0.145289489
 17523	    -3478000	 0.027190796	34.411287285	76.432671491	174.887714347	 0.583489992	         0.078626998	         0.056343961	         0.134970960
 17524	    -3477000	 0.027660540	34.222135881	85.163774027	174.684347821	 0.573656574	         0.073349694	         0.051701668	         0.125051362
 17525	    -3476000	 0.028233631	34.021762851	93.897191606	174.446096924	 0.563249439	         0.068195505	         0.047215403	         0.115410908
 17526	    -3475000	 0.028737122	33.810971887	102.386690818	174.166128839	 0.552318685	         0.063359306	         0.043062104	         0.106421410
 17527	    -3474000	 0.029387350	33.590810935	110.628826063	173.831795663	 0.540928777	         0.058192942	         0.038631096	         0.096824038
 17528	    -3473000	 0.030175188	33.359885677	118.672442876	173.465587168	 0.529019880	         0.052904690	         0.034105457	         0.087010146
 17529	    -3472000	 0.030993139	33.119730032	126.734607835	173.019346910	 0.516685561	         0.046481490	         0.028535915	         0.075017405
 17530	    -3471000	 0.031849336	32.870430951	134.341280297	172.527594969	 0.503946500	         0.039896506	         0.022870675	         0.062767181
 17531	    -3470000	 0.032862740	32.611169708	141.690314071	172.059835095	 0.490779646	         0.035400517	         0.019151787	         0.054552305
 17532	    -3469000	 0.033890492	32.343598879	149.067291396	171.588819519	 0.477289618	         0.031869184	         0.016289622	         0.048158807
 17533	    -3468000	 0.034841575	32.066877491	156.107393873	171.109337148	 0.463456544	         0.028773505	         0.013813570	         0.042587076
 17534	    -3467000	 0.035939687	31.781285768	162.727027819	170.624464587	 0.449319540	         0.026051399	         0.011647312	         0.037698711
 17535	    -3466000	 0.037076913	31.487881948	169.590154334	170.114196111	 0.434957260	         0.023679788	         0.009729981	         0.033409769
 17536	    -3465000	 0.038052469	31.185621467	176.163316073	169.596107169	 0.420346860	         0.021437245	         0.008096805	         0.029534050
 17537	    -3464000	 0.039135373	30.875821616	-177.485450414	169.076436719	 0.405581898	         0.019462322	         0.006856866	         0.026319188
 17538	    -3463000	 0.040298148	30.558375502	-171.141086175	168.551032880	 0.390687620	         0.017618646	         0.005792437	         0.023411083
 17539	    -3462000	 0.041384197	30.232868125	-164.784295268	168.020365041	 0.375676941	         0.015954061	         0.004910828	         0.020864889
 17540	    -3461000	 0.042510655	29.901391999	-158.611778910	167.491713481	 0.360677888	         0.014414306	         0.004152483	         0.018566789
 17541	    -3460000	 0.043614095	29.562549198	-152.599235470	166.944820798	 0.345658727	         0.012940100	         0.003475582	         0.016415681
 17542	    -3459000	 0.044892971	29.216926161	-146.501727827	166.405085261	 0.330678723	         0.011597065	         0.002894844	         0.014491909
 17543	    -3458000	 0.046026730	28.866552216	-140.555072137	165.852600046	 0.315855549	         0.010315965	         0.002380668	         0.012696633
 17544	    -3457000	 0.047153531	28.509721744	-134.669440409	165.303928215	 0.301146217	         0.009131700	         0.001934147	         0.011065847
 17545	    -3456000	 0.048414310	28.147819349	-128.928540247	164.743614808	 0.286637161	         0.008019512	         0.001544317	         0.009563829
 17546	    -3455000	 0.049532071	27.781791354	-123.061916086	164.188613577	 0.272441599	         0.007017825	         0.001218486	         0.008236312
 17547	    -3454000	 0.050652736	27.410960577	-117.429754953	163.629257169	 0.258754258	         0.006079317	         0.000933583	         0.007012900
 17548	    -3453000	 0.051790771	27.036994425	-111.757038441	163.060050366	 0.245647481	         0.005209657	         0.000689864	         0.005899521
 17549	    -3452000	 0.052987974	26.659457789	-105.951969171	162.485422973	 0.233088897	         0.004431228	         0.000490094	         0.004921322
 17550	    -3451000	 0.053940468	26.279305963	-100.278808779	161.921321088	 0.221091979	         0.003723126	         0.000327656	         0.004050782
 17551	    -3450000	 0.055133499	25.897778481	-94.692132202	161.355613469	 0.209672437	         0.003117030	         0.000207181	         0.003324211
 17552	    -3449000	 0.056379440	25.513817625	-88.994096281	160.769991698	 0.198775476	         0.002552728	         0.000111973	         0.002664701
 17553	    -3448000	 0.057477520	25.129694948	-83.290657527	160.190149153	 0.188440607	         0.002066958	         0.000048411	         0.002115369
 17554	    -3447000	 0.058693564	24.745738426	-77.761821640	159.612039869	 0.178647202	         0.001655363	         0.000011462	         0.001666825
 17555	    -3446000	 0.059902063	24.361759768	-72.272980284	159.024364772	 0.169362246	         0.001300384	         0.000000000	         0.001300384
 17556	    -3445000	 0.061167148	23.980425447	-66.763300724	158.440339446	 0.160618890	         0.001005904	         0.000000000	         0.001005904
 17557	    -3444000	 0.062368525	23.601051867	-61.387437905	157.849434630	 0.152368433	         0.000765654	         0.000000000	         0.000765654
 17558	    -3443000	 0.063533235	23.225080999	-56.108739276	157.245413215	 0.144610155	         0.000567092	         0.000000000	         0.000567092
 17559	    -3442000	 0.064720161	22.854778367	-50.849478729	156.610337470	 0.137355090	         0.000406718	         0.000000000	         0.000406718
 17560	    -3441000	 0.065759774	22.489503482	-45.594178049	155.898495190	 0.130555218	         0.000273914	         0.000000000	         0.000273914
 17561	    -3440000	 0.066742146	22.132075179	-40.534357364	155.347028068	 0.124227396	         0.000191101	         0.000000000	         0.000191101
 17562	    -3439000	 0.067799623	21.783617394	-35.435843988	154.779071005	 0.118353759	         0.000127367	         0.000000000	         0.000127367
 17563	    -3438000	 0.068637947	21.444789093	-30.271695978	154.224437067	 0.112908862	         0.000082178	         0.000000000	         0.000082178
 17564	    -3437000	 0.069420497	21.119117172	-25.245706003	153.667008660	 0.107911621	         0.000049452	         0.000000000	         0.000049452
 17565	    -3436000	 0.070229378	20.806483131	-20.315008817	153.119353639	 0.103322631	         0.000027229	         0.000000000	         0.000027229
 17566	    -3435000	 0.071037309	20.509440022	-15.204785516	152.582112329	 0.099143415	         0.000012957	         0.000000000	         0.000012957
 17567	    -3434000	 0.071624054	20.231399958	-10.261417068	152.068541586	 0.095384861	         0.000004362	         0.000000000	         0.000004362
 17568	    -3433000	 0.072243906	19.971864537	-5.321522157	151.545170494	 0.092005140	         0.000000253	         0.000000000	         0.000000253
 17569	    -3432000	 0.072936168	19.734478291	-0.423650501	151.081142996	 0.089018816	         0.000000000	         0.000000000	         0.000000000
 17570	    -3431000	 0.073395923	19.521592801	 4.503367599	150.607126832	 0.086423245	         0.000000000	         0.000000000	         0.000000000
 17571	    -3430000	 0.073926509	19.333784537	 9.349826721	150.204601261	 0.084196330	         0.000000000	         0.000000000	         0.000000000
 17572	    -3429000	 0.074347387	19.174133280	14.182725192	149.809915179	 0.082348464	         0.000000000	         0.000000000	         0.000000000
 17573	    -3428000	 0.074771619	19.043389245	19.068553418	149.479248064	 0.080865427	         0.000000000	         0.000000000	         0.000000000
 17574	    -3427000	 0.075070295	18.943810066	23.881408303	149.224850287	 0.079753839	         0.000000000	         0.000000000	         0.000000000
 17575	    -3426000	 0.075347795	18.876722629	28.709356078	149.068396613	 0.079013579	         0.000000000	         0.000000000	         0.000000000
 17576	    -3425000	 0.075760169	18.841571097	33.512738422	149.012364636	 0.078628455	         0.000000000	         0.000000000	         0.000000000
 17577	    -3424000	 0.075880783	18.841312352	38.438159510	149.061300116	 0.078625627	         0.000000000	         0.000000000	         0.000000000
 17578	    -3423000	 0.076099366	18.875203839	43.194142493	149.236011402	 0.078996900	         0.000000000	         0.000000000	         0.000000000
 17579	    -3422000	 0.076282045	18.942525842	47.964175626	149.536238765	 0.079739604	         0.000000000	         0.000000000	         0.000000000
 17580	    -3421000	 0.076379753	19.045133560	52.889157793	149.935084678	 0.080885036	         0.000000000	         0.000000000	         0.000000000
 17581	    -3420000	 0.076271710	19.180490178	57.650753440	150.406710347	 0.082421260	         0.000000000	         0.000000000	         0.000000000
 17582	    -3419000	 0.076157990	19.348925181	62.476642404	150.937757077	 0.084373712	         0.000000000	         0.000000000	         0.000000000
 17583	    -3418000	 0.075922934	19.550079418	67.419442710	151.546288993	 0.086766128	         0.000000000	         0.000000000	         0.000000000
 17584	    -3417000	 0.075434577	19.780872844	72.420142928	152.187786670	 0.089594739	         0.000000000	         0.000000000	         0.000000000
 17585	    -3416000	 0.074886177	20.042344573	77.438200399	152.861809497	 0.092910919	         0.000000000	         0.000000000	         0.000000000
 17586	    -3415000	 0.074220848	20.332048449	82.620072919	153.561423897	 0.096728687	         0.000000000	         0.000000000	         0.000000000
 17587	    -3414000	 0.073396220	20.647852179	88.004439930	154.273314441	 0.101069332	         0.000001515	         0.000000000	         0.000001515
 17588	    -3413000	 0.072497284	20.990127151	93.469656524	155.033104333	 0.105994049	         0.000007928	         0.000000000	         0.000007928
 17589	    -3412000	 0.071534523	21.355475536	99.092731964	155.761669338	 0.111515810	         0.000018791	         0.000000000	         0.000018791
 17590	    -3411000	 0.070592039	21.743471769	104.941728490	156.511409106	 0.117695156	         0.000037189	         0.000000000	         0.000037189
 17591	    -3410000	 0.069564771	22.153016357	110.913724790	157.237647368	 0.124589527	         0.000064541	         0.000000000	         0.000064541
 17592	    -3409000	 0.068550779	22.580367309	116.942565203	157.967602446	 0.132214597	         0.000105576	         0.000000000	         0.000105576
 17593	    -3408000	 0.067731591	23.026363836	123.107002544	158.678832436	 0.140670440	         0.000165019	         0.000000000	         0.000165019
 17594	    -3407000	 0.066638104	23.488441193	129.478319694	159.386359082	 0.150001997	         0.000251469	         0.000000000	         0.000251469
 17595	    -3406000	 0.065594190	23.963634029	135.773334079	160.070332818	 0.160244442	         0.000374587	         0.000000000	         0.000374587
 17596	    -3405000	 0.064615427	24.451914442	142.077831789	160.854226533	 0.171497963	         0.000562905	         0.000000000	         0.000562905
 17597	    -3404000	 0.063567540	24.949995591	148.643207661	161.541037924	 0.183791997	         0.000818805	         0.000001298	         0.000820103
 17598	    -3403000	 0.062318991	25.456885732	155.134776310	162.210178295	 0.197208668	         0.001175527	         0.000023394	         0.001198921
 17599	    -3402000	 0.061070770	25.969837809	161.726447837	162.849892454	 0.211783120	         0.001660683	         0.000076325	         0.001737008
 17600	    -3401000	 0.059762719	26.485914662	168.406616054	163.466199620	 0.227533486	         0.002321148	         0.000175721	         0.002496869
 17601	    -3400000	 0.058265387	27.005707872	175.251130188	164.068216814	 0.244581521	         0.003223037	         0.000348313	         0.003571350
 17602	    -3399000	 0.056832602	27.524682900	-177.812579090	164.648268960	 0.262876989	         0.004397761	         0.000614429	         0.005012190
 17603	    -3398000	 0.055310793	28.040719436	-170.764450575	165.220782533	 0.282423814	         0.005950278	         0.001020716	         0.006970993
 17604	    -3397000	 0.053763890	28.554823547	-163.385451481	165.760039103	 0.302983484	         0.007947053	         0.001617794	         0.009564847
 17605	    -3396000	 0.052165242	29.062499905	-156.067143624	166.314985038	 0.324099744	         0.010489143	         0.002486929	         0.012976073
 17606	    -3395000	 0.050591107	29.562844960	-148.501298042	166.854027785	 0.345671694	         0.013743874	         0.003772068	         0.017515941
 17607	    -3394000	 0.049193847	30.055966849	-140.784467455	167.389804651	 0.367635384	         0.017713878	         0.005581241	         0.023295119
 17608	    -3393000	 0.047613872	30.538926285	-132.667456604	167.931882641	 0.389783136	         0.022640791	         0.008247473	         0.030888264
 17609	    -3392000	 0.046170646	31.012065106	-124.678273436	168.480306601	 0.412048130	         0.028486331	         0.012313741	         0.040800071
 17610	    -3391000	 0.044849562	31.473588411	-116.456004230	169.032285912	 0.434262002	         0.035502674	         0.017893477	         0.053396151
 17611	    -3390000	 0.043700678	31.922662612	-107.904277598	169.596104057	 0.456299255	         0.044162398	         0.025051908	         0.069214306
 17612	    -3389000	 0.042403058	32.359789994	-99.368603848	170.177835665	 0.478102846	         0.054313015	         0.033840911	         0.088153926
 17613	    -3388000	 0.041396161	32.781998234	-90.729590536	170.786680781	 0.499445474	         0.067181240	         0.045571961	         0.112753201
 17614	    -3387000	 0.040423257	33.189963546	-81.831283420	171.475447987	 0.520286830	         0.086686227	         0.064570333	         0.151256560
 17615	    -3386000	 0.039509382	33.583355803	-73.000041303	172.090471870	 0.540543661	         0.102879242	         0.080511432	         0.183390673
 17616	    -3385000	 0.038746849	33.958884086	-64.133133737	172.661973577	 0.559986615	         0.115957044	         0.093344713	         0.209301757
 17617	    -3384000	 0.038081464	34.317837533	-55.191796838	173.183316092	 0.578631058	         0.126091368	         0.103256405	         0.229347774
 17618	    -3383000	 0.037377651	34.658855163	-46.011888998	173.703016632	 0.596364571	         0.134608459	         0.111533257	         0.246141715
 17619	    -3382000	 0.036703033	34.979452086	-36.959784761	174.200574375	 0.613025489	         0.141313178	         0.117941985	         0.259255163
 17620	    -3381000	 0.036120735	35.280632118	-27.891069801	174.672332246	 0.628643022	         0.146240060	         0.122505309	         0.268745369
 17621	    -3380000	 0.035708473	35.560291750	-18.560341693	175.144761590	 0.643094170	         0.149896230	         0.125725096	         0.275621326
 17622	    -3379000	 0.035294966	35.818016288	-8.947723482	175.589605688	 0.656352098	         0.151536993	         0.126906891	         0.278443884
 17623	    -3378000	 0.034957621	36.053537555	 0.513047910	176.027107516	 0.668404595	         0.152317059	         0.127199504	         0.279516564
 17624	    -3377000	 0.034867664	36.264881879	 9.993701212	176.451531806	 0.679158601	         0.152135455	         0.126520014	         0.278655469
 17625	    -3376000	 0.034968124	36.453559452	19.719194459	176.848158212	 0.688703102	         0.150792963	         0.124707105	         0.275500068
 17626	    -3375000	 0.035165575	36.618570990	29.226899895	177.202270459	 0.697002054	         0.148904235	         0.122419969	         0.271324204
 17627	    -3374000	 0.035564571	36.758724785	38.472810891	177.539861863	 0.704012184	         0.146854540	         0.119995083	         0.266849623
 17628	    -3373000	 0.036249807	36.875872956	47.748049879	177.836327933	 0.709842462	         0.144267578	         0.117108998	         0.261376576
 17629	    -3372000	 0.036789601	36.969051504	56.611301660	178.083620542	 0.714459795	         0.141896726	         0.114518684	         0.256415410
 17630	    -3371000	 0.037552687	37.038521945	65.113735808	178.296996262	 0.717890284	         0.139544408	         0.111994825	         0.251539232
 17631	    -3370000	 0.038383391	37.085447238	73.442621455	178.468739114	 0.720201495	         0.137308556	         0.109650179	         0.246958735
 17632	    -3369000	 0.039142059	37.108374167	81.713088864	178.588467436	 0.721328926	         0.135417342	         0.107709676	         0.243127018
 17633	    -3368000	 0.039884101	37.109148027	89.605962059	178.654395085	 0.721366960	         0.133809859	         0.106094567	         0.239904426
 17634	    -3367000	 0.040596293	37.088012850	97.413666180	178.668933967	 0.720327718	         0.132568666	         0.104898906	         0.237467572
 17635	    -3366000	 0.041456118	37.043572941	105.086859856	178.645209364	 0.718139295	         0.131603510	         0.103998234	         0.235601745
 17636	    -3365000	 0.042113406	36.977947215	112.809812265	178.553804843	 0.714899652	         0.131022868	         0.103540272	         0.234563140
 17637	    -3364000	 0.042872368	36.890625680	120.323805680	178.420156746	 0.710574717	         0.130637876	         0.103317105	         0.233954981
 17638	    -3363000	 0.043670617	36.781401490	127.637546016	178.245578445	 0.705142894	         0.130449953	         0.103321209	         0.233771162
 17639	    -3362000	 0.044559501	36.651439312	135.171450102	178.022478864	 0.698649334	         0.130512176	         0.103599894	         0.234112070
 17640	    -3361000	 0.045344666	36.499870143	142.352634726	177.747128379	 0.691036964	         0.130453929	         0.103824984	         0.234278913
 17641	    -3360000	 0.046275551	36.328052902	149.465519263	177.432356658	 0.682360413	         0.130372849	         0.104066962	         0.234439811
 17642	    -3359000	 0.047287225	36.136669559	156.506792875	177.084159792	 0.672642090	         0.130172453	         0.104213511	         0.234385964
 17643	    -3358000	 0.048170110	35.924449607	163.445275021	176.695739801	 0.661806904	         0.129771034	         0.104210664	         0.233981697
 17644	    -3357000	 0.049135566	35.693572330	170.083275611	176.285461232	 0.649958574	         0.128920642	         0.103769041	         0.232689683
 17645	    -3356000	 0.050216525	35.444431603	176.829176087	175.817900549	 0.637114365	         0.127351618	         0.102676228	         0.230027846
 17646	    -3355000	 0.051168019	35.176676465	-176.520563941	175.332448485	 0.623257704	         0.125355789	         0.101144850	         0.226500639
 17647	    -3354000	 0.052124761	34.892262051	-170.127276624	174.818465878	 0.608496986	         0.122379331	         0.098667218	         0.221046549
 17648	    -3353000	 0.053161997	34.590733004	-163.740039187	174.290571269	 0.592822053	         0.118608757	         0.095347023	         0.213955780
 17649	    -3352000	 0.054220456	34.273638287	-157.354630734	173.722112153	 0.576333387	         0.113571963	         0.090776851	         0.204348814
 17650	    -3351000	 0.055171454	33.942327477	-151.101951682	173.126010346	 0.559127768	         0.106887108	         0.084511051	         0.191398159
 17651	    -3350000	 0.056119560	33.596039366	-144.950331828	172.500770213	 0.541198891	         0.098370240	         0.076349628	         0.174719867
 17652	    -3349000	 0.057176635	33.236976261	-138.889931065	171.821730170	 0.522700242	         0.087144181	         0.065403104	         0.152547285
 17653	    -3348000	 0.058154000	32.866490780	-132.776752491	171.046717641	 0.503745746	         0.070611929	         0.049015929	         0.119627857
 17654	    -3347000	 0.058998076	32.484400281	-126.798743268	170.363960086	 0.484375105	         0.060303857	         0.039314123	         0.099617979
 17655	    -3346000	 0.059957715	32.091979488	-120.954325174	169.695435638	 0.464706078	         0.051948585	         0.031733785	         0.083682370
 17656	    -3345000	 0.060796903	31.690279718	-114.936296709	169.047429711	 0.444846599	         0.044759935	         0.025383939	         0.070143874
 17657	    -3344000	 0.061547908	31.280618364	-109.093889276	168.402806204	 0.424917603	         0.038442800	         0.019979791	         0.058422591
 17658	    -3343000	 0.062308856	30.863471166	-103.225783412	167.785030587	 0.404997885	         0.032980593	         0.015384492	         0.048365085
 17659	    -3342000	 0.063151656	30.438753797	-97.246549890	167.155419483	 0.385139730	         0.027981014	         0.011254155	         0.039235169
 17660	    -3341000	 0.063755818	30.009044825	-91.285583283	166.554809380	 0.365516512	         0.023680108	         0.008427482	         0.032107590
 17661	    -3340000	 0.064541063	29.574269763	-85.409807570	165.951922722	 0.346172806	         0.019780796	         0.006244521	         0.026025317
 17662	    -3339000	 0.065367341	29.134323511	-79.526057662	165.358188161	 0.327150734	         0.016399267	         0.004599664	         0.020998931
 17663	    -3338000	 0.066151596	28.691251936	-73.473920571	164.768401389	 0.308579819	         0.013474940	         0.003342392	         0.016817332
 17664	    -3337000	 0.066949650	28.244712756	-67.648976741	164.183618629	 0.290480777	         0.010941224	         0.002376506	         0.013317731
 17665	    -3336000	 0.067737767	27.795922077	-61.806465276	163.594926647	 0.272977247	         0.008764676	         0.001637994	         0.010402670
 17666	    -3335000	 0.068686838	27.345744090	-55.986070910	163.007088298	 0.256419226	         0.006972544	         0.001098682	         0.008071225
 17667	    -3334000	 0.069504126	26.893689992	-50.231540790	162.415898626	 0.240802763	         0.005463237	         0.000695492	         0.006158729
 17668	    -3333000	 0.070300645	26.441735421	-44.541346654	161.826880795	 0.226140503	         0.004232687	         0.000412544	         0.004645230
 17669	    -3332000	 0.071113090	25.990571565	-38.955292903	161.243120217	 0.212394358	         0.003251378	         0.000222551	         0.003473929
 17670	    -3331000	 0.071842988	25.540098752	-33.264284158	160.649002665	 0.199502946	         0.002452635	         0.000100562	         0.002553197
 17671	    -3330000	 0.072406265	25.092130438	-27.792609353	160.041935799	 0.187459235	         0.001818195	         0.000030287	         0.001848482
 17672	    -3329000	 0.073080084	24.647180306	-22.266442487	159.427011565	 0.176216498	         0.001324598	         0.000000968	         0.001325566
 17673	    -3328000	 0.073660068	24.206514542	-16.653879480	158.812257254	 0.165746713	         0.000949136	         0.000000000	         0.000949136
 17674	    -3327000	 0.074014870	23.771326278	-11.162414932	158.050731056	 0.156017726	         0.000639399	         0.000000000	         0.000639399
 17675	    -3326000	 0.074449847	23.341971229	-5.721945235	157.476123676	 0.146978935	         0.000444583	         0.000000000	         0.000444583
 17676	    -3325000	 0.074894167	22.920781739	-0.202993534	156.895424047	 0.138621049	         0.000299981	         0.000000000	         0.000299981
 17677	    -3324000	 0.075141015	22.508605105	 5.313329142	156.320914292	 0.130902319	         0.000197906	         0.000000000	         0.000197906
 17678	    -3323000	 0.075376696	22.106269580	10.752094963	155.737120149	 0.123782594	         0.000125134	         0.000000000	         0.000125134
 17679	    -3322000	 0.075606119	21.715448151	16.161613999	155.138560638	 0.117237591	         0.000074616	         0.000000000	         0.000074616
 17680	    -3321000	 0.075745869	21.337240840	21.664542331	154.539398636	 0.111233518	         0.000040969	         0.000000000	         0.000040969
 17681	    -3320000	 0.075802194	20.973295275	27.084429099	153.963097031	 0.105746352	         0.000019996	         0.000000000	         0.000019996
 17682	    -3319000	 0.075801885	20.624069003	32.486133711	153.363343643	 0.100735762	         0.000007153	         0.000000000	         0.000007153
 17683	    -3318000	 0.075831381	20.290818599	37.942126269	152.768624943	 0.096175925	         0.000000719	         0.000000000	         0.000000719
 17684	    -3317000	 0.075726970	19.975778665	43.391545670	152.151521139	 0.092055211	         0.000000000	         0.000000000	         0.000000000
 17685	    -3316000	 0.075611891	19.678781541	48.822825521	151.562860801	 0.088332307	         0.000000000	         0.000000000	         0.000000000
 17686	    -3315000	 0.075584368	19.401153968	54.162213634	150.935813232	 0.084988477	         0.000000000	         0.000000000	         0.000000000
 17687	    -3314000	 0.075440197	19.144805234	59.700254196	150.319545831	 0.082013446	         0.000000000	         0.000000000	         0.000000000
 17688	    -3313000	 0.075277505	18.909629205	64.980126606	149.674238740	 0.079375816	         0.000000000	         0.000000000	         0.000000000
 17689	    -3312000	 0.075096588	18.697578420	70.241866936	148.962572609	 0.077070353	         0.000000000	         0.000000000	         0.000000000
 17690	    -3311000	 0.075005988	18.509118955	75.614455661	148.095657031	 0.075077643	         0.000000000	         0.000000000	         0.000000000
 17691	    -3310000	 0.074595064	18.344709740	80.814377889	146.369923566	 0.073381359	         0.000000000	         0.000000000	         0.000000000
 17692	    -3309000	 0.074298218	18.206553359	85.985982711	146.372697481	 0.071985607	         0.000000000	         0.000000000	         0.000000000
 17693	    -3308000	 0.073866748	18.094061625	91.136870178	146.375054344	 0.070868769	         0.000000000	         0.000000000	         0.000000000
 17694	    -3307000	 0.073267492	18.008544262	96.355680778	146.376995363	 0.070031345	         0.000000000	         0.000000000	         0.000000000
 17695	    -3306000	 0.072559339	17.951337744	101.515699664	146.378483046	 0.069476685	         0.000000000	         0.000000000	         0.000000000
 17696	    -3305000	 0.071711374	17.921978806	106.728065470	146.379538157	 0.069193736	         0.000000000	         0.000000000	         0.000000000
 17697	    -3304000	 0.070881213	17.922159329	112.095334542	146.380264629	 0.069195472	         0.000000000	         0.000000000	         0.000000000
 17698	    -3303000	 0.069792952	17.951657940	117.522841990	146.380469245	 0.069479777	         0.000000000	         0.000000000	         0.000000000
 17699	    -3302000	 0.068765467	18.010615281	123.078905348	146.380347618	 0.070051508	         0.000000000	         0.000000000	         0.000000000
 17700	    -3301000	 0.067745606	18.100630396	128.738536071	146.379864999	 0.070933506	         0.000000000	         0.000000000	         0.000000000
 17701	    -3300000	 0.066621532	18.219995129	134.643906104	146.378948418	 0.072120231	         0.000000000	         0.000000000	         0.000000000
 17702	    -3299000	 0.065535573	18.369484405	140.520405365	147.360859783	 0.073634496	         0.000000000	         0.000000000	         0.000000000
 17703	    -3298000	 0.064549719	18.549334914	146.554037883	148.674553782	 0.075498503	         0.000000000	         0.000000000	         0.000000000
 17704	    -3297000	 0.063567229	18.757393127	152.876358711	149.485950962	 0.077713806	         0.000000000	         0.000000000	         0.000000000
 17705	    -3296000	 0.062449174	18.994733134	159.181660392	150.190751345	 0.080320364	         0.000000000	         0.000000000	         0.000000000
 17706	    -3295000	 0.061501734	19.259228109	165.486999857	150.883289594	 0.083328280	         0.000000000	         0.000000000	         0.000000000
 17707	    -3294000	 0.060615151	19.549434924	172.077870621	151.547965836	 0.086758356	         0.000000000	         0.000000000	         0.000000000
 17708	    -3293000	 0.059597918	19.865744081	178.776851560	152.179763413	 0.090657957	         0.000000000	         0.000000000	         0.000000000
 17709	    -3292000	 0.058635104	20.204303376	-174.502482375	152.839757709	 0.095026277	         0.000001745	         0.000000000	         0.000001745
 17710	    -3291000	 0.057659569	20.564752860	-167.637237727	153.484102188	 0.099908616	         0.000010500	         0.000000000	         0.000010500
 17711	    -3290000	 0.056715372	20.946324961	-160.567888413	154.124513947	 0.105350665	         0.000027426	         0.000000000	         0.000027426
 17712	    -3289000	 0.055801173	21.344660659	-153.431498333	154.770002102	 0.111348298	         0.000056765	         0.000000000	         0.000056765
 17713	    -3288000	 0.054831836	21.760113718	-146.144671205	155.396306941	 0.117967727	         0.000101207	         0.000000000	         0.000101207
 17714	    -3287000	 0.054056739	22.190793353	-138.646271675	156.030920582	 0.125245468	         0.000169505	         0.000000000	         0.000169505
 17715	    -3286000	 0.053048421	22.633818666	-131.016833911	156.812512522	 0.133200575	         0.000285950	         0.000000000	         0.000285950
 17716	    -3285000	 0.052171072	23.089005548	-123.276390951	157.492136702	 0.141900634	         0.000438250	         0.000000000	         0.000438250
 17717	    -3284000	 0.051440187	23.553755994	-115.419713193	158.162355338	 0.151370029	         0.000651043	         0.000000000	         0.000651043
 17718	    -3283000	 0.050756811	24.028166473	-107.083344791	158.825521269	 0.161688302	         0.000935435	         0.000000000	         0.000935435
 17719	    -3282000	 0.050042260	24.510606471	-98.832175953	159.481035775	 0.172902799	         0.001306871	         0.000000267	         0.001307139
 17720	    -3281000	 0.049501766	24.998358962	-90.400791659	160.134113889	 0.185031702	         0.001768730	         0.000026600	         0.001795329
 17721	    -3280000	 0.049260140	25.493303573	-81.818164825	160.801962667	 0.198209485	         0.002369821	         0.000094655	         0.002464476
 17722	    -3279000	 0.048983086	25.992941514	-73.001143193	161.474355924	 0.212464337	         0.003088118	         0.000209025	         0.003297143
 17723	    -3278000	 0.048990768	26.494795364	-64.321505028	162.142341839	 0.227814530	         0.003927283	         0.000376485	         0.004303767
 17724	    -3277000	 0.049153335	27.000790734	-55.596292773	162.836013418	 0.244414411	         0.004953339	         0.000620991	         0.005574331
 17725	    -3276000	 0.049433825	27.508205564	-46.843998708	163.542863372	 0.262275598	         0.006152039	         0.000950038	         0.007102077
 17726	    -3275000	 0.049824000	28.015349987	-38.410825725	164.267814779	 0.281431199	         0.007548232	         0.001376455	         0.008924687
 17727	    -3274000	 0.050297478	28.522110325	-29.946383397	165.002160777	 0.301650241	         0.009110421	         0.001907325	         0.011017746
 17728	    -3273000	 0.050861860	29.025855608	-21.591007419	165.750852611	 0.322549125	         0.010832808	         0.002550483	         0.013383292
 17729	    -3272000	 0.051280031	29.526636774	-13.271727639	166.531094827	 0.344086018	         0.012767834	         0.003354038	         0.016121872
 17730	    -3271000	 0.051736045	30.021367081	-5.131618011	167.317984247	 0.366072373	         0.014861745	         0.004307551	         0.019169295
 17731	    -3270000	 0.052235059	30.508376510	 2.961188328	168.129944986	 0.388364339	         0.017243857	         0.005519892	         0.022763749
 17732	    -3269000	 0.052852362	30.988493909	11.256438839	168.964628792	 0.410926337	         0.019814525	         0.006996165	         0.026810689
 17733	    -3268000	 0.053191608	31.457179383	19.418892757	169.821483155	 0.433464363	         0.022730781	         0.008929302	         0.031660083
 17734	    -3267000	 0.053770369	31.914059557	27.527354187	170.667723116	 0.455873470	         0.026008647	         0.011594545	         0.037603193
 17735	    -3266000	 0.054469055	32.359575459	35.704931741	171.546405315	 0.478092068	         0.029993739	         0.014834548	         0.044828287
 17736	    -3265000	 0.055154848	32.789855268	43.864093182	172.439994344	 0.499844978	         0.034998275	         0.018938493	         0.053936768
 17737	    -3264000	 0.055976754	33.205760294	51.855863452	173.404533379	 0.521097515	         0.043559003	         0.026241362	         0.069800364
 17738	    -3263000	 0.056988138	33.606422480	59.758765964	174.254194709	 0.541735367	         0.050179368	         0.031838424	         0.082017792
 17739	    -3262000	 0.057911811	33.989395474	67.630909563	175.014744650	 0.561569663	         0.055733389	         0.036487480	         0.092220869
 17740	    -3261000	 0.058915363	34.356633277	75.222514781	175.686972359	 0.580648106	         0.060762632	         0.040661535	         0.101424167
 17741	    -3260000	 0.059989570	34.705997894	82.674208430	176.289252708	 0.598815837	         0.065631659	         0.044705037	         0.110336696
 17742	    -3259000	 0.061095546	35.036870141	90.086963617	176.826274380	 0.616006178	         0.070711845	         0.048944124	         0.119655969
 17743	    -3258000	 0.062019734	35.350384020	97.323948133	177.297151935	 0.632252711	         0.076316711	         0.053670368	         0.129987079
 17744	    -3257000	 0.062959934	35.643982684	104.432471743	177.698900002	 0.647406472	         0.082353135	         0.058832914	         0.141186049
 17745	    -3256000	 0.063909049	35.918603985	111.390239647	178.018159386	 0.661507650	         0.088756223	         0.064406597	         0.153162819
 17746	    -3255000	 0.064733459	36.173287558	118.405715845	178.277686341	 0.674505629	         0.096099870	         0.070921040	         0.167020910
 17747	    -3254000	 0.065438346	36.406115121	125.314078256	178.476594784	 0.686308407	         0.104402167	         0.078443350	         0.182845517
 17748	    -3253000	 0.066091951	36.618629106	132.062631495	178.611929051	 0.697004968	         0.113430773	         0.086827622	         0.200258395
 17749	    -3252000	 0.066885279	36.808048467	138.954918396	178.684896005	 0.706470279	         0.123430116	         0.096343555	         0.219773670
 17750	    -3251000	 0.067362844	36.973186256	145.696240188	178.703859122	 0.714664263	         0.134493499	         0.107126039	         0.241619538
 17751	    -3250000	 0.067918217	37.115374978	152.443074318	178.674834468	 0.721672954	         0.146503021	         0.119119306	         0.265622326
 17752	    -3249000	 0.068559923	37.231801413	159.140753426	178.597277679	 0.727377735	         0.159184617	         0.132122303	         0.291306920
 17753	    -3248000	 0.068982648	37.322341846	165.909183456	178.457888185	 0.731791935	         0.172709050	         0.146337171	         0.319046221
 17754	    -3247000	 0.069506283	37.386676350	172.520537176	178.295609455	 0.734916279	         0.186643533	         0.161329974	         0.347973507
 17755	    -3246000	 0.070047869	37.423548751	179.216087719	178.086823396	 0.736702267	         0.200989553	         0.177110855	         0.378100408
 17756	    -3245000	 0.070635098	37.434314682	-174.087946794	177.848837460	 0.737223084	         0.215507843	         0.193415463	         0.408923305
 17757	    -3244000	 0.071093246	37.416651470	-167.507687421	177.588061151	 0.736368446	         0.229432594	         0.209347884	         0.438780478
 17758	    -3243000	 0.071733156	37.371359752	-160.938397916	177.305182447	 0.734173379	         0.242890161	         0.225025400	         0.467915561
 17759	    -3242000	 0.072467339	37.300370480	-154.436714122	176.995145197	 0.730722572	         0.255251652	         0.239683137	         0.494934789
 17760	    -3241000	 0.073081603	37.201055571	-147.920079876	176.664466375	 0.725874290	         0.265935074	         0.252618196	         0.518553270
 17761	    -3240000	 0.073722731	37.075580308	-141.571798788	176.332546458	 0.719715926	         0.274705811	         0.263420901	         0.538126712
 17762	    -3239000	 0.074380055	36.924555565	-135.327506730	175.985724930	 0.712257128	         0.280856437	         0.271296228	         0.552152665
 17763	    -3238000	 0.075073037	36.747066975	-129.048776238	175.617591534	 0.703430511	         0.284627203	         0.276470973	         0.561098176
 17764	    -3237000	 0.075531381	36.546226327	-122.897339020	175.260671058	 0.693369453	         0.285105690	         0.277764717	         0.562870407
 17765	    -3236000	 0.075988925	36.320390705	-116.851048092	174.879984752	 0.681972381	         0.282032386	         0.274979820	         0.557012206
 17766	    -3235000	 0.076416715	36.070286251	-110.725988918	174.487313606	 0.669259070	         0.276180638	         0.268941304	         0.545121942
 17767	    -3234000	 0.076569373	35.799288971	-104.631127272	174.097366896	 0.655390992	         0.266603000	         0.258585177	         0.525188176
 17768	    -3233000	 0.076732225	35.504845476	-98.600670520	173.685735904	 0.640233834	         0.253447069	         0.244166121	         0.497613190
 17769	    -3232000	 0.076897762	35.188691827	-92.457378056	173.260840939	 0.623880463	         0.237491043	         0.226564483	         0.464055526
 17770	    -3231000	 0.076808747	34.852714936	-86.232499230	172.828227007	 0.606442195	         0.218273525	         0.205307662	         0.423581187
 17771	    -3230000	 0.076773946	34.495381203	-80.060439584	172.375930883	 0.587863193	         0.196477215	         0.181233288	         0.377710503
 17772	    -3229000	 0.076753925	34.119165885	-73.811611944	171.909879718	 0.568306811	         0.173118416	         0.155592275	         0.328710691
 17773	    -3228000	 0.076807454	33.723357103	-67.435863999	171.408175443	 0.547782275	         0.148343312	         0.128797325	         0.277140637
 17774	    -3227000	 0.076779312	33.308145245	-61.103715913	170.852707551	 0.526357821	         0.121032538	         0.099717752	         0.220750290
 17775	    -3226000	 0.076763712	32.876139883	-54.753764614	170.182203650	 0.504237407	         0.088774335	         0.066062804	         0.154837139
 17776	    -3225000	 0.077015862	32.425625652	-48.435639067	169.576583067	 0.481413743	         0.068110210	         0.045953775	         0.114063985
 17777	    -3224000	 0.077112320	31.958144619	-42.081075601	169.003710885	 0.458056760	         0.052706784	         0.031915013	         0.084621797
 17778	    -3223000	 0.077263371	31.475142085	-35.786309508	168.425253087	 0.434337554	         0.040541292	         0.021466361	         0.062007653
 17779	    -3222000	 0.077399695	30.976177219	-29.590035226	167.862533907	 0.410340675	         0.031205687	         0.013915074	         0.045120760
 17780	    -3221000	 0.077615555	30.463848209	-23.292401438	167.296938219	 0.386300571	         0.023712237	         0.008596740	         0.032308978
 17781	    -3220000	 0.077594260	29.937836130	-17.184502382	166.717228748	 0.362312369	         0.017826284	         0.005465554	         0.023291839
 17782	    -3219000	 0.077699275	29.399884824	-11.043047880	166.137948834	 0.338565009	         0.013260995	         0.003458331	         0.016719326
 17783	    -3218000	 0.077821194	28.853088862	-4.919967402	165.547469444	 0.315293403	         0.009771932	         0.002163197	         0.011935130
 17784	    -3217000	 0.077623813	28.296194325	 1.222355945	164.944796340	 0.292535204	         0.007089155	         0.001305148	         0.008394303
 17785	    -3216000	 0.077509867	27.732785250	 7.203058175	164.309321035	 0.270592075	         0.005095256	         0.000757897	         0.005853153
 17786	    -3215000	 0.077330820	27.165026373	13.270065606	163.665175369	 0.250058264	         0.003616416	         0.000409658	         0.004026074
 17787	    -3214000	 0.077037437	26.592539571	19.376332526	162.988796527	 0.230930842	         0.002524273	         0.000197206	         0.002721479
 17788	    -3213000	 0.076616146	26.019628565	25.396205483	162.295550843	 0.213253937	         0.001750009	         0.000079920	         0.001829929
 17789	    -3212000	 0.076101040	25.446597853	31.457715780	161.566989344	 0.196926858	         0.001188097	         0.000020054	         0.001208151
 17790	    -3211000	 0.075620033	24.874897721	37.584543037	160.728738203	 0.181883444	         0.000776025	         0.000000000	         0.000776025
 17791	    -3210000	 0.074942289	24.308269448	43.754217218	159.994190960	 0.168107681	         0.000510715	         0.000000000	         0.000510715
 17792	    -3209000	 0.074234281	23.745730338	49.908310393	159.229390638	 0.155463627	         0.000326571	         0.000000000	         0.000326571
 17793	    -3208000	 0.073573434	23.190204962	56.120924852	158.448438532	 0.143910815	         0.000202051	         0.000000000	         0.000202051
 17794	    -3207000	 0.072885840	22.643826176	62.482430191	157.638989995	 0.133385992	         0.000119180	         0.000000000	         0.000119180
 17795	    -3206000	 0.072135646	22.105801961	68.738706174	156.783497604	 0.123774548	         0.000064134	         0.000000000	         0.000064134
 17796	    -3205000	 0.071522564	21.580007339	74.998136542	155.911366554	 0.115051091	         0.000030460	         0.000000000	         0.000030460
 17797	    -3204000	 0.070974739	21.066618850	81.390940191	155.013389301	 0.107127027	         0.000010664	         0.000000000	         0.000010664
 17798	    -3203000	 0.070351967	20.566392202	87.613455152	154.060238472	 0.099931384	         0.000000923	         0.000000000	         0.000000923
 17799	    -3202000	 0.069817581	20.083362552	93.751387351	153.054745124	 0.093442164	         0.000000000	         0.000000000	         0.000000000
 17800	    -3201000	 0.069443116	19.616840541	99.890636667	152.015054718	 0.087575048	         0.000000000	         0.000000000	         0.000000000
 17801	    -3200000	 0.068779832	19.169505229	105.934946391	150.849283518	 0.082295506	         0.000000000	         0.000000000	         0.000000000
 17802	    -3199000	 0.068191095	18.744453519	111.818095764	149.517324301	 0.077574155	         0.000000000	         0.000000000	         0.000000000
 17803	    -3198000	 0.067531498	18.341789235	117.626989771	146.379137906	 0.073351575	         0.000000000	         0.000000000	         0.000000000
 17804	    -3197000	 0.066801263	17.965593333	123.497849499	146.379195030	 0.069614491	         0.000000000	         0.000000000	         0.000000000
 17805	    -3196000	 0.065885907	17.617270592	129.271478059	146.378749061	 0.066324270	         0.000000000	         0.000000000	         0.000000000
 17806	    -3195000	 0.064864814	17.298521925	135.106539105	146.377877238	 0.063449850	         0.000000000	         0.000000000	         0.000000000
 17807	    -3194000	 0.063929693	17.013477803	140.928574089	146.376716853	 0.060985046	         0.000000000	         0.000000000	         0.000000000
 17808	    -3193000	 0.062799265	16.761930141	146.962549383	146.375091242	 0.058889545	         0.000000000	         0.000000000	         0.000000000
 17809	    -3192000	 0.061733817	16.546921762	153.025839089	146.373190139	 0.057155602	         0.000000000	         0.000000000	         0.000000000
 17810	    -3191000	 0.060702661	16.370752547	159.165492644	146.371006164	 0.055773000	         0.000000000	         0.000000000	         0.000000000
 17811	    -3190000	 0.059794561	16.232572418	165.633764898	146.368515661	 0.054711988	         0.000000000	         0.000000000	         0.000000000
 17812	    -3189000	 0.058835370	16.135576885	171.960552930	146.365799557	 0.053979291	         0.000000000	         0.000000000	         0.000000000
 17813	    -3188000	 0.058133851	16.079061044	178.478926667	146.362903611	 0.053556907	         0.000000000	         0.000000000	         0.000000000
 17814	    -3187000	 0.057606987	16.062212068	-174.863264025	146.359805116	 0.053431623	         0.000000000	         0.000000000	         0.000000000
 17815	    -3186000	 0.056977286	16.086756920	-168.088485599	146.356430293	 0.053614229	         0.000000000	         0.000000000	         0.000000000
 17816	    -3185000	 0.056540032	16.149920765	-161.427926673	146.353015408	 0.054087022	         0.000000000	         0.000000000	         0.000000000
 17817	    -3184000	 0.056269214	16.250821534	-154.598056173	146.349419260	 0.054850948	         0.000000000	         0.000000000	         0.000000000
 17818	    -3183000	 0.056129266	16.388451512	-147.604481587	146.345637303	 0.055910379	         0.000000000	         0.000000000	         0.000000000
 17819	    -3182000	 0.055904163	16.559699375	-140.676776730	146.341792266	 0.057257205	         0.000000000	         0.000000000	         0.000000000
 17820	    -3181000	 0.055815787	16.763530917	-133.597560370	146.337819057	 0.058902650	         0.000000000	         0.000000000	         0.000000000
 17821	    -3180000	 0.055850803	16.996900712	-126.485370402	146.333800980	 0.060844686	         0.000000000	         0.000000000	         0.000000000
 17822	    -3179000	 0.055916766	17.257219056	-119.263322967	146.329734555	 0.063086622	         0.000000000	         0.000000000	         0.000000000
 17823	    -3178000	 0.056046602	17.542910427	-111.983127213	146.325694199	 0.065642269	         0.000000000	         0.000000000	         0.000000000
 17824	    -3177000	 0.056304970	17.850761105	-104.642991076	146.321712875	 0.068512148	         0.000000000	         0.000000000	         0.000000000
 17825	    -3176000	 0.056578011	18.179311612	-97.046590275	146.317784507	 0.071713541	         0.000000000	         0.000000000	         0.000000000
 17826	    -3175000	 0.056821680	18.526075806	-89.496337895	147.570134562	 0.075254810	         0.000000000	         0.000000000	         0.000000000
 17827	    -3174000	 0.057279075	18.889025290	-81.956066803	148.996461920	 0.079148813	         0.000000000	         0.000000000	         0.000000000
 17828	    -3173000	 0.057951677	19.267943958	-74.132273487	149.997388064	 0.083429294	         0.000000000	         0.000000000	         0.000000000
 17829	    -3172000	 0.058509930	19.659761480	-66.239650642	150.891773943	 0.088099083	         0.000000000	         0.000000000	         0.000000000
 17830	    -3171000	 0.059259936	20.063397554	-58.419127020	151.703801124	 0.093183208	         0.000003223	         0.000000000	         0.000003223
 17831	    -3170000	 0.060229825	20.479076709	-50.617265279	152.508026424	 0.098725862	         0.000015014	         0.000000000	         0.000015014
 17832	    -3169000	 0.061338585	20.904463397	-42.676839074	153.298066585	 0.104739435	         0.000036355	         0.000000000	         0.000036355
 17833	    -3168000	 0.062532514	21.338468819	-34.925128700	154.071002721	 0.111252506	         0.000069734	         0.000000000	         0.000069734
 17834	    -3167000	 0.063837568	21.780446590	-27.193894312	154.841673795	 0.118301607	         0.000117046	         0.000000000	         0.000117046
 17835	    -3166000	 0.065314935	22.229495621	-19.565988249	155.617012809	 0.125921056	         0.000180276	         0.000000000	         0.000180276
 17836	    -3165000	 0.066637537	22.684384906	-12.099685401	156.409388462	 0.134140101	         0.000262680	         0.000000000	         0.000262680
 17837	    -3164000	 0.068094628	23.142787160	-4.702546731	157.214060818	 0.142965407	         0.000364311	         0.000000000	         0.000364311
 17838	    -3163000	 0.069520694	23.604672046	 2.554515417	158.039384592	 0.152445125	         0.000488153	         0.000000000	         0.000488153
 17839	    -3162000	 0.070842530	24.069209001	 9.899461824	158.871833690	 0.162613355	         0.000626952	         0.000000000	         0.000626952
 17840	    -3161000	 0.072033445	24.533138837	17.079329572	159.724018759	 0.173445179	         0.000789535	         0.000000000	         0.000789535
 17841	    -3160000	 0.073176283	24.996276885	24.231792720	160.691369822	 0.184978160	         0.000991964	         0.000002432	         0.000994396
 17842	    -3159000	 0.074514133	25.457952437	31.400673367	161.579382564	 0.197237911	         0.001200099	         0.000020947	         0.001221046
 17843	    -3158000	 0.075438839	25.915885740	38.672837246	162.459352989	 0.210200828	         0.001423017	         0.000052218	         0.001475235
 17844	    -3157000	 0.076546052	26.369531599	45.822180973	163.329834574	 0.223882234	         0.001666548	         0.000095466	         0.001762014
 17845	    -3156000	 0.077657667	26.818161612	52.953022706	164.192753252	 0.238287933	         0.001943063	         0.000153138	         0.002096201
 17846	    -3155000	 0.078738910	27.261407457	60.205857013	165.057813684	 0.253430827	         0.002263289	         0.000228917	         0.002492206
 17847	    -3154000	 0.079809757	27.698518457	67.276201306	165.882396044	 0.269306287	         0.002627231	         0.000321966	         0.002949197
 17848	    -3153000	 0.080955500	28.128820415	74.386063030	166.689771797	 0.285887039	         0.003059838	         0.000439966	         0.003499804
 17849	    -3152000	 0.082097814	28.552798485	81.452204592	167.463984036	 0.302900854	         0.003576746	         0.000587235	         0.004163981
 17850	    -3151000	 0.083115121	28.969980158	88.425476934	168.187913018	 0.320192562	         0.004204154	         0.000773884	         0.004978038
 17851	    -3150000	 0.084197898	29.380304863	95.320728732	168.880175349	 0.337716324	         0.004988630	         0.001020452	         0.006009083
 17852	    -3149000	 0.085290079	29.783925313	102.163428855	169.523211010	 0.355434648	         0.005966153	         0.001345703	         0.007311856
 17853	    -3148000	 0.086233571	30.180191032	109.037819001	170.106298726	 0.373273635	         0.007191404	         0.001778676	         0.008970080
 17854	    -3147000	 0.087068219	30.569462934	115.748418661	170.635836502	 0.391203664	         0.008750008	         0.002370106	         0.011120114
 17855	    -3146000	 0.087895939	30.951163073	122.415105175	171.131952818	 0.409152326	         0.010763117	         0.003203668	         0.013966785
 17856	    -3145000	 0.088726397	31.324036211	129.095795358	171.592467953	 0.427013171	         0.013369042	         0.004393555	         0.017762597
 17857	    -3144000	 0.089307634	31.688711941	135.731122687	172.000429464	 0.444769683	         0.016753873	         0.006155619	         0.022909491
 17858	    -3143000	 0.089833794	32.043753759	142.266025209	172.364269696	 0.462306452	         0.021059623	         0.008906628	         0.029966251
 17859	    -3142000	 0.090451748	32.387792269	148.782627020	172.702794131	 0.479510274	         0.026701757	         0.012892599	         0.039594356
 17860	    -3141000	 0.090727715	32.720932333	155.339435404	173.012338558	 0.496343217	         0.034363346	         0.018632012	         0.052995358
 17861	    -3140000	 0.090980923	33.040958223	161.807343283	173.315463923	 0.512652727	         0.045136436	         0.027327048	         0.072463484
 17862	    -3139000	 0.091256394	33.347685197	168.235673416	173.622633972	 0.528391943	         0.060404818	         0.040627244	         0.101032062
 17863	    -3138000	 0.091328799	33.640157393	174.781979222	173.799866670	 0.543478912	         0.075116191	         0.053874939	         0.128991130
 17864	    -3137000	 0.091321239	33.915951544	-178.790810781	173.914454661	 0.557759824	         0.090744858	         0.068539235	         0.159284092
 17865	    -3136000	 0.091319506	34.176174895	-172.274538707	173.987715782	 0.571268318	         0.108045454	         0.085436718	         0.193482173
 17866	    -3135000	 0.091341230	34.419321645	-165.773324057	174.029951200	 0.583907787	         0.126338540	         0.103956423	         0.230294963
 17867	    -3134000	 0.091185674	34.643439036	-159.232037427	174.054849767	 0.595562929	         0.146142008	         0.124604935	         0.270746943
 17868	    -3133000	 0.091162638	34.850082416	-152.704346384	174.045893862	 0.606305399	         0.166470561	         0.146494187	         0.312964747
 17869	    -3132000	 0.091178765	35.037680973	-146.266524933	174.031591990	 0.616048260	         0.187265835	         0.169390936	         0.356656771
 17870	    -3131000	 0.091186585	35.205886247	-139.668924621	173.990300982	 0.624771516	         0.208492964	         0.193215070	         0.401708035
 17871	    -3130000	 0.091151168	35.355692630	-133.257406437	173.949796811	 0.632527300	         0.229044668	         0.216598941	         0.445643609
 17872	    -3129000	 0.091112991	35.485291740	-126.867430488	173.907588079	 0.639224496	         0.248407909	         0.238848969	         0.487256878
 17873	    -3128000	 0.091245424	35.596175630	-120.496747146	173.860825946	 0.644943917	         0.266749873	         0.260045942	         0.526795814
 17874	    -3127000	 0.091052380	35.688318193	-114.152705747	173.816872069	 0.649688286	         0.282353486	         0.278082015	         0.560435501
 17875	    -3126000	 0.090924448	35.760336963	-107.903396691	173.774933405	 0.653390728	         0.295562977	         0.293356428	         0.588919404
 17876	    -3125000	 0.090751383	35.813575848	-101.697248633	173.725448497	 0.656124245	         0.305022773	         0.304315340	         0.609338112
 17877	    -3124000	 0.090364409	35.847231654	-95.419381757	173.689863218	 0.657850693	         0.310821874	         0.310977014	         0.621798888
 17878	    -3123000	 0.089834023	35.861212782	-89.267118474	173.661069014	 0.658567514	         0.312674728	         0.312961433	         0.625636161
 17879	    -3122000	 0.089340752	35.855429600	-83.032351469	173.631940992	 0.658271034	         0.310351730	         0.310142825	         0.620494555
 17880	    -3121000	 0.088682988	35.828338041	-76.717336620	173.608806609	 0.656881658	         0.304018050	         0.302582522	         0.606600572
 17881	    -3120000	 0.087863141	35.781123712	-70.448971389	173.596924234	 0.654458370	         0.293635499	         0.290323416	         0.583958915
 17882	    -3119000	 0.087104887	35.712508768	-64.094426450	173.583314486	 0.650932493	         0.280015091	         0.274315868	         0.554330960
 17883	    -3118000	 0.086367833	35.620605633	-57.723997088	173.553038554	 0.646202576	         0.263804018	         0.255443477	         0.519247495
 17884	    -3117000	 0.085497984	35.507191829	-51.238175640	173.540485064	 0.640354929	         0.245560288	         0.234299007	         0.479859296
 17885	    -3116000	 0.084611508	35.370143572	-44.762081462	173.512063714	 0.633274680	         0.225477068	         0.211294087	         0.436771155
 17886	    -3115000	 0.083844621	35.209101815	-38.310107112	173.481900465	 0.624938136	         0.205066961	         0.188129082	         0.393196043
 17887	    -3114000	 0.083100897	35.025219435	-31.704374818	173.438285044	 0.615401473	         0.183937128	         0.164529173	         0.348466301
 17888	    -3113000	 0.082229029	34.815920455	-25.100908692	173.374958391	 0.604530051	         0.162452657	         0.141036620	         0.303489277
 17889	    -3112000	 0.081478780	34.583306726	-18.562201130	173.291994705	 0.592435849	         0.142093118	         0.119302190	         0.261395307
 17890	    -3111000	 0.080841894	34.327427046	-11.902463898	173.166966513	 0.579129609	         0.121933175	         0.098457039	         0.220390214
 17891	    -3110000	 0.080005544	34.046450910	-5.285392960	173.027509017	 0.564530964	         0.103233069	         0.079769033	         0.183002102
 17892	    -3109000	 0.079313658	33.743784525	 1.347040457	172.842238195	 0.548839529	         0.085724233	         0.062920243	         0.148644476
 17893	    -3108000	 0.078673501	33.418660063	 7.943283703	172.595098005	 0.532046732	         0.069211501	         0.047686170	         0.116897671
 17894	    -3107000	 0.077914651	33.071005671	14.690837569	172.221511518	 0.514190250	         0.051762114	         0.032183289	         0.083945402
 17895	    -3106000	 0.077155743	32.704135232	21.232903260	171.822780072	 0.495490758	         0.038880123	         0.021514063	         0.060394185
 17896	    -3105000	 0.076368355	32.316641440	27.854651845	171.445567384	 0.475936546	         0.029875853	         0.014608539	         0.044484393
 17897	    -3104000	 0.075623870	31.910464616	34.537290036	171.039999691	 0.455695588	         0.023095613	         0.009712864	         0.032808476
 17898	    -3103000	 0.074587745	31.487674507	41.165900268	170.604017347	 0.434947167	         0.017988156	         0.006473769	         0.024461925
 17899	    -3102000	 0.073576329	31.046849304	47.892748736	170.139756200	 0.413705899	         0.013970988	         0.004426657	         0.018397645
 17900	    -3101000	 0.072509304	30.591144969	54.578237763	169.638992134	 0.392213700	         0.010936148	         0.003094445	         0.014030593
 17901	    -3100000	 0.071327895	30.120575725	61.496239632	169.101519781	 0.370562674	         0.008526816	         0.002148000	         0.010674816
 17902	    -3099000	 0.069999110	29.635022429	68.424828946	168.526280358	 0.348843803	         0.006693613	         0.001501005	         0.008194618
 17903	    -3098000	 0.068712330	29.137410197	75.466919714	167.901671718	 0.327282200	         0.005252814	         0.001037693	         0.006290506
 17904	    -3097000	 0.067552448	28.625853587	82.738029881	167.241375725	 0.305889903	         0.004123474	         0.000707478	         0.004830952
 17905	    -3096000	 0.066146760	28.101784489	90.119263395	166.520815255	 0.284821601	         0.003236928	         0.000469432	         0.003706360
 17906	    -3095000	 0.065029983	27.567353176	97.575794466	165.767745131	 0.264440790	         0.002543126	         0.000300768	         0.002843894
 17907	    -3094000	 0.064039632	27.020121980	105.218142398	164.954928399	 0.245072046	         0.001982386	         0.000178768	         0.002161154
 17908	    -3093000	 0.063023718	26.462700946	112.914571583	164.104840139	 0.226800485	         0.001537566	         0.000094816	         0.001632382
 17909	    -3092000	 0.062209282	25.896153223	120.571872597	163.204531122	 0.209625075	         0.001176015	         0.000039639	         0.001215655
 17910	    -3091000	 0.061556516	25.319665708	128.250491489	162.275081277	 0.193482837	         0.000888523	         0.000009093	         0.000897616
 17911	    -3090000	 0.060917124	24.736699032	136.025173642	161.299453876	 0.178422877	         0.000658583	         0.000000000	         0.000658583
 17912	    -3089000	 0.060218190	24.146701891	143.641070962	160.258738812	 0.164374415	         0.000471021	         0.000000000	         0.000471021
 17913	    -3088000	 0.059631504	23.552166329	151.221634202	159.154017290	 0.151336585	         0.000320844	         0.000000000	         0.000320844
 17914	    -3087000	 0.059102728	22.956603993	158.796558634	158.099425979	 0.139313005	         0.000211677	         0.000000000	         0.000211677
 17915	    -3086000	 0.058423677	22.359064020	166.482506533	157.009895409	 0.128209440	         0.000131642	         0.000000000	         0.000131642
 17916	    -3085000	 0.057687746	21.764763863	174.096861900	155.898560975	 0.118044002	         0.000073501	         0.000000000	         0.000073501
 17917	    -3084000	 0.057008181	21.176354180	-178.255613089	154.744951091	 0.108773584	         0.000034174	         0.000000000	         0.000034174
 17918	    -3083000	 0.056366446	20.593995089	-170.448493920	153.570106700	 0.100315538	         0.000010953	         0.000000000	         0.000010953
 17919	    -3082000	 0.055720823	20.023895651	-162.528870848	152.328232295	 0.092672964	         0.000000357	         0.000000000	         0.000000357
 17920	    -3081000	 0.055168764	19.467322187	-154.617457931	150.983991804	 0.085773754	         0.000000000	         0.000000000	         0.000000000
 17921	    -3080000	 0.054964622	18.926206654	-146.530678291	149.501560960	 0.079558930	         0.000000000	         0.000000000	         0.000000000
 17922	    -3079000	 0.054579412	18.406363863	-138.510949742	146.340538692	 0.074012934	         0.000000000	         0.000000000	         0.000000000
 17923	    -3078000	 0.054603255	17.908080598	-130.559526552	146.336160260	 0.069060193	         0.000000000	         0.000000000	         0.000000000
 17924	    -3077000	 0.054897427	17.434926230	-122.727475131	146.331802413	 0.064664349	         0.000000000	         0.000000000	         0.000000000
 17925	    -3076000	 0.055319580	16.990316348	-114.803345652	146.327385086	 0.060789024	         0.000000000	         0.000000000	         0.000000000
 17926	    -3075000	 0.055877751	16.575966189	-107.354892823	146.323257692	 0.057386815	         0.000000000	         0.000000000	         0.000000000
 17927	    -3074000	 0.056692074	16.196450384	-100.027268350	146.319221327	 0.054437970	         0.000000000	         0.000000000	         0.000000000
 17928	    -3073000	 0.057751402	15.852419001	-93.092598410	146.315425744	 0.051895990	         0.000000000	         0.000000000	         0.000000000
 17929	    -3072000	 0.058768286	15.547758365	-86.235455601	146.311857711	 0.049744191	         0.000000000	         0.000000000	         0.000000000
 17930	    -3071000	 0.059929683	15.286543185	-79.729579536	146.308597645	 0.047970430	         0.000000000	         0.000000000	         0.000000000
 17931	    -3070000	 0.061101886	15.068319298	-73.507829205	146.305693186	 0.046537185	         0.000000000	         0.000000000	         0.000000000
 17932	    -3069000	 0.062369513	14.897146075	-67.390442985	146.303056848	 0.045442990	         0.000000000	         0.000000000	         0.000000000
 17933	    -3068000	 0.063561214	14.775092653	-61.513593314	146.300852182	 0.044678534	         0.000000000	         0.000000000	         0.000000000
 17934	    -3067000	 0.064807949	14.701907862	-55.717916635	146.298980969	 0.044226337	         0.000000000	         0.000000000	         0.000000000
 17935	    -3066000	 0.066106602	14.680016664	-49.935314492	146.297465251	 0.044091966	         0.000000000	         0.000000000	         0.000000000
 17936	    -3065000	 0.067221146	14.707872573	-44.103872245	146.296498236	 0.044263020	         0.000000000	         0.000000000	         0.000000000
 17937	    -3064000	 0.068456881	14.786112369	-38.393312689	146.295917785	 0.044747022	         0.000000000	         0.000000000	         0.000000000
 17938	    -3063000	 0.069883867	14.914225213	-32.585943583	146.295718320	 0.045551000	         0.000000000	         0.000000000	         0.000000000
 17939	    -3062000	 0.071377794	15.088065407	-26.517239083	146.296084584	 0.046665091	         0.000000000	         0.000000000	         0.000000000
 17940	    -3061000	 0.072826193	15.308308507	-20.571352712	146.297051366	 0.048115779	         0.000000000	         0.000000000	         0.000000000
 17941	    -3060000	 0.074547330	15.571220790	-14.570437159	146.298496646	 0.049906685	         0.000000000	         0.000000000	         0.000000000
 17942	    -3059000	 0.076400610	15.873415359	-8.538031981	146.300538445	 0.052047669	         0.000000000	         0.000000000	         0.000000000
 17943	    -3058000	 0.078272445	16.213479898	-2.474933180	146.303260494	 0.054566983	         0.000000000	         0.000000000	         0.000000000
 17944	    -3057000	 0.080297371	16.585640491	 3.559986989	146.306563923	 0.057464037	         0.000000000	         0.000000000	         0.000000000
 17945	    -3056000	 0.082292151	16.988160513	 9.523340470	146.310477089	 0.060770811	         0.000000000	         0.000000000	         0.000000000
 17946	    -3055000	 0.084203159	17.417835174	15.552502004	146.315083366	 0.064510911	         0.000000000	         0.000000000	         0.000000000
 17947	    -3054000	 0.086028698	17.868254977	21.529047943	146.320216368	 0.068678948	         0.000000000	         0.000000000	         0.000000000
 17948	    -3053000	 0.087789565	18.338236195	27.473506784	146.325804039	 0.073315358	         0.000000000	         0.000000000	         0.000000000
 17949	    -3052000	 0.089471491	18.823945346	33.568308866	148.998123496	 0.078436053	         0.000000000	         0.000000000	         0.000000000
 17950	    -3051000	 0.090811104	19.320359200	39.708637763	150.583379266	 0.084039356	         0.000000000	         0.000000000	         0.000000000
 17951	    -3050000	 0.092088530	19.825759180	45.883188187	151.956664346	 0.090155486	         0.000000000	         0.000000000	         0.000000000
 17952	    -3049000	 0.093404197	20.336377259	52.087621544	153.241976577	 0.096786906	         0.000000085	         0.000000000	         0.000000085
 17953	    -3048000	 0.094443467	20.850369159	58.569221660	154.466590561	 0.103954842	         0.000006044	         0.000000000	         0.000006044
 17954	    -3047000	 0.095488904	21.365026992	65.008828220	155.650292002	 0.111663963	         0.000018825	         0.000000000	         0.000018825
 17955	    -3046000	 0.096466755	21.877888293	71.532748156	156.803268164	 0.119914831	         0.000038684	         0.000000000	         0.000038684
 17956	    -3045000	 0.097587646	22.389523376	78.201084798	157.897409716	 0.128753410	         0.000066166	         0.000000000	         0.000066166
 17957	    -3044000	 0.098480173	22.897114403	84.827046097	158.938756781	 0.138165768	         0.000104991	         0.000000000	         0.000104991
 17958	    -3043000	 0.099556491	23.400092758	91.529100375	159.940827100	 0.148171172	         0.000157467	         0.000000000	         0.000157467
 17959	    -3042000	 0.100591644	23.899352574	98.194858651	160.865760895	 0.158819016	         0.000228261	         0.000000000	         0.000228261
 17960	    -3041000	 0.101482363	24.392637562	104.918391512	161.724601346	 0.170090713	         0.000325403	         0.000000000	         0.000325403
 17961	    -3040000	 0.102419352	24.880824564	111.562768827	162.523655548	 0.182033347	         0.000456762	         0.000000000	         0.000456762
 17962	    -3039000	 0.103235459	25.363625156	118.193742287	163.321373991	 0.194668707	         0.000646174	         0.000004976	         0.000651149
 17963	    -3038000	 0.104111710	25.839280110	124.867767876	164.030864274	 0.207974446	         0.000899978	         0.000024904	         0.000924882
 17964	    -3037000	 0.104649917	26.309372218	131.476449319	164.664269590	 0.222017902	         0.001250809	         0.000065269	         0.001316078
 17965	    -3036000	 0.105214371	26.771268137	138.052837338	165.220043394	 0.236739777	         0.001716732	         0.000133696	         0.001850429
 17966	    -3035000	 0.105762998	27.223922423	144.580699340	165.726522874	 0.252113781	         0.002340014	         0.000242537	         0.002582551
 17967	    -3034000	 0.105979599	27.668764685	151.211373818	166.179722613	 0.268194797	         0.003203607	         0.000420504	         0.003624111
 17968	    -3033000	 0.106162362	28.101540030	157.698343990	166.580125335	 0.284811978	         0.004343117	         0.000688477	         0.005031594
 17969	    -3032000	 0.106255164	28.522269203	164.204209038	166.932007251	 0.301656708	         0.005820259	         0.001078074	         0.006898333
 17970	    -3031000	 0.106192315	28.931195655	170.796336695	167.242432848	 0.318562395	         0.007781075	         0.001662835	         0.009443909
 17971	    -3030000	 0.105939964	29.324520876	177.308608088	167.527094259	 0.335304555	         0.010305906	         0.002518378	         0.012824284
 17972	    -3029000	 0.105668835	29.703206609	-176.176482117	167.766400351	 0.351854046	         0.013416183	         0.003707370	         0.017123553
 17973	    -3028000	 0.105332183	30.066263048	-169.587700418	167.985269255	 0.368101130	         0.017370542	         0.005459810	         0.022830353
 17974	    -3027000	 0.104763975	30.411785863	-162.984649156	168.185752119	 0.383894013	         0.022218812	         0.007989926	         0.030208738
 17975	    -3026000	 0.104271669	30.741546528	-156.385879586	168.368762619	 0.399251964	         0.027933004	         0.011670172	         0.039603175
 17976	    -3025000	 0.103713956	31.053738307	-149.788734836	168.547766020	 0.414034547	         0.034903408	         0.017212440	         0.052115848
 17977	    -3024000	 0.103109564	31.348559730	-143.090246730	168.707781344	 0.428198591	         0.042753014	         0.023658812	         0.066411827
 17978	    -3023000	 0.102527057	31.627824357	-136.441164936	168.872934369	 0.441786241	         0.051936285	         0.031595950	         0.083532234
 17979	    -3022000	 0.101931437	31.889679742	-129.829052527	169.028527560	 0.454667593	         0.061928413	         0.040653748	         0.102582160
 17980	    -3021000	 0.101461645	32.135946743	-123.154140136	169.185062628	 0.466897301	         0.073064695	         0.051187388	         0.124252083
 17981	    -3020000	 0.100761051	32.367189626	-116.528785959	169.350098044	 0.478474642	         0.084966424	         0.062893617	         0.147860041
 17982	    -3019000	 0.100090799	32.582470966	-109.971855656	169.520269546	 0.489327734	         0.097240944	         0.075339558	         0.172580502
 17983	    -3018000	 0.099585817	32.783823323	-103.470080530	169.703412168	 0.499538267	         0.110796911	         0.089495180	         0.200292091
 17984	    -3017000	 0.098735507	32.970528960	-96.885567875	169.907595384	 0.509052854	         0.125015717	         0.104735972	         0.229751689
 17985	    -3016000	 0.097899851	33.142924210	-90.424622943	170.145154481	 0.517874290	         0.142017327	         0.123500838	         0.265518166
 17986	    -3015000	 0.096946514	33.301863034	-83.994136978	170.374110250	 0.526034767	         0.155182800	         0.137958491	         0.293141291
 17987	    -3014000	 0.095957403	33.445878243	-77.475701219	170.568191836	 0.533449458	         0.161891442	         0.145083772	         0.306975214
 17988	    -3013000	 0.094683717	33.576202469	-71.023343180	170.786065325	 0.540174173	         0.166288348	         0.149551136	         0.315839484
 17989	    -3012000	 0.093511498	33.692140982	-64.488486355	170.997925072	 0.546167143	         0.167632741	         0.150626232	         0.318258972
 17990	    -3011000	 0.092256657	33.792338975	-57.972358212	171.219966537	 0.551353555	         0.166481195	         0.148878078	         0.315359273
 17991	    -3010000	 0.090799307	33.878489452	-51.339707763	171.445336120	 0.555817493	         0.162183527	         0.143658453	         0.305841979
 17992	    -3009000	 0.089482615	33.948464913	-44.753859502	171.679256901	 0.559446123	         0.157114153	         0.137659579	         0.294773732
 17993	    -3008000	 0.088087048	34.001968089	-38.128776823	171.901201435	 0.562222095	         0.149223594	         0.128687654	         0.277911248
 17994	    -3007000	 0.086769761	34.040212657	-31.373928623	172.132127215	 0.564207122	         0.140547747	         0.118988032	         0.259535778
 17995	    -3006000	 0.085287303	34.060824728	-24.644971542	172.369185815	 0.565277198	         0.131395001	         0.108982221	         0.240377222
 17996	    -3005000	 0.083914739	34.064927392	-17.921374780	172.591498952	 0.565490207	         0.121535831	         0.098507961	         0.220043792
 17997	    -3004000	 0.082672312	34.052739235	-11.133309346	172.807512782	 0.564857420	         0.111667455	         0.088286168	         0.199953623
 17998	    -3003000	 0.081251639	34.022728576	-4.216539623	173.030964918	 0.563299564	         0.101646088	         0.078193298	         0.179839386
 17999	    -3002000	 0.079872454	33.976618516	 2.571575248	173.220413137	 0.560906696	         0.092151142	         0.068933656	         0.161084798
 18000	    -3001000	 0.078614967	33.914023672	 9.455638103	173.397081796	 0.557659851	         0.082834880	         0.060096365	         0.142931245
 18001	    -3000000	 0.077273126	33.834816341	16.474395888	173.550046840	 0.553554041	         0.074273681	         0.052272580	         0.126546261
 18002	    -2999000	 0.075990391	33.740623962	23.419094693	173.661671387	 0.548675932	         0.066174972	         0.045094305	         0.111269278
 18003	    -2998000	 0.074765227	33.630472350	30.422398856	173.751887034	 0.542978272	         0.058892146	         0.038840747	         0.097732893
 18004	    -2997000	 0.073583843	33.505623051	37.540364474	173.790902652	 0.536530628	         0.052280588	         0.033342898	         0.085623486
 18005	    -2996000	 0.072275448	33.366904660	44.613036879	173.780095745	 0.529381195	         0.046103532	         0.028324137	         0.074427669
 18006	    -2995000	 0.071104085	33.213265132	51.730074727	173.706037914	 0.521482749	         0.040341679	         0.023753844	         0.064095523
 18007	    -2994000	 0.069964686	33.046427658	58.868981802	173.527713977	 0.512932523	         0.034000898	         0.018720807	         0.052721705
 18008	    -2993000	 0.068692270	32.865985052	66.177222481	173.339091282	 0.503719980	         0.029372745	         0.015207187	         0.044579932
 18009	    -2992000	 0.067412545	32.671687792	73.486551348	173.110018985	 0.493845111	         0.025853159	         0.012633501	         0.038486661
 18010	    -2991000	 0.066192779	32.464440725	80.789346985	172.842875324	 0.483368862	         0.022988678	         0.010569850	         0.033558528
 18011	    -2990000	 0.065018443	32.242940366	88.346896558	172.532834760	 0.472243196	         0.020573767	         0.008820690	         0.029394457
 18012	    -2989000	 0.063730706	32.007865899	96.021557090	172.171634121	 0.460523374	         0.018644171	         0.007414263	         0.026058433
 18013	    -2988000	 0.062494860	31.759497371	103.796400630	171.765594183	 0.448247194	         0.016970551	         0.006292220	         0.023262772
 18014	    -2987000	 0.061512171	31.496030476	111.651162283	171.325214926	 0.435353804	         0.015533781	         0.005421951	         0.020955732
 18015	    -2986000	 0.060412898	31.218430214	119.892167134	170.836039984	 0.421923205	         0.014319801	         0.004728408	         0.019048209
 18016	    -2985000	 0.059607791	30.926795611	128.038720552	170.314213308	 0.407996099	         0.013218180	         0.004130647	         0.017348827
 18017	    -2984000	 0.058927334	30.619939517	136.347807415	169.746255263	 0.393556873	         0.012192420	         0.003595708	         0.015788128
 18018	    -2983000	 0.058415087	30.298550867	144.858682666	169.153443702	 0.378683844	         0.011289056	         0.003147206	         0.014436262
 18019	    -2982000	 0.057926114	29.962111890	153.216270153	168.538080410	 0.363403136	         0.010418404	         0.002735651	         0.013154056
 18020	    -2981000	 0.057755947	29.611636578	161.681704065	167.895785674	 0.347814393	         0.009602101	         0.002370762	         0.011972863
 18021	    -2980000	 0.057656463	29.247555365	170.131823674	167.236095851	 0.331992076	         0.008784508	         0.002022437	         0.010806945
 18022	    -2979000	 0.057563619	28.868719715	178.680406691	166.551965305	 0.315946103	         0.007982612	         0.001701574	         0.009684186
 18023	    -2978000	 0.057565735	28.477604463	-172.913204050	165.852204984	 0.299841789	         0.007177854	         0.001401556	         0.008579410
 18024	    -2977000	 0.057687072	28.074874067	-164.519282655	165.154884275	 0.283763449	         0.006413534	         0.001135468	         0.007549002
 18025	    -2976000	 0.057989739	27.660016309	-155.974219069	164.436701784	 0.267868864	         0.005653782	         0.000888838	         0.006542619
 18026	    -2975000	 0.058129148	27.235255396	-147.446313202	163.727613792	 0.252511244	         0.004917941	         0.000667212	         0.005585153
 18027	    -2974000	 0.058444759	26.801420214	-138.954172364	163.012050190	 0.237734068	         0.004227793	         0.000479929	         0.004707723
 18028	    -2973000	 0.058907613	26.359133089	-130.477091231	162.281947684	 0.223558870	         0.003558358	         0.000317769	         0.003876127
 18029	    -2972000	 0.059435246	25.909813964	-121.861540571	161.568913046	 0.210023498	         0.002957688	         0.000191557	         0.003149245
 18030	    -2971000	 0.060085062	25.453679591	-113.402672325	160.843434453	 0.197120801	         0.002402943	         0.000096325	         0.002499268
 18031	    -2970000	 0.060959217	24.992166522	-104.987210425	160.113358276	 0.184872505	         0.001907829	         0.000033782	         0.001941611
 18032	    -2969000	 0.061849698	24.525914004	-96.418771903	159.374081746	 0.173271084	         0.001475782	         0.000002385	         0.001478168
 18033	    -2968000	 0.062851674	24.055181481	-88.135298719	158.627222938	 0.162296597	         0.001105918	         0.000000000	         0.001105918
 18034	    -2967000	 0.064116155	23.580933622	-80.000820513	157.866430257	 0.151942940	         0.000800486	         0.000000000	         0.000800486
 18035	    -2966000	 0.065565237	23.102768526	-71.845219016	157.071888332	 0.142172357	         0.000551404	         0.000000000	         0.000551404
 18036	    -2965000	 0.066962480	22.622505691	-63.838119652	156.265818252	 0.132991281	         0.000363059	         0.000000000	         0.000363059
 18037	    -2964000	 0.068565921	22.140743829	-56.092775468	155.326017896	 0.124377174	         0.000211253	         0.000000000	         0.000211253
 18038	    -2963000	 0.070209808	21.656981947	-48.573794405	154.528556567	 0.116288686	         0.000121936	         0.000000000	         0.000121936
 18039	    -2962000	 0.072060725	21.173812903	-41.127336337	153.690242442	 0.108735168	         0.000061837	         0.000000000	         0.000061837
 18040	    -2961000	 0.073880742	20.692863151	-33.907831326	152.838519173	 0.101703657	         0.000025847	         0.000000000	         0.000025847
 18041	    -2960000	 0.075638930	20.214944699	-26.942819499	151.940288921	 0.095166938	         0.000006342	         0.000000000	         0.000006342
 18042	    -2959000	 0.077561021	19.742444035	-20.131386888	150.969914341	 0.089117435	         0.000000000	         0.000000000	         0.000000000
 18043	    -2958000	 0.079225474	19.278138764	-13.487004127	149.896455651	 0.083547603	         0.000000000	         0.000000000	         0.000000000
 18044	    -2957000	 0.080944040	18.825580700	-7.033092743	148.640899794	 0.078453885	         0.000000000	         0.000000000	         0.000000000
 18045	    -2956000	 0.082601844	18.386561084	-0.730222752	146.302400256	 0.073809487	         0.000000000	         0.000000000	         0.000000000
 18046	    -2955000	 0.084140799	17.963593175	 5.655752062	146.306596988	 0.069595140	         0.000000000	         0.000000000	         0.000000000
 18047	    -2954000	 0.085569571	17.562916191	11.735983363	146.311226120	 0.065825061	         0.000000000	         0.000000000	         0.000000000
 18048	    -2953000	 0.087056065	17.185999093	17.788033340	146.316359791	 0.062465172	         0.000000000	         0.000000000	         0.000000000
 18049	    -2952000	 0.088715000	16.835369863	23.760114714	146.321865707	 0.059493775	         0.000000000	         0.000000000	         0.000000000
 18050	    -2951000	 0.090121356	16.516581090	29.702940104	146.327802903	 0.056915064	         0.000000000	         0.000000000	         0.000000000
 18051	    -2950000	 0.091775198	16.231119333	35.407704369	146.333782093	 0.054700938	         0.000000000	         0.000000000	         0.000000000
 18052	    -2949000	 0.093417422	15.982125989	40.994303010	146.339885898	 0.052840122	         0.000000000	         0.000000000	         0.000000000
 18053	    -2948000	 0.095181002	15.772145775	46.509892353	146.346093689	 0.051320154	         0.000000000	         0.000000000	         0.000000000
 18054	    -2947000	 0.097002560	15.602251746	51.763421333	146.352130942	 0.050122413	         0.000000000	         0.000000000	         0.000000000
 18055	    -2946000	 0.098725730	15.475561003	56.891009139	146.358055837	 0.049247483	         0.000000000	         0.000000000	         0.000000000
 18056	    -2945000	 0.100536237	15.392196519	61.869572562	146.363817920	 0.048680113	         0.000000000	         0.000000000	         0.000000000
 18057	    -2944000	 0.102111269	15.352357619	66.726831990	146.369304067	 0.048411287	         0.000000000	         0.000000000	         0.000000000
 18058	    -2943000	 0.103615183	15.357148105	71.421330773	146.374459390	 0.048443534	         0.000000000	         0.000000000	         0.000000000
 18059	    -2942000	 0.105058367	15.405297924	76.088499268	146.379376712	 0.048768845	         0.000000000	         0.000000000	         0.000000000
 18060	    -2941000	 0.106248622	15.496897155	80.865332694	146.384036026	 0.049393754	         0.000000000	         0.000000000	         0.000000000
 18061	    -2940000	 0.107173930	15.629821218	85.520924195	146.388166186	 0.050314858	         0.000000000	         0.000000000	         0.000000000
 18062	    -2939000	 0.108048944	15.802384121	90.259934790	146.391987721	 0.051536313	         0.000000000	         0.000000000	         0.000000000
 18063	    -2938000	 0.108812178	16.014431148	95.186525142	146.395477541	 0.053077930	         0.000000000	         0.000000000	         0.000000000
 18064	    -2937000	 0.109338914	16.261749546	100.183454342	146.398429000	 0.054934330	         0.000000000	         0.000000000	         0.000000000
 18065	    -2936000	 0.109823416	16.543346268	105.310648702	146.400930697	 0.057127203	         0.000000000	         0.000000000	         0.000000000
 18066	    -2935000	 0.110347705	16.858141595	110.574637187	146.402985430	 0.059682388	         0.000000000	         0.000000000	         0.000000000
 18067	    -2934000	 0.110639863	17.201716025	116.037212165	146.404401786	 0.062601786	         0.000000000	         0.000000000	         0.000000000
 18068	    -2933000	 0.111029784	17.574242586	121.564541564	146.405307237	 0.065928775	         0.000000000	         0.000000000	         0.000000000
 18069	    -2932000	 0.111371805	17.973024493	127.219568353	146.405606555	 0.069686435	         0.000000000	         0.000000000	         0.000000000
 18070	    -2931000	 0.111734854	18.394779450	133.063663483	149.258237501	 0.073893851	         0.000000000	         0.000000000	         0.000000000
 18071	    -2930000	 0.112020167	18.840309209	138.929084074	150.854178978	 0.078614665	         0.000000000	         0.000000000	         0.000000000
 18072	    -2929000	 0.112227325	19.304919496	144.889663318	152.088489002	 0.083859191	         0.000000000	         0.000000000	         0.000000000
 18073	    -2928000	 0.112555536	19.786993852	150.878416011	153.145293999	 0.089671001	         0.000000000	         0.000000000	         0.000000000
 18074	    -2927000	 0.112619737	20.286153697	157.006327371	154.101303038	 0.096113582	         0.000001359	         0.000000000	         0.000001359
 18075	    -2926000	 0.112690709	20.796144479	163.104785188	154.989425178	 0.103174256	         0.000014857	         0.000000000	         0.000014857
 18076	    -2925000	 0.112618736	21.316667743	169.189976023	155.803658562	 0.110915882	         0.000043524	         0.000000000	         0.000043524
 18077	    -2924000	 0.112473686	21.845576131	175.499553988	156.573294635	 0.119377455	         0.000095658	         0.000000000	         0.000095658
 18078	    -2923000	 0.112044737	22.376701654	-178.347682252	157.275996475	 0.128524148	         0.000180644	         0.000000000	         0.000180644
 18079	    -2922000	 0.111548619	22.909925181	-172.077095525	158.060186177	 0.138412019	         0.000329748	         0.000000000	         0.000329748
 18080	    -2921000	 0.110957729	23.441956674	-165.730308868	158.763456173	 0.149035906	         0.000557250	         0.000000000	         0.000557250
 18081	    -2920000	 0.109999643	23.969072211	-159.314632093	159.389017879	 0.160365617	         0.000888940	         0.000000000	         0.000888940
 18082	    -2919000	 0.109055024	24.490441966	-152.853719535	159.979689443	 0.172418854	         0.001360818	         0.000001459	         0.001362277
 18083	    -2918000	 0.107944380	25.002588787	-146.310884436	160.540699831	 0.185140523	         0.002023825	         0.000043966	         0.002067791
 18084	    -2917000	 0.106800180	25.505415732	-139.586840231	161.070221942	 0.198543469	         0.002914811	         0.000150364	         0.003065175
 18085	    -2916000	 0.105551198	25.997581787	-132.841210528	161.573963021	 0.212601420	         0.004082630	         0.000350813	         0.004433442
 18086	    -2915000	 0.104284752	26.476548875	-125.992509255	162.064501165	 0.227237465	         0.005583629	         0.000675156	         0.006258785
 18087	    -2914000	 0.103161942	26.944287548	-119.043146018	162.523679505	 0.242502313	         0.007414141	         0.001148449	         0.008562590
 18088	    -2913000	 0.101907987	27.399436751	-112.033123088	162.986333382	 0.258340114	         0.009624213	         0.001809128	         0.011433340
 18089	    -2912000	 0.100824872	27.841116212	-105.017939483	163.438304042	 0.274697484	         0.012246243	         0.002713283	         0.014959526
 18090	    -2911000	 0.099795122	28.270835609	-97.990413365	163.886270145	 0.291522179	         0.015198656	         0.003863537	         0.019062192
 18091	    -2910000	 0.098712852	28.687197845	-90.851441806	164.331895972	 0.308412682	         0.018418906	         0.005283293	         0.023702199
 18092	    -2909000	 0.097542980	29.090937251	-83.858870209	164.792273687	 0.325305876	         0.021910460	         0.007038393	         0.028948853
 18093	    -2908000	 0.096464199	29.481276472	-76.909781674	165.257377010	 0.342104877	         0.025552585	         0.009106159	         0.034658744
 18094	    -2907000	 0.095316880	29.856736530	-69.819305252	165.733030813	 0.358680133	         0.029225117	         0.011516612	         0.040741729
 18095	    -2906000	 0.093901194	30.218751772	-62.805969972	166.220375673	 0.375032186	         0.032608796	         0.014254494	         0.046863291
 18096	    -2905000	 0.092474871	30.564398401	-55.826100367	166.729637053	 0.390967906	         0.036015718	         0.017204066	         0.053219784
 18097	    -2904000	 0.090989505	30.892561985	-48.782557000	167.247000089	 0.406374072	         0.039033516	         0.019826086	         0.058859601
 18098	    -2903000	 0.089302745	31.204072409	-41.654715438	167.781267832	 0.421233071	         0.041566804	         0.022062586	         0.063629390
 18099	    -2902000	 0.087696561	31.495355390	-34.476856490	168.313483013	 0.435320946	         0.043687495	         0.023971775	         0.067659270
 18100	    -2901000	 0.085931291	31.766462610	-27.248840791	168.859152373	 0.448589899	         0.045327091	         0.025511343	         0.070838435
 18101	    -2900000	 0.084280263	32.017201776	-19.830106111	169.414723727	 0.460987006	         0.046316714	         0.026482075	         0.072798789
 18102	    -2899000	 0.082558512	32.244766149	-12.454279955	169.958904506	 0.472334584	         0.046895132	         0.027149940	         0.074045071
 18103	    -2898000	 0.080901675	32.450593572	-4.985224325	170.506667656	 0.482671119	         0.047029660	         0.027460246	         0.074489906
 18104	    -2897000	 0.079500339	32.633788687	 2.582093001	171.049236884	 0.491924788	         0.046869459	         0.027547341	         0.074416799
 18105	    -2896000	 0.077906862	32.793493205	10.271917802	171.577548965	 0.500029981	         0.046282420	         0.027292247	         0.073574667
 18106	    -2895000	 0.076505500	32.931652870	17.896548521	172.080492080	 0.507068225	         0.045635642	         0.027007489	         0.072643130
 18107	    -2894000	 0.075179630	33.047385895	25.516459970	172.560577417	 0.512981546	         0.045139565	         0.026877780	         0.072017345
 18108	    -2893000	 0.074033724	33.141788319	33.363916130	173.023459171	 0.517816061	         0.044941508	         0.027037986	         0.071979494
 18109	    -2892000	 0.072736378	33.215748024	41.092855447	173.409179958	 0.521610211	         0.043922791	         0.026439491	         0.070362283
 18110	    -2891000	 0.071625279	33.269082743	48.874747201	173.727987396	 0.524349687	         0.042395323	         0.025365875	         0.067761198
 18111	    -2890000	 0.070627623	33.303989540	56.692440680	173.989823759	 0.526144115	         0.040924591	         0.024338395	         0.065262986
 18112	    -2889000	 0.069529665	33.320031417	64.576075169	174.185068740	 0.526969151	         0.039562570	         0.023369261	         0.062931831
 18113	    -2888000	 0.068646105	33.317479714	72.384162190	174.323789048	 0.526837901	         0.038414363	         0.022558082	         0.060972445
 18114	    -2887000	 0.067751592	33.298433689	80.301763535	174.380443932	 0.525858433	         0.037236721	         0.021687853	         0.058924574
 18115	    -2886000	 0.066886271	33.261851313	88.291329639	174.376945331	 0.523978091	         0.036282252	         0.020966358	         0.057248610
 18116	    -2885000	 0.066086852	33.208294014	96.187202572	174.295622332	 0.521227568	         0.035467210	         0.020331445	         0.055798655
 18117	    -2884000	 0.065332192	33.138710826	104.156044272	174.141711609	 0.517658307	         0.034412004	         0.019440657	         0.053852661
 18118	    -2883000	 0.064746017	33.052234686	112.233866524	173.905277058	 0.513229625	         0.032967892	         0.018169859	         0.051137751
 18119	    -2882000	 0.064068522	32.950043481	120.436883785	173.623106715	 0.508006846	         0.032110997	         0.017363796	         0.049474793
 18120	    -2881000	 0.063485521	32.831407645	128.522459872	173.300254302	 0.501959087	         0.031512315	         0.016763111	         0.048275427
 18121	    -2880000	 0.063133814	32.696325365	136.707646376	172.929027196	 0.495094532	         0.030958802	         0.016171122	         0.047129924
 18122	    -2879000	 0.062925431	32.546326819	145.121943655	172.523743423	 0.487500812	         0.030588451	         0.015707518	         0.046295969
 18123	    -2878000	 0.062741059	32.380073511	153.420629630	172.073929843	 0.479122198	         0.030220015	         0.015238406	         0.045458421
 18124	    -2877000	 0.062809467	32.198492989	161.687985059	171.604844050	 0.470020090	         0.029866707	         0.014771333	         0.044638040
 18125	    -2876000	 0.063108089	32.002525159	170.063704533	171.104032963	 0.460258215	         0.029427258	         0.014223279	         0.043650537
 18126	    -2875000	 0.063453116	31.791912496	178.281136637	170.590161168	 0.449842877	         0.028908211	         0.013608800	         0.042517011
 18127	    -2874000	 0.064008453	31.568426066	-173.570133216	170.058502087	 0.438882861	         0.028272602	         0.012905830	         0.041178432
 18128	    -2873000	 0.064776133	31.331794984	-165.487324607	169.523242335	 0.427388077	         0.027475919	         0.012052616	         0.039528535
 18129	    -2872000	 0.065430023	31.082876114	-157.435486266	168.980460856	 0.415425797	         0.026540221	         0.011089640	         0.037629860
 18130	    -2871000	 0.066244447	30.824338924	-149.604754592	168.451341684	 0.403149833	         0.025523192	         0.010144293	         0.035667484
 18131	    -2870000	 0.067124121	30.555317059	-141.807804648	167.918719107	 0.390545324	         0.024317152	         0.009200813	         0.033517966
 18132	    -2869000	 0.068104287	30.277142998	-133.969477504	167.385525057	 0.377702567	         0.023012496	         0.008286137	         0.031298633
 18133	    -2868000	 0.068968436	29.991985181	-126.262296162	166.870315128	 0.364747626	         0.021573291	         0.007361929	         0.028935220
 18134	    -2867000	 0.069869384	29.699511093	-118.548550301	166.368038638	 0.351690556	         0.020046725	         0.006470578	         0.026517303
 18135	    -2866000	 0.070987972	29.401177855	-110.985416584	165.855056176	 0.338621094	         0.018357685	         0.005558516	         0.023916201
 18136	    -2865000	 0.072062096	29.097040470	-103.211944105	165.370875677	 0.325565053	         0.016743933	         0.004752725	         0.021496658
 18137	    -2864000	 0.073191991	28.787957610	-95.632648184	164.884641236	 0.312581794	         0.015036197	         0.003965371	         0.019001567
 18138	    -2863000	 0.074369485	28.475205540	-88.096405862	164.409946440	 0.299744489	         0.013305145	         0.003226743	         0.016531888
 18139	    -2862000	 0.075820583	28.157227703	-80.505630449	163.954749569	 0.287009055	         0.011680477	         0.002589471	         0.014269948
 18140	    -2861000	 0.077093735	27.835331913	-73.119584618	163.496276880	 0.274476711	         0.010071898	         0.002014676	         0.012086574
 18141	    -2860000	 0.078617015	27.510235358	-65.777112555	163.056862865	 0.262349607	         0.008600517	         0.001532798	         0.010133315
 18142	    -2859000	 0.080180168	27.180572612	-58.448960312	162.620409732	 0.250599205	         0.007225775	         0.001123498	         0.008349273
 18143	    -2858000	 0.081652153	26.847706839	-51.204724035	162.187166790	 0.239268542	         0.005972630	         0.000788153	         0.006760783
 18144	    -2857000	 0.083173700	26.511312759	-44.154578263	161.759589893	 0.228338175	         0.004873050	         0.000525478	         0.005398528
 18145	    -2856000	 0.084810047	26.171021797	-37.097389373	161.332993810	 0.217789132	         0.003918887	         0.000326924	         0.004245811
 18146	    -2855000	 0.086497554	25.828663800	-30.030955063	160.918678391	 0.207667771	         0.003105222	         0.000185084	         0.003290306
 18147	    -2854000	 0.088028275	25.483134847	-23.130944326	160.493893985	 0.197929523	         0.002415525	         0.000089492	         0.002505016
 18148	    -2853000	 0.089580845	25.135460580	-16.268213037	160.067497878	 0.188591688	         0.001849370	         0.000032289	         0.001881658
 18149	    -2852000	 0.091256185	24.787043413	-9.524091966	159.649598148	 0.179675835	         0.001398202	         0.000004305	         0.001402507
 18150	    -2851000	 0.092823193	24.437209302	-2.738854145	159.204187520	 0.171147776	         0.001030932	         0.000000000	         0.001030932
 18151	    -2850000	 0.094318626	24.088394327	 3.902844966	158.690698551	 0.163047585	         0.000733701	         0.000000000	         0.000733701
 18152	    -2849000	 0.095810578	23.740647893	10.481205941	158.318606889	 0.155353837	         0.000531652	         0.000000000	         0.000531652
 18153	    -2848000	 0.097251606	23.394537850	17.106814718	157.928414790	 0.148056808	         0.000376304	         0.000000000	         0.000376304
 18154	    -2847000	 0.098521939	23.053045701	23.604081876	157.560609075	 0.141193125	         0.000262684	         0.000000000	         0.000262684
 18155	    -2846000	 0.099825758	22.715156171	30.037380348	157.178467041	 0.134715074	         0.000179026	         0.000000000	         0.000179026
 18156	    -2845000	 0.101153763	22.381943964	36.570164804	156.801214037	 0.128617835	         0.000117776	         0.000000000	         0.000117776
 18157	    -2844000	 0.102156813	22.055938097	43.016197879	156.416103556	 0.122919624	         0.000074536	         0.000000000	         0.000074536
 18158	    -2843000	 0.103261892	21.736210637	49.422184399	156.030229760	 0.117576426	         0.000044452	         0.000000000	         0.000044452
 18159	    -2842000	 0.104403174	21.423972300	55.784555149	155.619648693	 0.112582629	         0.000023686	         0.000000000	         0.000023686
 18160	    -2841000	 0.105455402	21.120042690	62.229314117	155.221098026	 0.107925504	         0.000010538	         0.000000000	         0.000010538
 18161	    -2840000	 0.106505209	20.824208426	68.514319888	154.820639549	 0.103577513	         0.000002831	         0.000000000	         0.000002831
 18162	    -2839000	 0.107464074	20.537765875	74.791139211	154.401576042	 0.099534542	         0.000000000	         0.000000000	         0.000000000
 18163	    -2838000	 0.108636481	20.259911346	81.010282059	153.967271124	 0.095763629	         0.000000000	         0.000000000	         0.000000000
 18164	    -2837000	 0.109546981	19.991401815	87.116068204	153.503230876	 0.092255337	         0.000000000	         0.000000000	         0.000000000
 18165	    -2836000	 0.110455459	19.733183100	93.191073923	153.026899746	 0.089002791	         0.000000000	         0.000000000	         0.000000000
 18166	    -2835000	 0.111355621	19.484507349	99.130692871	152.512783416	 0.085978890	         0.000000000	         0.000000000	         0.000000000
 18167	    -2834000	 0.112078036	19.246750772	105.106036799	151.981377093	 0.083183885	         0.000000000	         0.000000000	         0.000000000
 18168	    -2833000	 0.112627026	19.020230580	110.906566760	151.393639857	 0.080605536	         0.000000000	         0.000000000	         0.000000000
 18169	    -2832000	 0.113097492	18.805503090	116.701746237	150.788118439	 0.078235242	         0.000000000	         0.000000000	         0.000000000
 18170	    -2831000	 0.113628294	18.604425416	122.518205622	150.147889950	 0.076078858	         0.000000000	         0.000000000	         0.000000000
 18171	    -2830000	 0.113676469	18.416990381	128.259103930	149.408263474	 0.074122338	         0.000000000	         0.000000000	         0.000000000
 18172	    -2829000	 0.113844481	18.245227334	133.977225694	148.515017972	 0.072373621	         0.000000000	         0.000000000	         0.000000000
 18173	    -2828000	 0.113937554	18.090947435	139.696203378	146.405239735	 0.070838099	         0.000000000	         0.000000000	         0.000000000
 18174	    -2827000	 0.113799620	17.954040773	145.462236111	146.403419547	 0.069502794	         0.000000000	         0.000000000	         0.000000000
 18175	    -2826000	 0.113659024	17.837856251	151.140111841	146.401124069	 0.068389363	         0.000000000	         0.000000000	         0.000000000
 18176	    -2825000	 0.113408586	17.743201759	156.871581883	146.398281677	 0.067495459	         0.000000000	         0.000000000	         0.000000000
 18177	    -2824000	 0.113171788	17.670345964	162.653273188	146.394978355	 0.066815385	         0.000000000	         0.000000000	         0.000000000
 18178	    -2823000	 0.112707727	17.622547426	168.366616305	146.391208572	 0.066372935	         0.000000000	         0.000000000	         0.000000000
 18179	    -2822000	 0.112239310	17.599249202	174.116612766	146.387051435	 0.066158337	         0.000000000	         0.000000000	         0.000000000
 18180	    -2821000	 0.111813043	17.600998620	179.872651493	146.382572763	 0.066174427	         0.000000000	         0.000000000	         0.000000000
 18181	    -2820000	 0.111213771	17.629453347	-174.284349489	146.377659957	 0.066436679	         0.000000000	         0.000000000	         0.000000000
 18182	    -2819000	 0.110512669	17.683307753	-168.498660956	146.372497400	 0.066935874	         0.000000000	         0.000000000	         0.000000000
 18183	    -2818000	 0.109828328	17.763069893	-162.696399627	146.367097531	 0.067682117	         0.000000000	         0.000000000	         0.000000000
 18184	    -2817000	 0.109135072	17.868349656	-156.782748142	146.361391537	 0.068679852	         0.000000000	         0.000000000	         0.000000000
 18185	    -2816000	 0.108290011	17.997125572	-150.922487086	146.355542041	 0.069920280	         0.000000000	         0.000000000	         0.000000000
 18186	    -2815000	 0.107403197	18.149916729	-145.044537840	146.349550878	 0.071421126	         0.000000000	         0.000000000	         0.000000000
 18187	    -2814000	 0.106644922	18.325011267	-139.057729867	147.320476501	 0.073180709	         0.000000000	         0.000000000	         0.000000000
 18188	    -2813000	 0.105436869	18.520590362	-133.095238402	148.375636920	 0.075197451	         0.000000000	         0.000000000	         0.000000000
 18189	    -2812000	 0.104344020	18.736375825	-127.093942965	149.030208440	 0.077487104	         0.000000000	         0.000000000	         0.000000000
 18190	    -2811000	 0.103199638	18.970550080	-121.028006668	149.632596368	 0.080050825	         0.000000000	         0.000000000	         0.000000000
 18191	    -2810000	 0.101877789	19.222500538	-114.779869024	150.187642921	 0.082903962	         0.000000000	         0.000000000	         0.000000000
 18192	    -2809000	 0.100421949	19.490730091	-108.536223068	150.726025874	 0.086053291	         0.000000000	         0.000000000	         0.000000000
 18193	    -2808000	 0.098876305	19.773910426	-102.138358283	151.267491697	 0.089508074	         0.000002411	         0.000000000	         0.000002411
 18194	    -2807000	 0.097438427	20.072480165	-95.635484645	151.796184477	 0.093300925	         0.000010083	         0.000000000	         0.000010083
 18195	    -2806000	 0.095809993	20.384942452	-88.940205222	152.333039914	 0.097442482	         0.000023755	         0.000000000	         0.000023755
 18196	    -2805000	 0.094244962	20.710144989	-82.089252808	152.859525446	 0.101948260	         0.000044591	         0.000000000	         0.000044591
 18197	    -2804000	 0.092777045	21.048500814	-75.179293464	153.409549101	 0.106857577	         0.000075812	         0.000000000	         0.000075812
 18198	    -2803000	 0.091317688	21.399029333	-68.002964691	153.981562204	 0.112192972	         0.000119524	         0.000000000	         0.000119524
 18199	    -2802000	 0.089957329	21.761102846	-60.884189163	154.555524654	 0.117983947	         0.000176732	         0.000000000	         0.000176732
 18200	    -2801000	 0.088669383	22.133339667	-53.616371577	155.145007516	 0.124249233	         0.000249603	         0.000000000	         0.000249603
 18201	    -2800000	 0.087614984	22.515102448	-46.235200434	155.757537126	 0.131020594	         0.000342577	         0.000000000	         0.000342577
 18202	    -2799000	 0.086207442	22.906467414	-38.826772876	156.394397760	 0.138345510	         0.000453402	         0.000000000	         0.000453402
 18203	    -2798000	 0.085055936	23.303798893	-31.419490182	157.194661455	 0.146201137	         0.000610896	         0.000000000	         0.000610896
 18204	    -2797000	 0.083956675	23.706239182	-23.928307267	157.897964654	 0.154612583	         0.000771099	         0.000000000	         0.000771099
 18205	    -2796000	 0.082810741	24.113309311	-16.259572841	158.601474978	 0.163613227	         0.000937410	         0.000000000	         0.000937410
 18206	    -2795000	 0.081513294	24.521434757	-8.659261253	159.316726715	 0.173163236	         0.001110139	         0.000000000	         0.001110139
 18207	    -2794000	 0.080323033	24.929154375	-0.896580727	160.083179245	 0.183260335	         0.001308518	         0.000006730	         0.001315248
 18208	    -2793000	 0.079187514	25.334966453	 6.959140644	160.844438800	 0.193894775	         0.001496534	         0.000026274	         0.001522807
 18209	    -2792000	 0.078030190	25.736613139	14.898128643	161.621987356	 0.205027580	         0.001706105	         0.000059480	         0.001765585
 18210	    -2791000	 0.076985853	26.132832028	23.003615650	162.409626069	 0.216636088	         0.001909497	         0.000098949	         0.002008446
 18211	    -2790000	 0.076089438	26.521607241	31.151556458	163.184043691	 0.228665145	         0.002126586	         0.000149050	         0.002275637
 18212	    -2789000	 0.075201783	26.902008341	39.469595427	163.953823968	 0.241081352	         0.002346214	         0.000205424	         0.002551638
 18213	    -2788000	 0.074427988	27.273592521	47.769006813	164.704530867	 0.253860433	         0.002598787	         0.000274255	         0.002873042
 18214	    -2787000	 0.073902947	27.634571092	56.075034492	165.442723265	 0.266923116	         0.002880366	         0.000353968	         0.003234334
 18215	    -2786000	 0.073581773	27.985568904	64.591665587	166.130730300	 0.280268860	         0.003182498	         0.000442256	         0.003624754
 18216	    -2785000	 0.073130896	28.325880650	73.058210860	166.787725345	 0.293723714	         0.003568113	         0.000555378	         0.004123491
 18217	    -2784000	 0.072919561	28.654565607	81.424224087	167.394786800	 0.307069223	         0.004021962	         0.000690510	         0.004712471
 18218	    -2783000	 0.072955390	28.972845040	89.789195891	167.945920127	 0.320313158	         0.004554845	         0.000851594	         0.005406439
 18219	    -2782000	 0.072961542	29.279424054	98.235439450	168.442931536	 0.333361531	         0.005228718	         0.001061896	         0.006290615
 18220	    -2781000	 0.073101970	29.573704979	106.551301212	168.878719800	 0.346148025	         0.006051399	         0.001327446	         0.007378845
 18221	    -2780000	 0.073302946	29.856374306	114.808902596	169.253321958	 0.358663951	         0.007041572	         0.001657949	         0.008699521
 18222	    -2779000	 0.073655402	30.125933252	123.098990425	169.580092667	 0.370805916	         0.008299416	         0.002104401	         0.010403816
 18223	    -2778000	 0.073930682	30.381384951	131.190635800	169.824960156	 0.382491955	         0.009754738	         0.002643447	         0.012398185
 18224	    -2777000	 0.074357896	30.622335280	139.307776285	170.032323732	 0.393668720	         0.011596067	         0.003381468	         0.014977535
 18225	    -2776000	 0.074853138	30.847368856	147.338966910	170.182900733	 0.404236999	         0.013768910	         0.004315851	         0.018084760
 18226	    -2775000	 0.075182090	31.055912569	155.371082053	170.286840511	 0.414138296	         0.016381358	         0.005543281	         0.021924639
 18227	    -2774000	 0.075662008	31.245981236	163.331369712	170.338740908	 0.423248763	         0.019376991	         0.007092538	         0.026469530
 18228	    -2773000	 0.076156895	31.417017613	171.204873758	170.347565996	 0.431514473	         0.022807208	         0.009113972	         0.031921179
 18229	    -2772000	 0.076883371	31.569226969	179.191962469	170.318071988	 0.438921962	         0.026773237	         0.011899456	         0.038672694
 18230	    -2771000	 0.077399232	31.699827902	-172.912200349	170.253405232	 0.445315140	         0.031030715	         0.014976847	         0.046007563
 18231	    -2770000	 0.078147457	31.809563367	-165.089520075	170.166078276	 0.450712606	         0.035742956	         0.018544673	         0.054287629
 18232	    -2769000	 0.079141965	31.898772279	-157.376297310	170.055534848	 0.455117201	         0.040623810	         0.022377819	         0.063001629
 18233	    -2768000	 0.079988325	31.965897137	-149.551139123	169.912250001	 0.458441062	         0.045607861	         0.026431863	         0.072039725
 18234	    -2767000	 0.081067553	32.012376616	-141.990095996	169.769103773	 0.460747363	         0.050530055	         0.030577316	         0.081107370
 18235	    -2766000	 0.082215845	32.038158497	-134.456757481	169.583646967	 0.462028304	         0.054834574	         0.034286832	         0.089121406
 18236	    -2765000	 0.083406449	32.043376487	-127.008521259	169.406578167	 0.462287696	         0.058989975	         0.037985302	         0.096975277
 18237	    -2764000	 0.084556123	32.029796821	-119.742195892	169.211692456	 0.461612736	         0.061996472	         0.040661304	         0.102657776
 18238	    -2763000	 0.085783399	31.996546080	-112.543127542	169.010270032	 0.459961423	         0.064276329	         0.042715967	         0.106992296
 18239	    -2762000	 0.086994493	31.944694059	-105.390370215	168.799798645	 0.457390255	         0.065461010	         0.043757282	         0.109218293
 18240	    -2761000	 0.087994030	31.875935803	-98.297434123	168.601469685	 0.453988269	         0.065743697	         0.043977621	         0.109721318
 18241	    -2760000	 0.089020362	31.789083602	-91.304056429	168.396340734	 0.449703541	         0.064733675	         0.042966642	         0.107700318
 18242	    -2759000	 0.090070676	31.685620560	-84.344770413	168.189710783	 0.444618032	         0.062653884	         0.040953749	         0.103607633
 18243	    -2758000	 0.091053210	31.565742492	-77.298810696	167.983939175	 0.438751856	         0.059420126	         0.037876488	         0.097296614
 18244	    -2757000	 0.091923054	31.429061489	-70.326926358	167.781112952	 0.432098861	         0.055326708	         0.034056995	         0.089383703
 18245	    -2756000	 0.092837161	31.276886761	-63.407254475	167.587880442	 0.424737686	         0.050823270	         0.029940822	         0.080764092
 18246	    -2755000	 0.093908741	31.107901209	-56.457629705	167.402853963	 0.416622211	         0.046171836	         0.025856960	         0.072028796
 18247	    -2754000	 0.094822117	30.922792946	-49.503930768	167.215420836	 0.407806307	         0.041047972	         0.021456538	         0.062504510
 18248	    -2753000	 0.095796880	30.722496381	-42.624313047	167.027482130	 0.398357422	         0.035988527	         0.017246834	         0.053235360
 18249	    -2752000	 0.096996152	30.505475229	-35.820845875	166.838346108	 0.388229720	         0.031101706	         0.013253452	         0.044355158
 18250	    -2751000	 0.097936098	30.272888381	-28.957761377	166.649752752	 0.377507690	         0.026406024	         0.009926439	         0.036332462
 18251	    -2750000	 0.099010211	30.025314947	-22.264031978	166.463260524	 0.366250550	         0.022164727	         0.007486155	         0.029650882
 18252	    -2749000	 0.100104335	29.762529065	-15.570839956	166.284527629	 0.354483748	         0.018345629	         0.005573305	         0.023918935
 18253	    -2748000	 0.101177704	29.486209003	-8.880080540	166.101686573	 0.342320020	         0.014969700	         0.004096471	         0.019066170
 18254	    -2747000	 0.102066600	29.196105334	-2.305308728	165.909281374	 0.329787538	         0.012020713	         0.002944650	         0.014965363
 18255	    -2746000	 0.103053455	28.894058314	 4.282142314	165.719492547	 0.317005762	         0.009577977	         0.002100040	         0.011678017
 18256	    -2745000	 0.104053430	28.581959895	10.754521946	165.515413436	 0.304091989	         0.007551511	         0.001471829	         0.009023339
 18257	    -2744000	 0.104846292	28.259373887	17.322521899	165.312228530	 0.291064983	         0.005891730	         0.001011110	         0.006902840
 18258	    -2743000	 0.105644519	27.929597602	23.779134649	165.083242795	 0.278096825	         0.004542244	         0.000672544	         0.005214788
 18259	    -2742000	 0.106344942	27.593859302	30.170896043	164.858638218	 0.265416880	         0.003511526	         0.000444481	         0.003956007
 18260	    -2741000	 0.107127077	27.252530335	36.654300564	164.614351010	 0.253118307	         0.002678959	         0.000279228	         0.002958187
 18261	    -2740000	 0.107648192	26.908912784	43.028476656	164.351079958	 0.241312833	         0.002046628	         0.000169490	         0.002216118
 18262	    -2739000	 0.108187791	26.563285317	49.419409571	164.068081876	 0.229993705	         0.001558951	         0.000097528	         0.001656479
 18263	    -2738000	 0.108747023	26.216780594	55.758034386	163.765563405	 0.219178788	         0.001186326	         0.000051148	         0.001237474
 18264	    -2737000	 0.109025206	25.871890596	62.174641557	163.406642447	 0.208919304	         0.000900612	         0.000022527	         0.000923139
 18265	    -2736000	 0.109332405	25.528099223	68.471394241	163.092596424	 0.199170466	         0.000695114	         0.000007923	         0.000703038
 18266	    -2735000	 0.109695780	25.186751284	74.818983550	162.745640781	 0.189941040	         0.000535445	         0.000000861	         0.000536306
 18267	    -2734000	 0.109926540	24.848993800	81.236101599	162.375001399	 0.181229724	         0.000414886	         0.000000000	         0.000414886
 18268	    -2733000	 0.110057067	24.514425812	87.534904226	161.968278932	 0.172994615	         0.000325681	         0.000000000	         0.000325681
 18269	    -2732000	 0.110300831	24.184537688	93.850668944	161.537880845	 0.165241166	         0.000257315	         0.000000000	         0.000257315
 18270	    -2731000	 0.110547503	23.859167861	100.145476651	161.068073720	 0.157934377	         0.000204850	         0.000000000	         0.000204850
 18271	    -2730000	 0.110640502	23.538777652	106.410485148	160.570695037	 0.151055206	         0.000163333	         0.000000000	         0.000163333
 18272	    -2729000	 0.110778650	23.224797761	112.641197110	160.039037314	 0.144604462	         0.000131993	         0.000000000	         0.000131993
 18273	    -2728000	 0.110921969	22.917022215	118.767588660	159.501172476	 0.138548628	         0.000107232	         0.000000000	         0.000107232
 18274	    -2727000	 0.110938431	22.616614532	124.948539935	158.930130734	 0.132882423	         0.000087447	         0.000000000	         0.000087447
 18275	    -2726000	 0.110797209	22.324666233	131.055578726	158.345872782	 0.127597896	         0.000071264	         0.000000000	         0.000071264
 18276	    -2725000	 0.110642721	22.041979811	137.076051671	157.758564079	 0.122681366	         0.000057606	         0.000000000	         0.000057606
 18277	    -2724000	 0.110464546	21.770126201	143.180316542	157.162894885	 0.118132021	         0.000046220	         0.000000000	         0.000046220
 18278	    -2723000	 0.109919881	21.509556746	149.247307623	156.557734403	 0.113929936	         0.000036661	         0.000000000	         0.000036661
 18279	    -2722000	 0.109395797	21.262001948	155.333267671	155.973368792	 0.110076277	         0.000029081	         0.000000000	         0.000029081
 18280	    -2721000	 0.108910841	21.029007674	161.404808486	155.399628309	 0.106568433	         0.000022353	         0.000000000	         0.000022353
 18281	    -2720000	 0.108102869	20.810450516	167.609327946	154.844394931	 0.103379626	         0.000016752	         0.000000000	         0.000016752
 18282	    -2719000	 0.107403905	20.608431629	173.745840675	154.321717556	 0.100517041	         0.000012348	         0.000000000	         0.000012348
 18283	    -2718000	 0.106594630	20.423400461	179.942733326	153.827119510	 0.097964772	         0.000008730	         0.000000000	         0.000008730
 18284	    -2717000	 0.105862995	20.255084315	-173.754836625	153.337442432	 0.095699397	         0.000005608	         0.000000000	         0.000005608
 18285	    -2716000	 0.104887711	20.105307205	-167.541554235	152.908383222	 0.093727626	         0.000003612	         0.000000000	         0.000003612
 18286	    -2715000	 0.104046215	19.973152337	-161.232513824	152.514316824	 0.092021611	         0.000002081	         0.000000000	         0.000002081
 18287	    -2714000	 0.103198242	19.858303458	-154.944910327	152.173444678	 0.090564242	         0.000001077	         0.000000000	         0.000001077
 18288	    -2713000	 0.102154679	19.761573856	-148.567700987	151.847858553	 0.089354718	         0.000000402	         0.000000000	         0.000000402
 18289	    -2712000	 0.101128681	19.681474890	-142.190813515	151.568372891	 0.088365382	         0.000000049	         0.000000000	         0.000000049
 18290	    -2711000	 0.100027166	19.617580575	-135.844885037	151.346107260	 0.087584057	         0.000000000	         0.000000000	         0.000000000
 18291	    -2710000	 0.099040914	19.569513468	-129.340730189	151.137336340	 0.087000829	         0.000000000	         0.000000000	         0.000000000
 18292	    -2709000	 0.097732901	19.536128905	-122.826443069	150.985189056	 0.086598041	         0.000000000	         0.000000000	         0.000000000
 18293	    -2708000	 0.096543261	19.517143336	-116.252193454	150.862748176	 0.086369811	         0.000000000	         0.000000000	         0.000000000
 18294	    -2707000	 0.095415560	19.511274715	-109.632084751	150.784692802	 0.086299384	         0.000000000	         0.000000000	         0.000000000
 18295	    -2706000	 0.094030193	19.517942934	-102.863276039	150.734945926	 0.086379411	         0.000000000	         0.000000000	         0.000000000
 18296	    -2705000	 0.092835276	19.537076064	-96.118482289	150.709446562	 0.086609443	         0.000000000	         0.000000000	         0.000000000
 18297	    -2704000	 0.091649669	19.567418509	-89.237891701	150.721680743	 0.086975498	         0.000000000	         0.000000000	         0.000000000
 18298	    -2703000	 0.090350277	19.608893987	-82.203534255	150.762131482	 0.087478368	         0.000000045	         0.000000000	         0.000000045
 18299	    -2702000	 0.089004911	19.661169644	-75.193442595	150.826727923	 0.088116329	         0.000000257	         0.000000000	         0.000000257
 18300	    -2701000	 0.087789095	19.723854983	-68.085215355	150.936984176	 0.088887464	         0.000000807	         0.000000000	         0.000000807
 18301	    -2700000	 0.086634066	19.796908588	-60.843744617	151.065207991	 0.089794666	         0.000001518	         0.000000000	         0.000001518
 18302	    -2699000	 0.085344023	19.879602027	-53.407661352	151.193068725	 0.090832755	         0.000002052	         0.000000000	         0.000002052
 18303	    -2698000	 0.084144662	19.972226929	-45.944355555	151.387653140	 0.092009775	         0.000003187	         0.000000000	         0.000003187
 18304	    -2697000	 0.083037710	20.074325106	-38.411354059	151.579525321	 0.093324855	         0.000004518	         0.000000000	         0.000004518
 18305	    -2696000	 0.082051406	20.185195645	-30.679759296	151.831448930	 0.094774224	         0.000006582	         0.000000000	         0.000006582
 18306	    -2695000	 0.081158477	20.305041330	-22.852967689	152.099075806	 0.096366249	         0.000008967	         0.000000000	         0.000008967
 18307	    -2694000	 0.080350632	20.432661293	-14.994884018	152.388697257	 0.098090959	         0.000011602	         0.000000000	         0.000011602
 18308	    -2693000	 0.079824906	20.567769179	-7.022365117	152.723034973	 0.099950513	         0.000014835	         0.000000000	         0.000014835
 18309	    -2692000	 0.079114490	20.710271270	 0.973928015	153.077725010	 0.101950050	         0.000018071	         0.000000000	         0.000018071
 18310	    -2691000	 0.078693589	20.858127127	 8.975038444	153.469922695	 0.104067003	         0.000022149	         0.000000000	         0.000022149
 18311	    -2690000	 0.078464505	21.011543948	16.952141987	153.870333835	 0.106310057	         0.000025846	         0.000000000	         0.000025846
 18312	    -2689000	 0.078184451	21.170129709	25.198703336	154.301835309	 0.108679514	         0.000029937	         0.000000000	         0.000029937
 18313	    -2688000	 0.077943508	21.331940091	33.232401476	154.756885554	 0.111151591	         0.000034509	         0.000000000	         0.000034509
 18314	    -2687000	 0.077879978	21.497175679	41.336047189	155.215895191	 0.113734035	         0.000039141	         0.000000000	         0.000039141
 18315	    -2686000	 0.077979014	21.665208442	49.457594502	155.695081164	 0.116421736	         0.000044228	         0.000000000	         0.000044228
 18316	    -2685000	 0.078015709	21.835467259	57.702248792	156.170419200	 0.119209831	         0.000049673	         0.000000000	         0.000049673
 18317	    -2684000	 0.078287293	22.007824711	65.909859619	156.654580161	 0.122100309	         0.000056710	         0.000000000	         0.000056710
 18318	    -2683000	 0.078602709	22.181569197	74.053935461	157.106416111	 0.125084986	         0.000063984	         0.000000000	         0.000063984
 18319	    -2682000	 0.079098220	22.357385877	82.293963355	157.563371158	 0.128179537	         0.000073838	         0.000000000	         0.000073838
 18320	    -2681000	 0.079748308	22.535030139	90.389307211	158.003702312	 0.131384018	         0.000086608	         0.000000000	         0.000086608
 18321	    -2680000	 0.080453844	22.713974496	98.467901443	158.399683887	 0.134692949	         0.000101407	         0.000000000	         0.000101407
 18322	    -2679000	 0.081385187	22.895420574	106.510564888	158.774287779	 0.138133242	         0.000122170	         0.000000000	         0.000122170
 18323	    -2678000	 0.082124784	23.079067399	114.515135478	159.111730711	 0.141704747	         0.000148518	         0.000000000	         0.000148518
 18324	    -2677000	 0.083089690	23.264734385	122.343140493	159.402422719	 0.145409421	         0.000180156	         0.000000000	         0.000180156
 18325	    -2676000	 0.084115325	23.453184120	130.117484858	159.680352909	 0.149268675	         0.000223129	         0.000000000	         0.000223129
 18326	    -2675000	 0.085255133	23.644003625	138.023835568	159.921841531	 0.153280838	         0.000278579	         0.000000000	         0.000278579
 18327	    -2674000	 0.086180239	23.837366964	145.683718947	160.128323778	 0.157456509	         0.000347910	         0.000000000	         0.000347910
 18328	    -2673000	 0.087310716	24.033043718	153.301412021	160.368013429	 0.161797953	         0.000441211	         0.000000000	         0.000441211
 18329	    -2672000	 0.088517043	24.230683485	160.902694720	160.578519554	 0.166304473	         0.000560638	         0.000000000	         0.000560638
 18330	    -2671000	 0.089629535	24.430375089	168.446807704	160.749860210	 0.170985271	         0.000708611	         0.000000000	         0.000708611
 18331	    -2670000	 0.090849871	24.630939632	175.870234811	160.894480265	 0.175819146	         0.000892601	         0.000000000	         0.000892601
 18332	    -2669000	 0.092043295	24.832234469	-176.755079509	161.027647534	 0.180808032	         0.001122776	         0.000003947	         0.001126723
 18333	    -2668000	 0.093174426	25.033989645	-169.402206385	161.148574469	 0.185950375	         0.001407803	         0.000017631	         0.001425434
 18334	    -2667000	 0.094345935	25.234602400	-162.201854638	161.252148583	 0.191208606	         0.001745388	         0.000041775	         0.001787163
 18335	    -2666000	 0.095435494	25.434244773	-155.059291050	161.360100854	 0.196589009	         0.002159730	         0.000080471	         0.002240201
 18336	    -2665000	 0.096587271	25.632333814	-147.881429354	161.462480410	 0.202077175	         0.002654885	         0.000137694	         0.002792578
 18337	    -2664000	 0.097527510	25.827535578	-140.763628692	161.555524606	 0.207635206	         0.003219733	         0.000215909	         0.003435642
 18338	    -2663000	 0.098463229	26.020200297	-133.753767226	161.658358244	 0.213270885	         0.003887919	         0.000327236	         0.004215155
 18339	    -2662000	 0.099472747	26.209629678	-126.787294330	161.762326218	 0.218961038	         0.004621682	         0.000459731	         0.005081413
 18340	    -2661000	 0.100359626	26.395309561	-119.706180032	161.858224058	 0.224685873	         0.005448868	         0.000633624	         0.006082492
 18341	    -2660000	 0.101227596	26.577440463	-112.762565383	161.964021178	 0.230446678	         0.006335880	         0.000837924	         0.007173804
 18342	    -2659000	 0.102075769	26.755327412	-105.894390823	162.075988775	 0.236215799	         0.007267125	         0.001070603	         0.008337728
 18343	    -2658000	 0.103055584	26.929336184	-98.917982298	162.194500450	 0.241998858	         0.008266850	         0.001342606	         0.009609455
 18344	    -2657000	 0.103799881	27.099295454	-92.112904315	162.312115337	 0.247783987	         0.009183698	         0.001606881	         0.010790579
 18345	    -2656000	 0.104640156	27.264581170	-85.315109969	162.456177608	 0.253542652	         0.010173618	         0.001915948	         0.012089566
 18346	    -2655000	 0.105480351	27.426009943	-78.569925111	162.600252157	 0.259296102	         0.011049203	         0.002204245	         0.013253449
 18347	    -2654000	 0.106073034	27.582781512	-71.825867582	162.762712504	 0.265008502	         0.011781630	         0.002452086	         0.014233716
 18348	    -2653000	 0.106746685	27.734385333	-65.177564327	162.941176127	 0.270652265	         0.012470674	         0.002710135	         0.015180808
 18349	    -2652000	 0.107247844	27.881143345	-58.547905777	163.128760556	 0.276230097	         0.012940534	         0.002893736	         0.015834270
 18350	    -2651000	 0.107786702	28.021802519	-51.877336101	163.338276975	 0.281683466	         0.013270957	         0.003037515	         0.016308472
 18351	    -2650000	 0.108078296	28.156168700	-45.285151642	163.560219528	 0.286967181	         0.013430854	         0.003125202	         0.016556056
 18352	    -2649000	 0.108370864	28.283511059	-38.672678567	163.802431573	 0.292028279	         0.013392062	         0.003141555	         0.016533617
 18353	    -2648000	 0.108749454	28.402456580	-32.105008423	164.054052439	 0.296802423	         0.013240410	         0.003125713	         0.016366123
 18354	    -2647000	 0.108860101	28.513112889	-25.427588838	164.316568512	 0.301284136	         0.012824800	         0.003011791	         0.015836592
 18355	    -2646000	 0.109041996	28.613871138	-18.880860184	164.599054001	 0.305398496	         0.012338287	         0.002876900	         0.015215187
 18356	    -2645000	 0.109178276	28.703715852	-12.329605575	164.886992972	 0.309093986	         0.011679131	         0.002686633	         0.014365764
 18357	    -2644000	 0.109361230	28.782989460	-5.681626396	165.195031306	 0.312375491	         0.010958266	         0.002483218	         0.013441483
 18358	    -2643000	 0.109342377	28.849860698	 0.840339440	165.507959307	 0.315158697	         0.010151650	         0.002253609	         0.012405259
 18359	    -2642000	 0.109392355	28.904268687	 7.351407689	165.826053002	 0.317433315	         0.009362764	         0.002040917	         0.011403681
 18360	    -2641000	 0.109440654	28.946269041	13.929648060	166.136836323	 0.319195406	         0.008510196	         0.001810265	         0.010320462
 18361	    -2640000	 0.109288916	28.974515656	20.471228783	166.444500915	 0.320383494	         0.007693579	         0.001595428	         0.009289007
 18362	    -2639000	 0.109187454	28.990076438	26.959712651	166.747550871	 0.321039037	         0.006916068	         0.001394552	         0.008310620
 18363	    -2638000	 0.109031774	28.992496968	33.479957303	167.039971037	 0.321141075	         0.006219394	         0.001225445	         0.007444839
 18364	    -2637000	 0.108772981	28.981245806	40.062153809	167.311991547	 0.320666931	         0.005569986	         0.001068775	         0.006638761
 18365	    -2636000	 0.108536247	28.957894110	46.570894445	167.549638621	 0.319684077	         0.004996046	         0.000934365	         0.005930411
 18366	    -2635000	 0.108184778	28.921660648	53.082385359	167.756794435	 0.318162327	         0.004488240	         0.000817089	         0.005305328
 18367	    -2634000	 0.107942371	28.872765840	59.648782921	167.942046188	 0.316115179	         0.004061084	         0.000721054	         0.004782138
 18368	    -2633000	 0.107498662	28.812449271	66.199950057	168.069988658	 0.313599922	         0.003686036	         0.000635313	         0.004321348
 18369	    -2632000	 0.107020740	28.739701267	72.696357806	168.151117306	 0.310581178	         0.003380665	         0.000566447	         0.003947112
 18370	    -2631000	 0.106692871	28.655314731	79.186505671	168.186675920	 0.307100027	         0.003129285	         0.000509784	         0.003639069
 18371	    -2630000	 0.106068961	28.559603891	85.779382393	168.160704629	 0.303178591	         0.002930920	         0.000463741	         0.003394661
 18372	    -2629000	 0.105453870	28.451709956	92.285008508	168.076868375	 0.298792466	         0.002772642	         0.000424602	         0.003197245
 18373	    -2628000	 0.104787857	28.332584894	98.768151192	167.933806945	 0.293992511	         0.002647986	         0.000390935	         0.003038921
 18374	    -2627000	 0.104127250	28.201580348	105.395809550	167.738275371	 0.288766060	         0.002556530	         0.000363438	         0.002919968
 18375	    -2626000	 0.103252039	28.058604769	111.941563836	167.471864064	 0.283124854	         0.002488300	         0.000339016	         0.002827317
 18376	    -2625000	 0.102457775	27.904365092	118.562230944	167.171551920	 0.277123160	         0.002448906	         0.000319416	         0.002768322
 18377	    -2624000	 0.101683764	27.737713504	125.193406279	166.815901225	 0.270777502	         0.002415006	         0.000299390	         0.002714396
 18378	    -2623000	 0.100715912	27.559459271	131.924068154	166.417644707	 0.264150791	         0.002397788	         0.000281313	         0.002679101
 18379	    -2622000	 0.099953051	27.370032984	138.578062070	165.974252093	 0.257286401	         0.002367504	         0.000259299	         0.002626803
 18380	    -2621000	 0.099099890	27.168777447	145.275622347	165.504307356	 0.250188678	         0.002350213	         0.000240342	         0.002590555
 18381	    -2620000	 0.098322043	26.957148668	152.064039418	165.013112537	 0.242936221	         0.002330564	         0.000219984	         0.002550548
 18382	    -2619000	 0.097473265	26.735150851	158.753758462	164.498701782	 0.235554250	         0.002293715	         0.000196581	         0.002490296
 18383	    -2618000	 0.096577629	26.503544287	165.469956026	163.964238232	 0.228091744	         0.002245306	         0.000171620	         0.002416926
 18384	    -2617000	 0.095835863	26.263974837	172.177846549	163.427687948	 0.220621327	         0.002179797	         0.000145031	         0.002324827
 18385	    -2616000	 0.094829375	26.016051662	178.995779686	162.867512820	 0.213147936	         0.002097699	         0.000117849	         0.002215548
 18386	    -2615000	 0.093825192	25.762078603	-174.310878433	162.315882199	 0.205754602	         0.001997911	         0.000089976	         0.002087887
 18387	    -2614000	 0.092848876	25.503445627	-167.552313532	161.762351741	 0.198489107	         0.001881486	         0.000064177	         0.001945664
 18388	    -2613000	 0.091821069	25.239795381	-160.629064339	161.216989151	 0.191346675	         0.001764704	         0.000042251	         0.001806955
 18389	    -2612000	 0.090632054	24.974018671	-153.797857575	160.684046878	 0.184406742	         0.001631619	         0.000023279	         0.001654898
 18390	    -2611000	 0.089536484	24.706916654	-146.884425038	160.159711909	 0.177685777	         0.001492974	         0.000009223	         0.001502197
 18391	    -2610000	 0.088422571	24.438715836	-139.840572035	159.639668097	 0.171183620	         0.001345981	         0.000000350	         0.001346331
 18392	    -2609000	 0.087254339	24.171977279	-132.813561845	159.129089848	 0.164952923	         0.001195465	         0.000000000	         0.001195465
 18393	    -2608000	 0.086178662	23.906523519	-125.727505429	158.642146052	 0.158977399	         0.001050570	         0.000000000	         0.001050570
 18394	    -2607000	 0.085199748	23.643323412	-118.587610162	158.156001984	 0.153266346	         0.000913122	         0.000000000	         0.000913122
 18395	    -2606000	 0.084083589	23.384109653	-111.319846221	157.687371118	 0.147842353	         0.000779219	         0.000000000	         0.000779219
 18396	    -2605000	 0.083085483	23.128241839	-104.135048347	157.232098210	 0.142676652	         0.000655282	         0.000000000	         0.000655282
 18397	    -2604000	 0.082102140	22.877315215	-96.923185252	156.787056834	 0.137786046	         0.000542779	         0.000000000	         0.000542779
 18398	    -2603000	 0.081261802	22.631967781	-89.567666259	156.345102569	 0.133166310	         0.000442680	         0.000000000	         0.000442680
 18399	    -2602000	 0.080302328	22.392183219	-82.189009448	155.913359183	 0.128801022	         0.000352543	         0.000000000	         0.000352543
 18400	    -2601000	 0.079364524	22.159893807	-74.818964901	155.467522189	 0.124708688	         0.000272431	         0.000000000	         0.000272431
 18401	    -2600000	 0.078603088	21.934943057	-67.452810673	154.923774042	 0.120869610	         0.000195550	         0.000000000	         0.000195550
 18402	    -2599000	 0.077826174	21.718473145	-59.861346629	154.565971598	 0.117286897	         0.000147998	         0.000000000	         0.000147998
 18403	    -2598000	 0.077121487	21.512671584	-52.347059187	154.232522317	 0.113979274	         0.000110879	         0.000000000	         0.000110879
 18404	    -2597000	 0.076474703	21.317134781	-44.809695136	153.910427284	 0.110923083	         0.000081926	         0.000000000	         0.000081926
 18405	    -2596000	 0.075996955	21.133573292	-37.048544744	153.612157357	 0.108128676	         0.000059444	         0.000000000	         0.000059444
 18406	    -2595000	 0.075426228	20.963847940	-29.485416146	153.341140843	 0.105607579	         0.000042193	         0.000000000	         0.000042193
 18407	    -2594000	 0.075111884	20.808098936	-21.817919821	153.088659864	 0.103345840	         0.000029324	         0.000000000	         0.000029324
 18408	    -2593000	 0.074875121	20.667809203	-14.080290569	152.873675702	 0.101350090	         0.000019860	         0.000000000	         0.000019860
 18409	    -2592000	 0.074559576	20.543404295	-6.248439262	152.698982132	 0.099612581	         0.000012909	         0.000000000	         0.000012909
 18410	    -2591000	 0.074452936	20.436045537	 1.490012593	152.564174572	 0.098137113	         0.000008002	         0.000000000	         0.000008002
 18411	    -2590000	 0.074374762	20.346319565	 9.278803199	152.481604934	 0.096920756	         0.000004716	         0.000000000	         0.000004716
 18412	    -2589000	 0.074652037	20.273315463	17.175692601	152.413344868	 0.095942219	         0.000002296	         0.000000000	         0.000002296
 18413	    -2588000	 0.074771846	20.218350762	25.055535789	152.408235629	 0.095212005	         0.000000924	         0.000000000	         0.000000924
 18414	    -2587000	 0.075118791	20.180713779	32.930483803	152.437765332	 0.094715200	         0.000000143	         0.000000000	         0.000000143
 18415	    -2586000	 0.075647341	20.159224239	40.714895503	152.528996409	 0.094432703	         0.000000000	         0.000000000	         0.000000000
 18416	    -2585000	 0.076303827	20.154379701	48.611416271	152.653081952	 0.094369135	         0.000000000	         0.000000000	         0.000000000
 18417	    -2584000	 0.077070010	20.164563967	56.337252887	152.805081358	 0.094502820	         0.000000000	         0.000000000	         0.000000000
 18418	    -2583000	 0.077985475	20.189060706	64.053275201	153.006377069	 0.094825155	         0.000000000	         0.000000000	         0.000000000
 18419	    -2582000	 0.079007223	20.227589391	71.803833545	153.244734522	 0.095334352	         0.000000000	         0.000000000	         0.000000000
 18420	    -2581000	 0.079911981	20.278051388	79.400432841	153.490584408	 0.096005398	         0.000000000	         0.000000000	         0.000000000
 18421	    -2580000	 0.080988245	20.340381840	86.884470562	153.738912171	 0.096840796	         0.000000000	         0.000000000	         0.000000000
 18422	    -2579000	 0.082264293	20.413881629	94.486360330	154.026777917	 0.097835239	         0.000000000	         0.000000000	         0.000000000
 18423	    -2578000	 0.083334239	20.496812694	102.093590520	154.298001369	 0.098969552	         0.000000005	         0.000000000	         0.000000005
 18424	    -2577000	 0.084514850	20.589338747	109.571779652	154.552087031	 0.100250631	         0.000000552	         0.000000000	         0.000000552
 18425	    -2576000	 0.085760575	20.690387831	117.061274899	154.808995386	 0.101668669	         0.000001936	         0.000000000	         0.000001936
 18426	    -2575000	 0.087194599	20.799220039	124.581804038	155.034365950	 0.103218372	         0.000004266	         0.000000000	         0.000004266
 18427	    -2574000	 0.088580580	20.915638213	132.020620712	155.259442424	 0.104902253	         0.000007806	         0.000000000	         0.000007806
 18428	    -2573000	 0.089998453	21.038301137	139.485184222	155.457055010	 0.106706187	         0.000013063	         0.000000000	         0.000013063
 18429	    -2572000	 0.091588228	21.166955261	146.837644920	155.649241148	 0.108631569	         0.000020220	         0.000000000	         0.000020220
 18430	    -2571000	 0.093067549	21.300904423	154.195551504	155.792657015	 0.110673120	         0.000029567	         0.000000000	         0.000029567
 18431	    -2570000	 0.094548749	21.438581281	161.449037531	155.951456645	 0.112811477	         0.000042224	         0.000000000	         0.000042224
 18432	    -2569000	 0.096122795	21.579717717	168.636895079	156.084533295	 0.115046459	         0.000058480	         0.000000000	         0.000058480
 18433	    -2568000	 0.097631895	21.723268843	175.930429414	156.180731922	 0.117365107	         0.000078325	         0.000000000	         0.000078325
 18434	    -2567000	 0.098944323	21.867545738	-176.959941925	156.285369362	 0.119742564	         0.000103349	         0.000000000	         0.000103349
 18435	    -2566000	 0.100266430	22.011962064	-169.837872105	156.377683955	 0.122170548	         0.000134644	         0.000000000	         0.000134644
 18436	    -2565000	 0.101759824	22.155362343	-162.735763858	156.441714433	 0.124630162	         0.000171459	         0.000000000	         0.000171459
 18437	    -2564000	 0.102896818	22.296627417	-155.581183905	156.647614899	 0.127101565	         0.000231445	         0.000000000	         0.000231445
 18438	    -2563000	 0.104143745	22.434725748	-148.518361454	156.752234501	 0.129564932	         0.000292860	         0.000000000	         0.000292860
 18439	    -2562000	 0.105302510	22.568914218	-141.483940237	156.853998456	 0.132004281	         0.000368953	         0.000000000	         0.000368953
 18440	    -2561000	 0.106517642	22.698775073	-134.364060884	156.928819751	 0.134408681	         0.000453843	         0.000000000	         0.000453843
 18441	    -2560000	 0.107578600	22.823292345	-127.413366451	157.002558721	 0.136755261	         0.000547215	         0.000000000	         0.000547215
 18442	    -2559000	 0.108634920	22.942337083	-120.380650307	157.068796550	 0.139037007	         0.000652715	         0.000000000	         0.000652715
 18443	    -2558000	 0.109697615	23.055886702	-113.426275556	157.124275311	 0.141248893	         0.000759274	         0.000000000	         0.000759274
 18444	    -2557000	 0.110495192	23.163503189	-106.492114019	157.179855243	 0.143377674	         0.000870130	         0.000000000	         0.000870130
 18445	    -2556000	 0.111292614	23.265441910	-99.588316094	157.244982559	 0.145423722	         0.000983190	         0.000000000	         0.000983190
 18446	    -2555000	 0.112017732	23.361773276	-92.734028176	157.297010383	 0.147384050	         0.001093292	         0.000000000	         0.001093292
 18447	    -2554000	 0.112734911	23.452495508	-85.786156689	157.356626516	 0.149254388	         0.001191160	         0.000000000	         0.001191160
 18448	    -2553000	 0.113090395	23.538109662	-78.949488455	157.412589866	 0.151041181	         0.001268436	         0.000000000	         0.001268436
 18449	    -2552000	 0.113541336	23.618439416	-72.110926929	157.483875225	 0.152737133	         0.001337822	         0.000000000	         0.001337822
 18450	    -2551000	 0.114031124	23.693641011	-65.248968287	157.560174141	 0.154342071	         0.001389372	         0.000000000	         0.001389372
 18451	    -2550000	 0.114184998	23.764120301	-58.418076697	157.646164187	 0.155861532	         0.001407709	         0.000000000	         0.001407709
 18452	    -2549000	 0.114409219	23.829478972	-51.643933118	157.739645820	 0.157283963	         0.001413366	         0.000000000	         0.001413366
 18453	    -2548000	 0.114628693	23.889960273	-44.872020077	157.829925108	 0.158611808	         0.001396004	         0.000000000	         0.001396004
 18454	    -2547000	 0.114629268	23.945692270	-38.078807896	157.934787674	 0.159845305	         0.001356787	         0.000000000	         0.001356787
 18455	    -2546000	 0.114579344	23.996473969	-31.387248255	158.049123129	 0.160977590	         0.001302147	         0.000000000	         0.001302147
 18456	    -2545000	 0.114471696	24.042662633	-24.717968518	158.171021767	 0.162014427	         0.001235716	         0.000000000	         0.001235716
 18457	    -2544000	 0.114349703	24.084331162	-18.015486145	158.298955866	 0.162955525	         0.001153345	         0.000000000	         0.001153345
 18458	    -2543000	 0.113927119	24.121531314	-11.368922621	158.434429973	 0.163800321	         0.001063855	         0.000000000	         0.001063855
 18459	    -2542000	 0.113510914	24.154831932	-4.723089129	158.499124749	 0.164560275	         0.000952954	         0.000000000	         0.000952954
 18460	    -2541000	 0.113061713	24.184407505	 1.878299849	158.715500425	 0.165238176	         0.000876920	         0.000000000	         0.000876920
 18461	    -2540000	 0.112437415	24.210667363	 8.539231338	158.938454973	 0.165842417	         0.000797997	         0.000000000	         0.000797997
 18462	    -2539000	 0.111797484	24.234236858	15.180150174	159.182863640	 0.166386634	         0.000725247	         0.000000000	         0.000725247
 18463	    -2538000	 0.111095481	24.255374748	21.755617100	159.431582887	 0.166876225	         0.000656586	         0.000000000	         0.000656586
 18464	    -2537000	 0.110473693	24.274713850	28.445750666	159.692377736	 0.167325414	         0.000591273	         0.000000000	         0.000591273
 18465	    -2536000	 0.109546455	24.292669429	35.006579536	159.944555409	 0.167743551	         0.000533953	         0.000000000	         0.000533953
 18466	    -2535000	 0.108670666	24.309650001	41.586556498	160.211095727	 0.168139943	         0.000485558	         0.000000000	         0.000485558
 18467	    -2534000	 0.107965821	24.326164586	48.160281717	160.456127432	 0.168526357	         0.000439640	         0.000000000	         0.000439640
 18468	    -2533000	 0.106841729	24.342525368	54.769511808	160.709868363	 0.168910047	         0.000406405	         0.000000000	         0.000406405
 18469	    -2532000	 0.105826177	24.359122290	61.292466657	160.942342906	 0.169300167	         0.000378637	         0.000000000	         0.000378637
 18470	    -2531000	 0.104718904	24.376263840	67.830777362	161.156043887	 0.169704036	         0.000357703	         0.000000000	         0.000357703
 18471	    -2530000	 0.103619771	24.394224186	74.420147345	161.340010153	 0.170128229	         0.000342758	         0.000000000	         0.000342758
 18472	    -2529000	 0.102307254	24.413338653	80.958111362	161.492940888	 0.170580846	         0.000334482	         0.000000000	         0.000334482
 18473	    -2528000	 0.101017717	24.433758192	87.578891141	161.615144670	 0.171065696	         0.000333113	         0.000000000	         0.000333113
 18474	    -2527000	 0.099789325	24.455719536	94.174219038	161.709318569	 0.171588693	         0.000336936	         0.000000000	         0.000336936
 18475	    -2526000	 0.098359480	24.479471031	100.830283939	161.767750576	 0.172156122	         0.000349175	         0.000000000	         0.000349175
 18476	    -2525000	 0.097062616	24.505035378	107.470062882	161.803018906	 0.172768958	         0.000367928	         0.000000000	         0.000367928
 18477	    -2524000	 0.095738772	24.532685652	114.105977263	161.799805763	 0.173434253	         0.000391784	         0.000000000	         0.000391784
 18478	    -2523000	 0.094447150	24.562423611	120.867441969	161.777922847	 0.174152641	         0.000424242	         0.000000000	         0.000424242
 18479	    -2522000	 0.092962178	24.594283115	127.518067295	161.710663066	 0.174925581	         0.000460311	         0.000000000	         0.000460311
 18480	    -2521000	 0.091608513	24.628275566	134.181894394	161.658907299	 0.175754051	         0.000510746	         0.000000000	         0.000510746
 18481	    -2520000	 0.090332670	24.664206224	140.930703931	161.654801503	 0.176634026	         0.000574134	         0.000000000	         0.000574134
 18482	    -2519000	 0.088810639	24.702117888	147.757678016	161.581137150	 0.177567295	         0.000644083	         0.000000000	         0.000644083
 18483	    -2518000	 0.087323742	24.741623539	154.484042507	161.489879210	 0.178545050	         0.000719704	         0.000000000	         0.000719704
 18484	    -2517000	 0.085960035	24.782458033	161.317001063	161.398827596	 0.179561352	         0.000808466	         0.000000059	         0.000808525
 18485	    -2516000	 0.084436365	24.824607542	168.258746974	161.296472687	 0.180616451	         0.000904562	         0.000000573	         0.000905135
 18486	    -2515000	 0.083026450	24.867426593	175.190778490	161.194617396	 0.181694658	         0.001012427	         0.000002749	         0.001015176
 18487	    -2514000	 0.081625236	24.910600435	-177.781370984	161.093716835	 0.182788316	         0.001131885	         0.000005908	         0.001137793
 18488	    -2513000	 0.080335170	24.953972056	-170.660984191	161.003726619	 0.183893612	         0.001265663	         0.000010525	         0.001276187
 18489	    -2512000	 0.078950937	24.996806212	-163.573870808	160.903692342	 0.184991771	         0.001394952	         0.000015265	         0.001410217
 18490	    -2511000	 0.077702765	25.039066260	-156.386144354	160.826507710	 0.186081638	         0.001542489	         0.000021794	         0.001564283
 18491	    -2510000	 0.076630522	25.080294657	-149.201760650	160.742094922	 0.187151086	         0.001683598	         0.000028884	         0.001712482
 18492	    -2509000	 0.075415057	25.119929250	-141.853738020	160.670569707	 0.188184986	         0.001837857	         0.000038619	         0.001876476
 18493	    -2508000	 0.074247651	25.158075548	-134.534740227	160.610553037	 0.189185456	         0.001988691	         0.000049397	         0.002038088
 18494	    -2507000	 0.073216663	25.194067827	-127.234801979	160.557283259	 0.190134308	         0.002129027	         0.000059491	         0.002188518
 18495	    -2506000	 0.072335184	25.227662669	-119.728167571	160.502728131	 0.191024251	         0.002258720	         0.000069886	         0.002328605
 18496	    -2505000	 0.071258538	25.258695087	-112.213759604	160.458183922	 0.191850015	         0.002370988	         0.000080017	         0.002451005
 18497	    -2504000	 0.070331973	25.286601833	-104.625914045	160.429301660	 0.192595654	         0.002468586	         0.000087912	         0.002556497
 18498	    -2503000	 0.069625848	25.311368420	-97.007978312	160.397463314	 0.193259818	         0.002539478	         0.000094566	         0.002634044
 18499	    -2502000	 0.068791134	25.332459698	-89.164484008	160.380565109	 0.193827226	         0.002590885	         0.000099840	         0.002690724
 18500	    -2501000	 0.068217246	25.349366835	-81.423179653	160.361418049	 0.194283274	         0.002603442	         0.000101367	         0.002704810
 18501	    -2500000	 0.067735799	25.362287267	-73.541951156	160.361426193	 0.194632509	         0.002596777	         0.000101457	         0.002698234
 18502	    -2499000	 0.067363162	25.370472745	-65.574576722	160.359538615	 0.194854084	         0.002546533	         0.000095860	         0.002642393
 18503	    -2498000	 0.067003334	25.373510351	-57.729143406	160.355295361	 0.194936374	         0.002454585	         0.000086626	         0.002541211
 18504	    -2497000	 0.066839359	25.371433280	-49.769905868	160.381576519	 0.194880101	         0.002372341	         0.000081142	         0.002453483
 18505	    -2496000	 0.066813819	25.363515587	-41.804961058	160.405978332	 0.194665742	         0.002266019	         0.000073893	         0.002339912
 18506	    -2495000	 0.066722944	25.349778804	-33.731821882	160.424056927	 0.194294400	         0.002118745	         0.000061569	         0.002180314
 18507	    -2494000	 0.066759471	25.329706489	-25.749765538	160.460096699	 0.193753064	         0.001977788	         0.000052118	         0.002029905
 18508	    -2493000	 0.066933683	25.302942753	-17.765336929	160.493250516	 0.193033611	         0.001817679	         0.000040699	         0.001858378
 18509	    -2492000	 0.067345318	25.269788804	-9.629687721	160.541303687	 0.192146081	         0.001659027	         0.000031581	         0.001690608
 18510	    -2491000	 0.067580503	25.229446778	-1.527780832	160.593822082	 0.191071629	         0.001497546	         0.000022476	         0.001520022
 18511	    -2490000	 0.068079445	25.182008121	 6.507837044	160.653655854	 0.189815853	         0.001342628	         0.000015510	         0.001358138
 18512	    -2489000	 0.068753295	25.127784064	14.547723154	160.712363149	 0.188390562	         0.001193619	         0.000009491	         0.001203110
 18513	    -2488000	 0.069434747	25.066382700	22.624484791	160.773156000	 0.186789530	         0.001055132	         0.000004933	         0.001060065
 18514	    -2487000	 0.070263834	24.998407354	30.559632517	160.819874815	 0.185032947	         0.000928393	         0.000001829	         0.000930222
 18515	    -2486000	 0.071311423	24.923867627	38.440367803	160.795886517	 0.183125714	         0.000800486	         0.000000000	         0.000800486
 18516	    -2485000	 0.072209227	24.842798936	46.393247683	160.852232962	 0.181073736	         0.000701532	         0.000000000	         0.000701532
 18517	    -2484000	 0.073210031	24.756405338	54.126943870	160.912608876	 0.178912278	         0.000617959	         0.000000000	         0.000617959
 18518	    -2483000	 0.074330341	24.664354063	61.831774843	160.951057072	 0.176637656	         0.000546133	         0.000000000	         0.000546133
 18519	    -2482000	 0.075551951	24.567020427	69.552015352	160.978578794	 0.174263953	         0.000482905	         0.000000000	         0.000482905
 18520	    -2481000	 0.076607389	24.465548926	77.238150996	160.967437634	 0.171823293	         0.000430178	         0.000000000	         0.000430178
 18521	    -2480000	 0.077804208	24.359697722	84.852717890	160.934546974	 0.169313709	         0.000386229	         0.000000000	         0.000386229
 18522	    -2479000	 0.079059653	24.250060502	92.329929149	160.871177802	 0.166753002	         0.000349184	         0.000000000	         0.000349184
 18523	    -2478000	 0.080408593	24.136971945	99.929236331	160.770600510	 0.164152255	         0.000319424	         0.000000000	         0.000319424
 18524	    -2477000	 0.081747439	24.020717817	107.429159663	160.647413753	 0.161520982	         0.000297287	         0.000000000	         0.000297287
 18525	    -2476000	 0.083107499	23.901936623	114.807261094	160.483861883	 0.158876071	         0.000279640	         0.000000000	         0.000279640
 18526	    -2475000	 0.084704394	23.780354953	122.170029978	160.296858313	 0.156213649	         0.000267312	         0.000000000	         0.000267312
 18527	    -2474000	 0.086057611	23.656635237	129.435841710	160.059044191	 0.153550204	         0.000256756	         0.000000000	         0.000256756
 18528	    -2473000	 0.087592907	23.531583095	136.614939450	159.808502591	 0.150904220	         0.000249676	         0.000000000	         0.000249676
 18529	    -2472000	 0.089142898	23.404970212	143.700184484	159.524231413	 0.148271661	         0.000244658	         0.000000000	         0.000244658
 18530	    -2471000	 0.090520650	23.277698284	150.873995199	159.210650969	 0.145671683	         0.000240450	         0.000000000	         0.000240450
 18531	    -2470000	 0.091874235	23.150538987	157.825831500	158.884744450	 0.143119536	         0.000236979	         0.000000000	         0.000236979
 18532	    -2469000	 0.093310124	23.023876073	164.791138254	158.550416446	 0.140621805	         0.000236628	         0.000000000	         0.000236628
 18533	    -2468000	 0.094790639	22.898858747	171.752695747	158.205319725	 0.138199272	         0.000234431	         0.000000000	         0.000234431
 18534	    -2467000	 0.095963485	22.775890792	178.684405638	157.847847720	 0.135857168	         0.000231458	         0.000000000	         0.000231458
 18535	    -2466000	 0.097325135	22.656118865	-174.441279994	157.509372773	 0.133614101	         0.000231521	         0.000000000	         0.000231521
 18536	    -2465000	 0.098591959	22.540446750	-167.660138739	157.169341573	 0.131482975	         0.000229728	         0.000000000	         0.000229728
 18537	    -2464000	 0.099845480	22.429138015	-160.797882111	156.846232787	 0.129464338	         0.000229786	         0.000000000	         0.000229786
 18538	    -2463000	 0.101087875	22.323601960	-154.043805249	156.656479527	 0.127579022	         0.000239899	         0.000000000	         0.000239899
 18539	    -2462000	 0.102240554	22.224132691	-147.337456257	156.389840446	 0.125827223	         0.000242678	         0.000000000	         0.000242678
 18540	    -2461000	 0.103448826	22.130977349	-140.636037918	156.120076162	 0.124208441	         0.000241891	         0.000000000	         0.000241891
 18541	    -2460000	 0.104387500	22.045198703	-133.962468196	155.873489483	 0.122736269	         0.000241605	         0.000000000	         0.000241605
 18542	    -2459000	 0.105365858	21.966483274	-127.396481449	155.642342865	 0.121400677	         0.000241510	         0.000000000	         0.000241510
 18543	    -2458000	 0.106377381	21.895050953	-120.789276051	155.436285999	 0.120201243	         0.000241761	         0.000000000	         0.000241761
 18544	    -2457000	 0.107098931	21.831487963	-114.116818305	155.236239517	 0.119143912	         0.000239462	         0.000000000	         0.000239462
 18545	    -2456000	 0.107801041	21.775058811	-107.568708834	155.058137830	 0.118213044	         0.000235996	         0.000000000	         0.000235996
 18546	    -2455000	 0.108492019	21.726124715	-101.031542640	154.911001349	 0.117411706	         0.000235258	         0.000000000	         0.000235258
 18547	    -2454000	 0.109140248	21.684725292	-94.387737686	154.762858964	 0.116737998	         0.000231429	         0.000000000	         0.000231429
 18548	    -2453000	 0.109626883	21.650207092	-87.832639173	154.635532306	 0.116179228	         0.000225440	         0.000000000	         0.000225440
 18549	    -2452000	 0.110119200	21.623112499	-81.261740877	154.525673845	 0.115742502	         0.000221079	         0.000000000	         0.000221079
 18550	    -2451000	 0.110602018	21.603113545	-74.706587526	154.424441330	 0.115421202	         0.000212049	         0.000000000	         0.000212049
 18551	    -2450000	 0.110817255	21.589852117	-68.113905023	154.173409783	 0.115208637	         0.000184966	         0.000000000	         0.000184966
 18552	    -2449000	 0.111083184	21.583843510	-61.555147749	154.132733811	 0.115112456	         0.000178415	         0.000000000	         0.000178415
 18553	    -2448000	 0.111231219	21.584585211	-55.042630632	154.117999720	 0.115124324	         0.000171338	         0.000000000	         0.000171338
 18554	    -2447000	 0.111266562	21.591936097	-48.419078662	154.133300252	 0.115242015	         0.000166394	         0.000000000	         0.000166394
 18555	    -2446000	 0.111143801	21.606170495	-41.827266721	154.170958833	 0.115470257	         0.000161410	         0.000000000	         0.000161410
 18556	    -2445000	 0.110890089	21.626481603	-35.227089335	154.233818987	 0.115796718	         0.000155685	         0.000000000	         0.000155685
 18557	    -2444000	 0.110752349	21.652879929	-28.611515045	154.322438278	 0.116222399	         0.000151192	         0.000000000	         0.000151192
 18558	    -2443000	 0.110214939	21.685111932	-21.874996566	154.419957263	 0.116744272	         0.000143916	         0.000000000	         0.000143916
 18559	    -2442000	 0.109822940	21.722203065	-15.180572608	154.555408520	 0.117347721	         0.000138255	         0.000000000	         0.000138255
 18560	    -2441000	 0.109331633	21.764057514	-8.500054714	154.719749907	 0.118032413	         0.000132322	         0.000000000	         0.000132322
 18561	    -2440000	 0.108732239	21.809903096	-1.623378637	154.911319265	 0.118786981	         0.000125788	         0.000000000	         0.000125788
 18562	    -2439000	 0.108029702	21.858783964	 5.086358503	155.107544523	 0.119596820	         0.000118113	         0.000000000	         0.000118113
 18563	    -2438000	 0.107375663	21.910245073	11.909061654	155.357407296	 0.120455374	         0.000112132	         0.000000000	         0.000112132
 18564	    -2437000	 0.106644645	21.963328721	18.734016770	155.596431767	 0.121347456	         0.000104764	         0.000000000	         0.000104764
 18565	    -2436000	 0.105656289	22.017340633	25.600083285	155.873535415	 0.122261920	         0.000098650	         0.000000000	         0.000098650
 18566	    -2435000	 0.104700982	22.071704840	32.469485163	156.154650347	 0.123189307	         0.000091784	         0.000000000	         0.000091784
 18567	    -2434000	 0.103677491	22.125491695	39.326387043	156.443493014	 0.124113767	         0.000086045	         0.000000000	         0.000086045
 18568	    -2433000	 0.102586868	22.178340343	46.344441071	156.740861101	 0.125028860	         0.000080611	         0.000000000	         0.000080611
 18569	    -2432000	 0.101338412	22.229662330	53.326612967	157.016147719	 0.125923974	         0.000074671	         0.000000000	         0.000074671
 18570	    -2431000	 0.100064591	22.278851593	60.366057223	157.290859875	 0.126787905	         0.000071514	         0.000000000	         0.000071514
 18571	    -2430000	 0.098851095	22.325826590	67.474009015	157.559321720	 0.127618478	         0.000068828	         0.000000000	         0.000068828
 18572	    -2429000	 0.097453031	22.370107816	74.645182772	157.794636934	 0.128406404	         0.000067559	         0.000000000	         0.000067559
 18573	    -2428000	 0.096154539	22.411364997	81.818475537	157.971737353	 0.129144898	         0.000066754	         0.000000000	         0.000066754
 18574	    -2427000	 0.094890866	22.449513496	89.033707291	158.143491337	 0.129831526	         0.000068258	         0.000000000	         0.000068258
 18575	    -2426000	 0.093463796	22.484204290	96.416194947	158.272774716	 0.130459088	         0.000070989	         0.000000000	         0.000070989
 18576	    -2425000	 0.092029342	22.515231097	103.674498602	158.346281405	 0.131022937	         0.000075851	         0.000000000	         0.000075851
 18577	    -2424000	 0.090720357	22.542391747	110.947105858	158.384031843	 0.131518527	         0.000081542	         0.000000000	         0.000081542
 18578	    -2423000	 0.089353111	22.565352896	118.413542618	158.389728071	 0.131938952	         0.000090005	         0.000000000	         0.000090005
 18579	    -2422000	 0.087813222	22.584070043	125.863928568	158.336494812	 0.132282662	         0.000098739	         0.000000000	         0.000098739
 18580	    -2421000	 0.086368086	22.598192613	133.326393870	158.270155068	 0.132542593	         0.000109120	         0.000000000	         0.000109120
 18581	    -2420000	 0.084912742	22.607511672	140.831526510	158.163495050	 0.132714393	         0.000121143	         0.000000000	         0.000121143
 18582	    -2419000	 0.083447890	22.612138598	148.476037257	158.042674780	 0.132799775	         0.000133840	         0.000000000	         0.000133840
 18583	    -2418000	 0.082103258	22.611865731	156.176150088	157.888403842	 0.132794738	         0.000147872	         0.000000000	         0.000147872
 18584	    -2417000	 0.080696681	22.606776894	163.857953799	157.739757530	 0.132700839	         0.000161591	         0.000000000	         0.000161591
 18585	    -2416000	 0.079483901	22.597059261	171.722885910	157.559863724	 0.132521715	         0.000176562	         0.000000000	         0.000176562
 18586	    -2415000	 0.078178541	22.582821415	179.482239466	157.371764462	 0.132259706	         0.000189422	         0.000000000	         0.000189422
 18587	    -2414000	 0.077007974	22.564545079	-172.700647163	157.188602053	 0.131924138	         0.000203143	         0.000000000	         0.000203143
 18588	    -2413000	 0.076045563	22.542616727	-164.868748104	157.002347850	 0.131522640	         0.000214952	         0.000000000	         0.000214952
 18589	    -2412000	 0.074885300	22.517254016	-156.845443387	156.816773547	 0.131059784	         0.000226738	         0.000000000	         0.000226738
 18590	    -2411000	 0.073891726	22.489250002	-149.003286830	156.759499677	 0.130550618	         0.000247649	         0.000000000	         0.000247649
 18591	    -2410000	 0.072936914	22.459055670	-141.131883006	156.623389180	 0.130003844	         0.000261104	         0.000000000	         0.000261104
 18592	    -2409000	 0.072209089	22.426950546	-133.095617740	156.471702687	 0.129424980	         0.000268639	         0.000000000	         0.000268639
 18593	    -2408000	 0.071280001	22.393757607	-125.079764341	156.327745461	 0.128829212	         0.000275439	         0.000000000	         0.000275439
 18594	    -2407000	 0.070605946	22.359934054	-117.076963532	156.191779977	 0.128224946	         0.000278489	         0.000000000	         0.000278489
 18595	    -2406000	 0.070024180	22.325851682	-109.045629030	156.064475571	 0.127618923	         0.000280048	         0.000000000	         0.000280048
 18596	    -2405000	 0.069472207	22.292155355	-100.952243692	155.940446342	 0.127022581	         0.000277863	         0.000000000	         0.000277863
 18597	    -2404000	 0.069176075	22.259267762	-92.985537860	155.815333611	 0.126443238	         0.000271203	         0.000000000	         0.000271203
 18598	    -2403000	 0.068903314	22.227628711	-84.992862697	155.693871651	 0.125888384	         0.000262449	         0.000000000	         0.000262449
 18599	    -2402000	 0.068770141	22.197892880	-76.988088737	155.460567389	 0.125369125	         0.000237749	         0.000000000	         0.000237749
 18600	    -2401000	 0.068655476	22.170401895	-69.155380908	155.393503504	 0.124890973	         0.000227967	         0.000000000	         0.000227967
 18601	    -2400000	 0.068649291	22.145837412	-61.388333535	155.332711090	 0.124465265	         0.000216418	         0.000000000	         0.000216418
 18602	    -2399000	 0.068830824	22.124814666	-53.668839229	155.291699314	 0.124102088	         0.000205984	         0.000000000	         0.000205984
 18603	    -2398000	 0.068945692	22.107719825	-45.819675476	155.273415687	 0.123807549	         0.000195189	         0.000000000	         0.000195189
 18604	    -2397000	 0.069041802	22.095506270	-38.269259090	155.279752052	 0.123597541	         0.000185448	         0.000000000	         0.000185448
 18605	    -2396000	 0.069348328	22.088600384	-30.724670573	155.292206684	 0.123478954	         0.000175778	         0.000000000	         0.000175778
 18606	    -2395000	 0.069764374	22.087432207	-23.099795711	155.328232237	 0.123458906	         0.000165727	         0.000000000	         0.000165727
 18607	    -2394000	 0.070133822	22.092923229	-15.624764473	155.395485591	 0.123553172	         0.000157199	         0.000000000	         0.000157199
 18608	    -2393000	 0.070648419	22.105321577	-8.245603466	155.486983206	 0.123766284	         0.000149094	         0.000000000	         0.000149094
 18609	    -2392000	 0.071317890	22.125014417	-0.872304079	155.607915375	 0.124105534	         0.000142136	         0.000000000	         0.000142136
 18610	    -2391000	 0.071905317	22.152582674	 6.373714818	155.752286582	 0.124582017	         0.000136049	         0.000000000	         0.000136049
 18611	    -2390000	 0.072646344	22.187908302	13.506630901	155.922539660	 0.125195252	         0.000130657	         0.000000000	         0.000130657
 18612	    -2389000	 0.073488756	22.231400999	20.546924903	156.106484915	 0.125954410	         0.000125072	         0.000000000	         0.000125072
 18613	    -2388000	 0.074263876	22.283139478	27.626949505	156.333175722	 0.126863495	         0.000121529	         0.000000000	         0.000121529
 18614	    -2387000	 0.075055742	22.342645215	34.484158077	156.569858526	 0.127917172	         0.000118825	         0.000000000	         0.000118825
 18615	    -2386000	 0.075873916	22.410256149	41.319919712	156.834908306	 0.129124994	         0.000116936	         0.000000000	         0.000116936
 18616	    -2385000	 0.076833813	22.485650477	48.133447249	157.107118833	 0.130485315	         0.000115490	         0.000000000	         0.000115490
 18617	    -2384000	 0.077635073	22.568410666	54.920994704	157.403820785	 0.131995042	         0.000114980	         0.000000000	         0.000114980
 18618	    -2383000	 0.078456821	22.658462567	61.662820867	157.721109623	 0.133657636	         0.000117409	         0.000000000	         0.000117409
 18619	    -2382000	 0.079404393	22.755285561	68.260730831	158.033308909	 0.135468613	         0.000120896	         0.000000000	         0.000120896
 18620	    -2381000	 0.080388193	22.858840279	75.070950348	158.346167062	 0.137432664	         0.000125198	         0.000000000	         0.000125198
 18621	    -2380000	 0.081302679	22.968530753	81.640830809	158.670099769	 0.139544152	         0.000132877	         0.000000000	         0.000132877
 18622	    -2379000	 0.082249477	23.083707686	88.223876666	158.964354873	 0.141796176	         0.000140832	         0.000000000	         0.000140832
 18623	    -2378000	 0.083379433	23.204650879	94.840280542	159.278850148	 0.144200076	         0.000154096	         0.000000000	         0.000154096
 18624	    -2377000	 0.084252799	23.330533415	101.345206483	159.556200114	 0.146745446	         0.000170753	         0.000000000	         0.000170753
 18625	    -2376000	 0.085298009	23.460733954	107.810437328	159.816265982	 0.149425404	         0.000191139	         0.000000000	         0.000191139
 18626	    -2375000	 0.086293296	23.595274261	114.312007503	160.068002659	 0.152246117	         0.000218473	         0.000000000	         0.000218473
 18627	    -2374000	 0.087205419	23.733192981	120.832392993	160.287452180	 0.155192938	         0.000251871	         0.000000000	         0.000251871
 18628	    -2373000	 0.088076375	23.874270658	127.235251798	160.479642951	 0.158266275	         0.000292063	         0.000000000	         0.000292063
 18629	    -2372000	 0.088968864	24.017942689	133.696034565	160.650427694	 0.161458689	         0.000342597	         0.000000000	         0.000342597
 18630	    -2371000	 0.089949198	24.163044016	140.216387700	160.798185414	 0.164748225	         0.000403773	         0.000000000	         0.000403773
 18631	    -2370000	 0.090709671	24.309671555	146.707411748	160.989388304	 0.168140447	         0.000485735	         0.000000000	         0.000485735
 18632	    -2369000	 0.091517931	24.456634131	153.181144107	161.127060511	 0.171610508	         0.000583304	         0.000000000	         0.000583304
 18633	    -2368000	 0.092396989	24.602836927	159.631433722	161.240082110	 0.175133688	         0.000700268	         0.000000000	         0.000700268
 18634	    -2367000	 0.093201500	24.748170873	166.191996616	161.321808217	 0.178707614	         0.000840339	         0.000000046	         0.000840386
 18635	    -2366000	 0.093929016	24.890939542	172.650891820	161.395911781	 0.182289462	         0.001010040	         0.000003578	         0.001013618
 18636	    -2365000	 0.094692870	25.030547873	179.094095709	161.445009356	 0.185861437	         0.001205545	         0.000011267	         0.001216813
 18637	    -2364000	 0.095424443	25.166376936	-174.341602144	161.472997500	 0.189403881	         0.001433524	         0.000023894	         0.001457419
 18638	    -2363000	 0.095959657	25.296538928	-167.857544331	161.492877361	 0.192861862	         0.001693726	         0.000042256	         0.001735981
 18639	    -2362000	 0.096543928	25.421159456	-161.394723646	161.509476506	 0.196231767	         0.001990764	         0.000067605	         0.002058369
 18640	    -2361000	 0.097160061	25.539312749	-154.800564677	161.496754743	 0.199481151	         0.002315548	         0.000099223	         0.002414771
 18641	    -2360000	 0.097487644	25.649423677	-148.224519090	161.492335841	 0.202557778	         0.002676917	         0.000140067	         0.002816984
 18642	    -2359000	 0.097932943	25.752026441	-141.648742013	161.473318972	 0.205467312	         0.003063332	         0.000190038	         0.003253370
 18643	    -2358000	 0.098325890	25.846133245	-135.045314190	161.459065680	 0.208172653	         0.003487763	         0.000251440	         0.003739203
 18644	    -2357000	 0.098701978	25.931131483	-128.320914010	161.430560523	 0.210646749	         0.003910241	         0.000316953	         0.004227195
 18645	    -2356000	 0.099025667	26.007534154	-121.679977347	161.401398165	 0.212895732	         0.004328082	         0.000386876	         0.004714958
 18646	    -2355000	 0.099226381	26.074428462	-115.002661451	161.360142042	 0.214884535	         0.004693687	         0.000449258	         0.005142946
 18647	    -2354000	 0.099639454	26.132187930	-108.283057983	161.332162156	 0.216616693	         0.005077857	         0.000520343	         0.005598200
 18648	    -2353000	 0.099753314	26.181021976	-101.571168759	161.303944521	 0.218092074	         0.005382342	         0.000577428	         0.005959771
 18649	    -2352000	 0.099845005	26.220161957	-94.854406839	161.271401918	 0.219281829	         0.005632419	         0.000628879	         0.006261297
 18650	    -2351000	 0.099929253	26.250300577	-88.175009176	161.239558199	 0.220202386	         0.005785644	         0.000656654	         0.006442298
 18651	    -2350000	 0.099877376	26.271110643	-81.332336933	161.226157334	 0.220840265	         0.005893708	         0.000681665	         0.006575374
 18652	    -2349000	 0.099666549	26.282159252	-74.623594516	161.209982553	 0.221179683	         0.005863222	         0.000672464	         0.006535686
 18653	    -2348000	 0.099422127	26.283825728	-67.813547885	161.196956109	 0.221230923	         0.005741441	         0.000646113	         0.006387554
 18654	    -2347000	 0.099240598	26.275237589	-60.918977431	161.188792075	 0.220966986	         0.005537901	         0.000603090	         0.006140991
 18655	    -2346000	 0.098703747	26.256441303	-54.011409804	161.186951316	 0.220390422	         0.005253903	         0.000549243	         0.005803146
 18656	    -2345000	 0.098324784	26.227201656	-47.102541095	161.184617930	 0.219496505	         0.004903962	         0.000483619	         0.005387581
 18657	    -2344000	 0.097891724	26.186615991	-40.109978033	161.190547067	 0.218261722	         0.004532959	         0.000419957	         0.004952916
 18658	    -2343000	 0.097350871	26.135181173	-33.038540100	161.196127941	 0.216706838	         0.004105165	         0.000347325	         0.004452489
 18659	    -2342000	 0.096831866	26.072323058	-26.040743195	161.197080469	 0.214821658	         0.003669243	         0.000278964	         0.003948207
 18660	    -2341000	 0.096228070	25.997850313	-18.978434118	161.203951673	 0.212609356	         0.003235990	         0.000216979	         0.003452969
 18661	    -2340000	 0.095678933	25.912584916	-11.836671460	161.218676469	 0.210104407	         0.002819556	         0.000163320	         0.002982876
 18662	    -2339000	 0.094916745	25.815953383	-4.726890322	161.216823932	 0.207301198	         0.002416490	         0.000115978	         0.002532468
 18663	    -2338000	 0.094105389	25.708943741	 2.393757897	161.228323468	 0.204240549	         0.002056525	         0.000079314	         0.002135840
 18664	    -2337000	 0.093344465	25.592465469	 9.549623102	161.233927907	 0.200960421	         0.001740627	         0.000052220	         0.001792847
 18665	    -2336000	 0.092442451	25.466220909	16.859622348	161.232731707	 0.197464730	         0.001451355	         0.000030608	         0.001481963
 18666	    -2335000	 0.091377282	25.332160901	24.081885896	161.213543858	 0.193819176	         0.001205254	         0.000015406	         0.001220660
 18667	    -2334000	 0.090359823	25.190748388	31.366819017	161.116712814	 0.190046600	         0.000988499	         0.000005328	         0.000993826
 18668	    -2333000	 0.089297666	25.042172845	38.822412634	161.110056717	 0.186162008	         0.000823399	         0.000001023	         0.000824421
 18669	    -2332000	 0.088144969	24.888547778	46.217209028	161.081482437	 0.182228869	         0.000687343	         0.000000000	         0.000687343
 18670	    -2331000	 0.086991440	24.729776541	53.674069375	161.027921443	 0.178251276	         0.000574534	         0.000000000	         0.000574534
 18671	    -2330000	 0.085967344	24.566390556	61.266788308	160.963932057	 0.174248696	         0.000483706	         0.000000000	         0.000483706
 18672	    -2329000	 0.084618421	24.399791450	68.858264692	160.847904465	 0.170259934	         0.000410447	         0.000000000	         0.000410447
 18673	    -2328000	 0.083446720	24.229564261	76.456767515	160.706429110	 0.166278603	         0.000351311	         0.000000000	         0.000351311
 18674	    -2327000	 0.082277364	24.056573302	84.098082101	160.534855383	 0.162327998	         0.000304188	         0.000000000	         0.000304188
 18675	    -2326000	 0.081101970	23.881289259	91.921546519	160.315467101	 0.158420753	         0.000264746	         0.000000000	         0.000264746
 18676	    -2325000	 0.079827414	23.703427834	99.687144714	160.050165636	 0.154552176	         0.000234639	         0.000000000	         0.000234639
 18677	    -2324000	 0.078554156	23.524288893	107.548353390	159.758632122	 0.150751296	         0.000211210	         0.000000000	         0.000211210
 18678	    -2323000	 0.077468459	23.343636494	115.422860336	159.447101029	 0.147012961	         0.000192223	         0.000000000	         0.000192223
 18679	    -2322000	 0.076280121	23.161730372	123.465013253	159.082189725	 0.143342347	         0.000175139	         0.000000000	         0.000175139
 18680	    -2321000	 0.075176988	22.980160238	131.551262512	158.706902372	 0.139769907	         0.000161534	         0.000000000	         0.000161534
 18681	    -2320000	 0.074163010	22.798699650	139.629482382	158.297301281	 0.136288577	         0.000148542	         0.000000000	         0.000148542
 18682	    -2319000	 0.073275777	22.618192000	147.935960160	157.892778549	 0.132911563	         0.000137755	         0.000000000	         0.000137755
 18683	    -2318000	 0.072351243	22.440148425	156.050003180	157.469285298	 0.129662628	         0.000126998	         0.000000000	         0.000126998
 18684	    -2317000	 0.071618716	22.264841227	164.288397456	157.042119548	 0.126541233	         0.000116932	         0.000000000	         0.000116932
 18685	    -2316000	 0.071061935	22.093306857	172.608165853	156.618404170	 0.123559761	         0.000107158	         0.000000000	         0.000107158
 18686	    -2315000	 0.070276741	21.926497798	-179.037283314	156.184499345	 0.120727806	         0.000097297	         0.000000000	         0.000097297
 18687	    -2314000	 0.069717524	21.765318018	-170.774650514	155.772388544	 0.118053095	         0.000087857	         0.000000000	         0.000087857
 18688	    -2313000	 0.069295770	21.610622053	-162.410901281	155.382939898	 0.115541728	         0.000079664	         0.000000000	         0.000079664
 18689	    -2312000	 0.069038865	21.462476561	-153.919437438	155.009947291	 0.113186797	         0.000071549	         0.000000000	         0.000071549
 18690	    -2311000	 0.068690467	21.322034006	-145.532747825	154.655979452	 0.110998646	         0.000063863	         0.000000000	         0.000063863
 18691	    -2310000	 0.068544230	21.189669237	-137.055940566	154.319325764	 0.108975088	         0.000056924	         0.000000000	         0.000056924
 18692	    -2309000	 0.068603072	21.064981945	-128.653912165	154.004573980	 0.107102655	         0.000050455	         0.000000000	         0.000050455
 18693	    -2308000	 0.068757694	20.948735358	-120.229483258	153.710790957	 0.105385968	         0.000044377	         0.000000000	         0.000044377
 18694	    -2307000	 0.069077594	20.840822986	-111.870079185	153.435460510	 0.103816994	         0.000038778	         0.000000000	         0.000038778
 18695	    -2306000	 0.069564500	20.740947824	-103.614132992	153.181527723	 0.102385697	         0.000033636	         0.000000000	         0.000033636
 18696	    -2305000	 0.070142474	20.649283549	-95.322045466	152.932846006	 0.101089442	         0.000028490	         0.000000000	         0.000028490
 18697	    -2304000	 0.070675525	20.565373446	-87.244789492	152.738688121	 0.099917234	         0.000024889	         0.000000000	         0.000024889
 18698	    -2303000	 0.071427466	20.489426129	-79.330220511	152.551390679	 0.098867989	         0.000021225	         0.000000000	         0.000021225
 18699	    -2302000	 0.072351987	20.421232384	-71.339162467	152.373478540	 0.097935253	         0.000017688	         0.000000000	         0.000017688
 18700	    -2301000	 0.073077350	20.360180357	-63.416947701	152.240355569	 0.097107669	         0.000014931	         0.000000000	         0.000014931
 18701	    -2300000	 0.073912052	20.306903317	-55.674468219	152.113763699	 0.096391193	         0.000012054	         0.000000000	         0.000012054
 18702	    -2299000	 0.074908406	20.260916394	-48.029422104	151.999625419	 0.095777008	         0.000009672	         0.000000000	         0.000009672
 18703	    -2298000	 0.075917366	20.222008806	-40.312852822	151.919689509	 0.095260429	         0.000007912	         0.000000000	         0.000007912
 18704	    -2297000	 0.076965498	20.190664728	-32.781005738	151.866658599	 0.094846299	         0.000006352	         0.000000000	         0.000006352
 18705	    -2296000	 0.078054108	20.166183293	-25.279869819	151.824960564	 0.094524093	         0.000005101	         0.000000000	         0.000005101
 18706	    -2295000	 0.079292686	20.148915467	-17.883413083	151.819224686	 0.094297486	         0.000004135	         0.000000000	         0.000004135
 18707	    -2294000	 0.080356719	20.138816325	-10.612058295	151.845011437	 0.094165206	         0.000003377	         0.000000000	         0.000003377
 18708	    -2293000	 0.081583842	20.135000380	-3.409800656	151.892318703	 0.094115272	         0.000002622	         0.000000000	         0.000002622
 18709	    -2292000	 0.082808992	20.137951474	 3.652978344	151.958347196	 0.094153886	         0.000001994	         0.000000000	         0.000001994
 18710	    -2291000	 0.083930529	20.147241461	10.756081254	152.068729663	 0.094275547	         0.000001550	         0.000000000	         0.000001550
 18711	    -2290000	 0.084984591	20.162121337	17.693774977	152.192427648	 0.094470739	         0.000001138	         0.000000000	         0.000001138
 18712	    -2289000	 0.086018407	20.182700125	24.551909521	152.329117729	 0.094741355	         0.000000727	         0.000000000	         0.000000727
 18713	    -2288000	 0.087253247	20.208233522	31.384410179	152.500404340	 0.095078203	         0.000000457	         0.000000000	         0.000000457
 18714	    -2287000	 0.088085081	20.238653079	38.228380173	152.689235199	 0.095481075	         0.000000231	         0.000000000	         0.000000231
 18715	    -2286000	 0.089082399	20.273527533	44.940223244	152.924992331	 0.095945048	         0.000000140	         0.000000000	         0.000000140
 18716	    -2285000	 0.090089074	20.312043817	51.557075931	153.143920134	 0.096460092	         0.000000026	         0.000000000	         0.000000026
 18717	    -2284000	 0.090970900	20.354596299	58.272712941	153.392929149	 0.097032324	         0.000000005	         0.000000000	         0.000000005
 18718	    -2283000	 0.091845562	20.400564866	64.765861654	153.642767805	 0.097654310	         0.000000000	         0.000000000	         0.000000000
 18719	    -2282000	 0.092716641	20.449534096	71.286080468	153.903056178	 0.098321283	         0.000000000	         0.000000000	         0.000000000
 18720	    -2281000	 0.093566121	20.501840545	77.738477016	154.158614654	 0.099038743	         0.000000000	         0.000000000	         0.000000000
 18721	    -2280000	 0.094208101	20.556980549	84.095372603	154.392402062	 0.099800738	         0.000000003	         0.000000000	         0.000000003
 18722	    -2279000	 0.094891436	20.615142531	90.413508484	154.648326813	 0.100610849	         0.000000145	         0.000000000	         0.000000145
 18723	    -2278000	 0.095535238	20.676464986	96.676385707	154.867536032	 0.101472103	         0.000000485	         0.000000000	         0.000000485
 18724	    -2277000	 0.096006881	20.740506024	102.996250594	155.079263149	 0.102379410	         0.000001031	         0.000000000	         0.000001031
 18725	    -2276000	 0.096388754	20.807925863	109.189752567	155.257145502	 0.103343354	         0.000002112	         0.000000000	         0.000002112
 18726	    -2275000	 0.096782684	20.878664939	115.379320191	155.437593946	 0.104364513	         0.000003850	         0.000000000	         0.000003850
 18727	    -2274000	 0.097194058	20.952679411	121.595945264	155.569224728	 0.105443759	         0.000005845	         0.000000000	         0.000005845
 18728	    -2273000	 0.097395655	21.030601090	127.788404760	155.699079713	 0.106592039	         0.000008771	         0.000000000	         0.000008771
 18729	    -2272000	 0.097623755	21.112212477	133.893582919	155.809469716	 0.107808102	         0.000012881	         0.000000000	         0.000012881
 18730	    -2271000	 0.097962193	21.198068002	140.002397108	155.911412644	 0.109102383	         0.000018088	         0.000000000	         0.000018088
 18731	    -2270000	 0.098032894	21.288385419	146.141059164	156.007335734	 0.110480701	         0.000024884	         0.000000000	         0.000024884
 18732	    -2269000	 0.098119263	21.382979891	152.180541078	156.071104078	 0.111942963	         0.000032684	         0.000000000	         0.000032684
 18733	    -2268000	 0.098295948	21.482614862	158.148298821	156.153068938	 0.113504076	         0.000042789	         0.000000000	         0.000042789
 18734	    -2267000	 0.098254230	21.587301598	164.223039549	156.220253963	 0.115167801	         0.000055143	         0.000000000	         0.000055143
 18735	    -2266000	 0.098143119	21.697066024	170.148453122	156.271113749	 0.116938418	         0.000069530	         0.000000000	         0.000069530
 18736	    -2265000	 0.098009479	21.812188151	176.123527891	156.346386173	 0.118824716	         0.000087707	         0.000000000	         0.000087707
 18737	    -2264000	 0.097855274	21.932490327	-177.934746692	156.411761536	 0.120828409	         0.000109456	         0.000000000	         0.000109456
 18738	    -2263000	 0.097471282	22.058461674	-171.963960015	156.480409126	 0.122962748	         0.000135500	         0.000000000	         0.000135500
 18739	    -2262000	 0.097172705	22.189700182	-165.988640790	156.556574703	 0.125226438	         0.000167114	         0.000000000	         0.000167114
 18740	    -2261000	 0.096836021	22.325922552	-160.090034491	156.640583177	 0.127620181	         0.000204353	         0.000000000	         0.000204353
 18741	    -2260000	 0.096424295	22.467812153	-154.029857471	156.891787822	 0.130162174	         0.000268943	         0.000000000	         0.000268943
 18742	    -2259000	 0.095936452	22.614517209	-148.096224891	157.023505445	 0.132843690	         0.000330221	         0.000000000	         0.000330221
 18743	    -2258000	 0.095426799	22.766076964	-142.165320689	157.169439429	 0.135671969	         0.000403304	         0.000000000	         0.000403304
 18744	    -2257000	 0.095054292	22.922765088	-136.162930883	157.319348202	 0.138659270	         0.000491007	         0.000000000	         0.000491007
 18745	    -2256000	 0.094346598	23.083791846	-130.171222117	157.457094829	 0.141797835	         0.000587657	         0.000000000	         0.000587657
 18746	    -2255000	 0.093737695	23.249613479	-124.195576148	157.621967320	 0.145104120	         0.000700260	         0.000000000	         0.000700260
 18747	    -2254000	 0.093127747	23.419922158	-118.242483001	157.794796219	 0.148580137	         0.000834291	         0.000000000	         0.000834291
 18748	    -2253000	 0.092342194	23.594274982	-112.139650953	157.962542065	 0.152224971	         0.000975711	         0.000000000	         0.000975711
 18749	    -2252000	 0.091484803	23.773235204	-106.137048736	161.627096866	 0.156059130	         0.002796863	         0.000104438	         0.002901301
 18750	    -2251000	 0.090705307	23.956192073	-100.026594366	158.353981980	 0.160078765	         0.001314242	         0.000000000	         0.001314242
 18751	    -2250000	 0.089854671	24.143126135	-93.834186413	158.563241138	 0.164292736	         0.001508114	         0.000000000	         0.001508114
 18752	    -2249000	 0.088856265	24.334187409	-87.664393583	158.787696783	 0.168714397	         0.001711582	         0.000001723	         0.001713305
 18753	    -2248000	 0.088004185	24.528579885	-81.411230850	159.024884542	 0.173335302	         0.001931118	         0.000012566	         0.001943683
 18754	    -2247000	 0.087133250	24.726572030	-75.148671247	159.275130838	 0.178171896	         0.002150168	         0.000028726	         0.002178894
 18755	    -2246000	 0.086167127	24.927632494	-68.783388844	159.537750594	 0.183221572	         0.002371607	         0.000051082	         0.002422690
 18756	    -2245000	 0.085182676	25.131101573	-62.443298904	159.825211714	 0.188477455	         0.002598458	         0.000080438	         0.002678896
 18757	    -2244000	 0.084269514	25.336837514	-56.122612714	160.107564548	 0.193945209	         0.002804353	         0.000111578	         0.002915931
 18758	    -2243000	 0.083337593	25.543830421	-49.651979837	160.428012188	 0.199606456	         0.003023183	         0.000151216	         0.003174398
 18759	    -2242000	 0.082181761	25.751882065	-43.161767079	160.752302624	 0.205463188	         0.003207143	         0.000189752	         0.003396895
 18760	    -2241000	 0.081090240	25.959854333	-36.742656158	161.095883773	 0.211489432	         0.003394950	         0.000234474	         0.003629425
 18761	    -2240000	 0.080055689	26.166586436	-30.145766242	161.449958873	 0.217654903	         0.003554876	         0.000277951	         0.003832828
 18762	    -2239000	 0.078739891	26.372198002	-23.496298751	161.828427902	 0.223965227	         0.003690600	         0.000320634	         0.004011235
 18763	    -2238000	 0.077515809	26.574911217	-16.760590947	162.209592032	 0.230365675	         0.003802256	         0.000363046	         0.004165303
 18764	    -2237000	 0.076317082	26.773750638	-9.981545399	162.605979250	 0.236821482	         0.003879513	         0.000398610	         0.004278124
 18765	    -2236000	 0.075019683	26.968719079	-2.948288751	163.025554218	 0.243327247	         0.003945207	         0.000436904	         0.004382111
 18766	    -2235000	 0.073764028	27.157774572	 4.000724121	163.449671818	 0.249806332	         0.003995976	         0.000472239	         0.004468215
 18767	    -2234000	 0.072536827	27.340664077	11.127554351	163.876011158	 0.256238227	         0.004017408	         0.000500661	         0.004518069
 18768	    -2233000	 0.071413880	27.516992215	18.409734921	164.299417897	 0.262596123	         0.004021524	         0.000525916	         0.004547441
 18769	    -2232000	 0.070078994	27.684818565	25.730462785	164.717029296	 0.268793939	         0.004010618	         0.000546080	         0.004556698
 18770	    -2231000	 0.068927604	27.844767486	33.173333488	165.130265712	 0.274836935	         0.004015539	         0.000570599	         0.004586138
 18771	    -2230000	 0.067809101	27.996007570	40.642378299	165.518454060	 0.280675818	         0.004018189	         0.000593286	         0.004611475
 18772	    -2229000	 0.066682122	28.137403179	48.367836430	165.891894479	 0.286225763	         0.004026407	         0.000615599	         0.004642006
 18773	    -2228000	 0.065495266	28.269610863	56.131899396	166.232239001	 0.291473305	         0.004046144	         0.000637818	         0.004683962
 18774	    -2227000	 0.064363593	28.391543029	63.945859945	166.549461288	 0.296362510	         0.004103523	         0.000667988	         0.004771511
 18775	    -2226000	 0.063448751	28.503152935	71.955753825	166.827305856	 0.300879163	         0.004173663	         0.000699090	         0.004872753
 18776	    -2225000	 0.062263168	28.604472797	80.158176142	167.061324762	 0.305013379	         0.004291150	         0.000740094	         0.005031244
 18777	    -2224000	 0.061344743	28.694070333	88.391758161	167.252049386	 0.308696042	         0.004438201	         0.000786709	         0.005224910
 18778	    -2223000	 0.060502668	28.772578783	96.773275125	167.389154917	 0.311943435	         0.004603190	         0.000833986	         0.005437176
 18779	    -2222000	 0.059580572	28.839403173	105.365011746	167.482318938	 0.314722543	         0.004845850	         0.000901805	         0.005747655
 18780	    -2221000	 0.058829464	28.892838542	113.899852266	167.523346152	 0.316954706	         0.005105526	         0.000970412	         0.006075938
 18781	    -2220000	 0.058222780	28.933461985	122.624693833	167.515480721	 0.318657526	         0.005404154	         0.001047090	         0.006451244
 18782	    -2219000	 0.057636407	28.959952106	131.545204075	167.457650652	 0.319770629	         0.005757329	         0.001138215	         0.006895544
 18783	    -2218000	 0.057010557	28.971256448	140.501786467	167.353517347	 0.320246284	         0.006145435	         0.001237228	         0.007382663
 18784	    -2217000	 0.056607826	28.967199947	149.512189493	167.213289226	 0.320075553	         0.006570735	         0.001346568	         0.007917302
 18785	    -2216000	 0.056374913	28.946458554	158.615471920	167.023654076	 0.319203369	         0.006983150	         0.001448942	         0.008432093
 18786	    -2215000	 0.056243416	28.909145626	168.001541525	166.797030426	 0.317637647	         0.007404120	         0.001551235	         0.008955355
 18787	    -2214000	 0.056178577	28.854585995	177.312720517	166.547030669	 0.315355886	         0.007823424	         0.001653494	         0.009476918
 18788	    -2213000	 0.056358388	28.782209216	-173.371875839	166.262054902	 0.312343099	         0.008184291	         0.001734846	         0.009919137
 18789	    -2212000	 0.056770938	28.692735218	-164.027078024	165.964008744	 0.308640983	         0.008518875	         0.001809291	         0.010328166
 18790	    -2211000	 0.057324320	28.585977001	-154.656379432	165.646366912	 0.304256281	         0.008769900	         0.001854196	         0.010624096
 18791	    -2210000	 0.058015572	28.462374711	-145.456265146	165.323224341	 0.299224378	         0.008910489	         0.001862521	         0.010773010
 18792	    -2209000	 0.059019225	28.322708713	-136.341491824	164.986083904	 0.293596590	         0.008963159	         0.001844196	         0.010807355
 18793	    -2208000	 0.059833299	28.167110313	-127.216258464	164.646418947	 0.287400002	         0.008898996	         0.001790580	         0.010689577
 18794	    -2207000	 0.060858998	27.997216026	-118.363888192	164.289229948	 0.280722969	         0.008675053	         0.001688263	         0.010363316
 18795	    -2206000	 0.062015167	27.813166251	-109.649437786	163.937498046	 0.273632342	         0.008342423	         0.001556709	         0.009899132
 18796	    -2205000	 0.063244890	27.614958059	-100.761360586	163.572260005	 0.266196418	         0.007891152	         0.001395367	         0.009286519
 18797	    -2204000	 0.064320220	27.404624240	-92.139100776	163.214382139	 0.258526460	         0.007312765	         0.001204726	         0.008517490
 18798	    -2203000	 0.065611105	27.181731951	-83.540960104	162.856233920	 0.250639592	         0.006684367	         0.001013852	         0.007698219
 18799	    -2202000	 0.066945819	26.946266233	-75.113366679	162.503811271	 0.242569019	         0.005995002	         0.000819819	         0.006814822
 18800	    -2201000	 0.068372053	26.699174990	-66.550149383	162.140003913	 0.234379267	         0.005247502	         0.000626913	         0.005874415
 18801	    -2200000	 0.069907842	26.440296518	-58.185921428	161.786611623	 0.226095278	         0.004530886	         0.000460283	         0.004991169
 18802	    -2199000	 0.071468022	26.169793450	-49.967592645	161.416272721	 0.217751949	         0.003820784	         0.000315000	         0.004135783
 18803	    -2198000	 0.073257106	25.887595259	-41.809343222	161.050114019	 0.209375862	         0.003180140	         0.000202548	         0.003382688
 18804	    -2197000	 0.074980315	25.594025127	-33.867101923	160.681633688	 0.201003993	         0.002593243	         0.000115353	         0.002708596
 18805	    -2196000	 0.076804085	25.290434521	-26.078246348	160.297798683	 0.192698285	         0.002072916	         0.000054647	         0.002127563
 18806	    -2195000	 0.078699286	24.976429518	-18.428942569	159.906924432	 0.184468549	         0.001618787	         0.000016658	         0.001635445
 18807	    -2194000	 0.080414758	24.652608397	-10.795483373	159.505812207	 0.176349504	         0.001237416	         0.000000235	         0.001237651
 18808	    -2193000	 0.082121535	24.321895958	-3.466673282	159.090213149	 0.168426393	         0.000925422	         0.000000000	         0.000925422
 18809	    -2192000	 0.083832467	23.984372267	 3.784934212	158.570087973	 0.160707031	         0.000658601	         0.000000000	         0.000658601
 18810	    -2191000	 0.085620958	23.641345192	11.071270826	158.200699200	 0.153224208	         0.000477432	         0.000000000	         0.000477432
 18811	    -2190000	 0.087029207	23.295752974	18.190777413	157.816337621	 0.146037720	         0.000337090	         0.000000000	         0.000337090
 18812	    -2189000	 0.088567950	22.948546000	25.200980512	157.414894603	 0.139157053	         0.000232311	         0.000000000	         0.000232311
 18813	    -2188000	 0.090029138	22.601700744	32.159559007	157.009044169	 0.132607241	         0.000154984	         0.000000000	         0.000154984
 18814	    -2187000	 0.091387584	22.257324945	39.106559818	156.604035971	 0.126409097	         0.000100250	         0.000000000	         0.000100250
 18815	    -2186000	 0.092789807	21.916535172	45.893089247	156.172362629	 0.120560737	         0.000061160	         0.000000000	         0.000061160
 18816	    -2185000	 0.094055641	21.581549426	52.618966932	155.734954037	 0.115075755	         0.000034639	         0.000000000	         0.000034639
 18817	    -2184000	 0.095320612	21.253635854	59.318034533	155.298843487	 0.109948345	         0.000017089	         0.000000000	         0.000017089
 18818	    -2183000	 0.096468976	20.933601478	65.868908329	154.846069597	 0.105164510	         0.000006336	         0.000000000	         0.000006336
 18819	    -2182000	 0.097575915	20.623103800	72.282247745	154.366770052	 0.100722248	         0.000000699	         0.000000000	         0.000000699
 18820	    -2181000	 0.098728248	20.322706654	78.663417079	153.881993338	 0.096603165	         0.000000000	         0.000000000	         0.000000000
 18821	    -2180000	 0.099659704	20.033843262	85.006226762	153.350657877	 0.092801193	         0.000000000	         0.000000000	         0.000000000
 18822	    -2179000	 0.100534206	19.757147341	91.152403645	152.831375918	 0.089299756	         0.000000000	         0.000000000	         0.000000000
 18823	    -2178000	 0.101424940	19.493123507	97.166410048	152.278376059	 0.086081924	         0.000000000	         0.000000000	         0.000000000
 18824	    -2177000	 0.102190769	19.243826394	103.241869459	151.706038771	 0.083150078	         0.000000000	         0.000000000	         0.000000000
 18825	    -2176000	 0.102837721	19.009654677	109.095496344	151.123361018	 0.080487129	         0.000000000	         0.000000000	         0.000000000
 18826	    -2175000	 0.103375692	18.791582076	114.867616750	150.497726787	 0.078084001	         0.000000000	         0.000000000	         0.000000000
 18827	    -2174000	 0.103969301	18.591410725	120.616357268	149.831033887	 0.075941353	         0.000000000	         0.000000000	         0.000000000
 18828	    -2173000	 0.104163560	18.409998453	126.248194930	149.085482188	 0.074050335	         0.000000000	         0.000000000	         0.000000000
 18829	    -2172000	 0.104421165	18.249117399	131.810642527	148.025938635	 0.072412765	         0.000000000	         0.000000000	         0.000000000
 18830	    -2171000	 0.104531853	18.109597228	137.301234935	146.400514819	 0.071021972	         0.000000000	         0.000000000	         0.000000000
 18831	    -2170000	 0.104457216	17.992415458	142.840543874	146.399179451	 0.069874518	         0.000000000	         0.000000000	         0.000000000
 18832	    -2169000	 0.104284345	17.899922312	148.279349051	146.397370000	 0.068981923	         0.000000000	         0.000000000	         0.000000000
 18833	    -2168000	 0.103942655	17.831688326	153.736009720	146.395053447	 0.068330755	         0.000000000	         0.000000000	         0.000000000
 18834	    -2167000	 0.103690743	17.788483545	159.207677664	146.392389133	 0.067921627	         0.000000000	         0.000000000	         0.000000000
 18835	    -2166000	 0.103154435	17.771750502	164.696801762	146.389221036	 0.067763832	         0.000000000	         0.000000000	         0.000000000
 18836	    -2165000	 0.102658725	17.780288191	170.184024306	146.385747150	 0.067844298	         0.000000000	         0.000000000	         0.000000000
 18837	    -2164000	 0.102194493	17.814618271	175.624800862	146.382018046	 0.068168816	         0.000000000	         0.000000000	         0.000000000
 18838	    -2163000	 0.101579130	17.874132923	-178.760129112	146.377837949	 0.068735084	         0.000000000	         0.000000000	         0.000000000
 18839	    -2162000	 0.100961955	17.957365514	-173.343949624	146.373561986	 0.069534921	         0.000000000	         0.000000000	         0.000000000
 18840	    -2161000	 0.100320450	18.064313281	-167.865548428	146.369024322	 0.070576330	         0.000000000	         0.000000000	         0.000000000
 18841	    -2160000	 0.099702734	18.192909928	-162.313844508	146.364249359	 0.071849220	         0.000000000	         0.000000000	         0.000000000
 18842	    -2159000	 0.098793561	18.341756287	-156.834644304	147.598751868	 0.073351239	         0.000000000	         0.000000000	         0.000000000
 18843	    -2158000	 0.097919350	18.509833294	-151.378606342	148.464005249	 0.075085098	         0.000000000	         0.000000000	         0.000000000
 18844	    -2157000	 0.096965755	18.694777387	-145.847621686	149.077310247	 0.077040352	         0.000000000	         0.000000000	         0.000000000
 18845	    -2156000	 0.095827443	18.895954815	-140.236691450	149.620575445	 0.079225087	         0.000000000	         0.000000000	         0.000000000
 18846	    -2155000	 0.094621248	19.111124411	-134.653726247	150.102565390	 0.081630386	         0.000000000	         0.000000000	         0.000000000
 18847	    -2154000	 0.093287424	19.338356955	-128.993981726	150.602430386	 0.084249859	         0.000000000	         0.000000000	         0.000000000
 18848	    -2153000	 0.091924229	19.577820682	-123.201506690	151.065515547	 0.087101347	         0.000000000	         0.000000000	         0.000000000
 18849	    -2152000	 0.090475614	19.826701802	-117.385768945	151.516879787	 0.090167300	         0.000001850	         0.000000000	         0.000001850
 18850	    -2151000	 0.088978016	20.084181955	-111.505221510	151.981086684	 0.093452807	         0.000007974	         0.000000000	         0.000007974
 18851	    -2150000	 0.087570687	20.350180405	-105.503752810	152.426741873	 0.096972783	         0.000018164	         0.000000000	         0.000018164
 18852	    -2149000	 0.085945223	20.622421149	-99.380874303	152.886757819	 0.100712691	         0.000033768	         0.000000000	         0.000033768
 18853	    -2148000	 0.084349541	20.901150061	-93.297382852	153.322163428	 0.104691208	         0.000054540	         0.000000000	         0.000054540
 18854	    -2147000	 0.082920604	21.185177221	-87.172963366	153.780124205	 0.108907066	         0.000084218	         0.000000000	         0.000084218
 18855	    -2146000	 0.081332281	21.473256244	-80.804706172	154.223489119	 0.113356520	         0.000121140	         0.000000000	         0.000121140
 18856	    -2145000	 0.079689149	21.766079226	-74.506108004	154.679373594	 0.118065587	         0.000167405	         0.000000000	         0.000167405
 18857	    -2144000	 0.078055991	22.061503949	-68.173754662	155.132206541	 0.123014758	         0.000221401	         0.000000000	         0.000221401
 18858	    -2143000	 0.076517562	22.359145836	-61.698309879	155.599026414	 0.128210898	         0.000288011	         0.000000000	         0.000288011
 18859	    -2142000	 0.074781482	22.659228993	-55.174929759	156.230658109	 0.133671876	         0.000386765	         0.000000000	         0.000386765
 18860	    -2141000	 0.073206584	22.959313653	-48.571124797	156.728792677	 0.139365486	         0.000477797	         0.000000000	         0.000477797
 18861	    -2140000	 0.071571420	23.259901879	-41.924407084	157.228821239	 0.145311780	         0.000578989	         0.000000000	         0.000578989
 18862	    -2139000	 0.069920330	23.560126485	-35.090564121	157.731958791	 0.151504126	         0.000686283	         0.000000000	         0.000686283
 18863	    -2138000	 0.068347391	23.858091591	-28.375807233	158.243383767	 0.157910752	         0.000803651	         0.000000000	         0.000803651
 18864	    -2137000	 0.066742787	24.154408320	-21.534076923	158.750432090	 0.164550586	         0.000917695	         0.000000000	         0.000917695
 18865	    -2136000	 0.065278742	24.447630768	-14.559619443	159.276726941	 0.171395878	         0.001043515	         0.000000000	         0.001043515
 18866	    -2135000	 0.063617884	24.737233437	-7.549242057	159.803940783	 0.178436131	         0.001164001	         0.000000656	         0.001164656
 18867	    -2134000	 0.062029707	25.022828025	-0.528757679	160.343191998	 0.185662104	         0.001293663	         0.000009332	         0.001302995
 18868	    -2133000	 0.060557261	25.303205950	 6.546658553	164.562681988	 0.193040673	         0.002620633	         0.000206095	         0.002826728
 18869	    -2132000	 0.059044184	25.579219102	13.979095352	161.410264452	 0.200590744	         0.001543796	         0.000041041	         0.001584837
 18870	    -2131000	 0.057433815	25.849533705	21.270395099	161.945171056	 0.208271072	         0.001684366	         0.000065376	         0.001749742
 18871	    -2130000	 0.056004933	26.113351406	28.777244896	162.461071624	 0.216050273	         0.001818931	         0.000092214	         0.001911145
 18872	    -2129000	 0.054681995	26.372290955	36.516661486	162.985723239	 0.223968120	         0.001969337	         0.000123794	         0.002093130
 18873	    -2128000	 0.053314373	26.624791499	44.319252028	163.480209163	 0.231968433	         0.002126165	         0.000159471	         0.002285636
 18874	    -2127000	 0.052182633	26.870805969	52.232086077	163.951402541	 0.240038016	         0.002290234	         0.000198320	         0.002488554
 18875	    -2126000	 0.051157010	27.111485656	60.386094743	164.419978293	 0.248204198	         0.002485614	         0.000245044	         0.002730658
 18876	    -2125000	 0.050183983	27.345507834	68.610071819	164.859097692	 0.256410806	         0.002709425	         0.000300546	         0.003009972
 18877	    -2124000	 0.049401115	27.573935366	76.819024062	165.261938431	 0.264682844	         0.002957357	         0.000362089	         0.003319446
 18878	    -2123000	 0.048775580	27.796585055	85.103769157	165.649196479	 0.273002404	         0.003254348	         0.000437065	         0.003691412
 18879	    -2122000	 0.048262385	28.012707393	93.622519129	165.989296068	 0.281327924	         0.003582002	         0.000520759	         0.004102761
 18880	    -2121000	 0.047751089	28.223728626	102.092389693	166.309398801	 0.289645814	         0.003992292	         0.000628068	         0.004620359
 18881	    -2120000	 0.047358561	28.428496678	110.486984386	166.594342927	 0.297853596	         0.004460280	         0.000752280	         0.005212560
 18882	    -2119000	 0.047191726	28.626882706	119.032711995	166.848167709	 0.305932129	         0.005017327	         0.000905892	         0.005923219
 18883	    -2118000	 0.047058159	28.819626544	127.764553615	167.065140790	 0.313898635	         0.005666623	         0.001090520	         0.006757143
 18884	    -2117000	 0.046966399	29.005194736	136.436990517	167.248989039	 0.321676643	         0.006414846	         0.001310302	         0.007725148
 18885	    -2116000	 0.047084887	29.184213710	145.016289675	167.405850176	 0.329279125	         0.007285229	         0.001579059	         0.008864289
 18886	    -2115000	 0.047405268	29.356306533	153.904995862	167.529129268	 0.336677659	         0.008295090	         0.001903199	         0.010198289
 18887	    -2114000	 0.047741684	29.519804236	162.537659785	167.633752533	 0.343787222	         0.009461126	         0.002299231	         0.011760358
 18888	    -2113000	 0.048270263	29.675963829	171.184861036	167.705308951	 0.350649730	         0.010753122	         0.002759537	         0.013512659
 18889	    -2112000	 0.049052439	29.823723021	179.893742447	167.759373578	 0.357206760	         0.012231569	         0.003316740	         0.015548309
 18890	    -2111000	 0.049709029	29.962041437	-171.513788757	167.783798608	 0.363399968	         0.013845448	         0.003961245	         0.017806693
 18891	    -2110000	 0.050654165	30.091649428	-163.124834668	167.800002600	 0.369250697	         0.015596264	         0.004705145	         0.020301409
 18892	    -2109000	 0.051668928	30.211525433	-154.710579779	167.812786475	 0.374702332	         0.017556846	         0.005597416	         0.023154262
 18893	    -2108000	 0.052810939	30.321860807	-146.283170048	167.793958305	 0.379753666	         0.019572648	         0.006574046	         0.026146695
 18894	    -2107000	 0.053937200	30.422134076	-138.044567003	167.785225068	 0.384371803	         0.021738302	         0.007706002	         0.029444303
 18895	    -2106000	 0.055170470	30.511835076	-129.883438569	167.765900918	 0.388524844	         0.023880676	         0.008909442	         0.032790118
 18896	    -2105000	 0.056683779	30.592020920	-121.860451191	167.734584564	 0.392254530	         0.026038822	         0.010221003	         0.036259825
 18897	    -2104000	 0.058081286	30.661501093	-113.746796571	167.704058718	 0.395499204	         0.028087272	         0.011593162	         0.039680434
 18898	    -2103000	 0.059613775	30.720400113	-105.860904899	167.669247646	 0.398259041	         0.029971361	         0.012991554	         0.042962915
 18899	    -2102000	 0.061176102	30.769472789	-98.118114663	167.634229993	 0.400564890	         0.031733822	         0.014353682	         0.046087504
 18900	    -2101000	 0.062920756	30.807586531	-90.351507488	167.588582363	 0.402359802	         0.033084990	         0.015385070	         0.048470059
 18901	    -2100000	 0.064483291	30.835568043	-82.812771446	167.566316904	 0.403679765	         0.034053411	         0.016102147	         0.050155559
 18902	    -2099000	 0.066180131	30.852947113	-75.344781870	167.530608307	 0.404500520	         0.034430631	         0.016334568	         0.050765199
 18903	    -2098000	 0.067896776	30.858977664	-67.848132935	167.509652432	 0.404785491	         0.034516442	         0.016391845	         0.050908287
 18904	    -2097000	 0.069399444	30.854649790	-60.429737250	167.499548166	 0.404580971	         0.034000774	         0.015968912	         0.049969687
 18905	    -2096000	 0.070920500	30.838282119	-53.185620090	167.492493547	 0.403807894	         0.033126449	         0.015295753	         0.048422202
 18906	    -2095000	 0.072571019	30.809724255	-45.841835324	167.492211947	 0.402460578	         0.031774888	         0.014207850	         0.045982738
 18907	    -2094000	 0.074101031	30.769244690	-38.446101271	167.499554397	 0.400554159	         0.030024393	         0.012865372	         0.042889765
 18908	    -2093000	 0.075570534	30.714824905	-31.178948784	167.514984782	 0.397997440	         0.027979052	         0.011326454	         0.039305506
 18909	    -2092000	 0.077063714	30.646841541	-23.891071999	167.541400141	 0.394813621	         0.025721191	         0.009857835	         0.035579026
 18910	    -2091000	 0.078712189	30.564453124	-16.641281934	167.554817094	 0.390970453	         0.023262490	         0.008409337	         0.031671827
 18911	    -2090000	 0.080279993	30.466212928	-9.397393686	167.582515964	 0.386410043	         0.020802311	         0.007098532	         0.027900843
 18912	    -2089000	 0.081804419	30.353044331	-2.208889546	167.609041948	 0.381187058	         0.018272539	         0.005848601	         0.024121141
 18913	    -2088000	 0.083453987	30.223383965	 4.870200536	167.637869017	 0.375243701	         0.015931175	         0.004792858	         0.020724033
 18914	    -2087000	 0.084997345	30.076987552	12.010479959	167.670662883	 0.368586554	         0.013723712	         0.003873352	         0.017597064
 18915	    -2086000	 0.086442425	29.915238735	18.992036231	167.683536512	 0.361298469	         0.011675051	         0.003083570	         0.014758621
 18916	    -2085000	 0.087908612	29.736632354	25.912336325	167.676039708	 0.353334555	         0.009832563	         0.002421028	         0.012253591
 18917	    -2084000	 0.089374069	29.542053647	32.929485026	167.662528964	 0.344760713	         0.008233899	         0.001894042	         0.010127941
 18918	    -2083000	 0.090508055	29.332603146	39.806848307	167.621676798	 0.335653418	         0.006851416	         0.001464358	         0.008315774
 18919	    -2082000	 0.091674661	29.108036731	46.692638915	167.553473902	 0.326032300	         0.005671189	         0.001120630	         0.006791819
 18920	    -2081000	 0.092841648	28.869742148	53.529158414	167.461208517	 0.315988823	         0.004703018	         0.000859664	         0.005562682
 18921	    -2080000	 0.093757259	28.617694128	60.505814520	167.329842235	 0.305555230	         0.003890527	         0.000652453	         0.004542980
 18922	    -2079000	 0.094633546	28.352863907	67.329074688	167.156485863	 0.294806440	         0.003227558	         0.000492450	         0.003720008
 18923	    -2078000	 0.095396743	28.076246212	74.205398586	166.931142287	 0.283817347	         0.002687791	         0.000369659	         0.003057450
 18924	    -2077000	 0.096188814	27.786977110	81.133777240	166.657009833	 0.272638052	         0.002240183	         0.000271835	         0.002512018
 18925	    -2076000	 0.096746683	27.486459654	87.961556592	166.341915242	 0.261484020	         0.001899912	         0.000202344	         0.002102256
 18926	    -2075000	 0.097268940	27.174618927	94.871085278	165.959450570	 0.250391905	         0.001607089	         0.000144239	         0.001751328
 18927	    -2074000	 0.097795222	26.850682504	101.710765017	165.536786852	 0.239367529	         0.001380232	         0.000102246	         0.001482478
 18928	    -2073000	 0.098139094	26.515721928	108.623302209	165.031431855	 0.228478160	         0.001182849	         0.000067547	         0.001250396
 18929	    -2072000	 0.098400033	26.168387310	115.450959201	164.488962229	 0.217709393	         0.001029930	         0.000043216	         0.001073146
 18930	    -2071000	 0.098648266	25.809267265	122.261410039	163.886855048	 0.207108628	         0.000890326	         0.000022913	         0.000913239
 18931	    -2070000	 0.098984060	25.439079823	129.153491969	163.232293643	 0.196721176	         0.000772627	         0.000009555	         0.000782182
 18932	    -2069000	 0.098934701	25.056092808	135.911592698	162.527360981	 0.186522557	         0.000664320	         0.000000982	         0.000665302
 18933	    -2068000	 0.099053812	24.662595997	142.644827754	161.789180095	 0.176594496	         0.000569251	         0.000000000	         0.000569251
 18934	    -2067000	 0.099132301	24.259300658	149.371551434	160.996668150	 0.166967314	         0.000478356	         0.000000000	         0.000478356
 18935	    -2066000	 0.098973708	23.845799434	156.038106697	160.126117273	 0.157641174	         0.000388903	         0.000000000	         0.000388903
 18936	    -2065000	 0.098799964	23.425563014	162.588780984	159.310287356	 0.148696682	         0.000315366	         0.000000000	         0.000315366
 18937	    -2064000	 0.098566524	22.998990445	169.105651348	158.473201759	 0.140136220	         0.000247867	         0.000000000	         0.000247867
 18938	    -2063000	 0.098126897	22.567693237	175.635174665	157.611232791	 0.131981880	         0.000186122	         0.000000000	         0.000186122
 18939	    -2062000	 0.097477450	22.135462276	-177.970601889	156.728269773	 0.124285897	         0.000133550	         0.000000000	         0.000133550
 18940	    -2061000	 0.096725834	21.702351170	-171.607495109	155.872015138	 0.117024357	         0.000091530	         0.000000000	         0.000091530
 18941	    -2060000	 0.095934183	21.271626722	-165.234266000	154.988094228	 0.110223640	         0.000057336	         0.000000000	         0.000057336
 18942	    -2059000	 0.094846816	20.845854012	-158.863143293	154.101935010	 0.103889620	         0.000031733	         0.000000000	         0.000031733
 18943	    -2058000	 0.093680254	20.425561933	-152.512249063	153.196387696	 0.097994209	         0.000013860	         0.000000000	         0.000013860
 18944	    -2057000	 0.092501331	20.014585461	-146.214379889	152.281589983	 0.092553111	         0.000003334	         0.000000000	         0.000003334
 18945	    -2056000	 0.091250112	19.613479307	-139.836377295	151.346399901	 0.087534141	         0.000000000	         0.000000000	         0.000000000
 18946	    -2055000	 0.089980373	19.224031839	-133.544053575	150.357153711	 0.082921610	         0.000000000	         0.000000000	         0.000000000
 18947	    -2054000	 0.088707167	18.849839790	-127.326891559	149.290003519	 0.078718879	         0.000000000	         0.000000000	         0.000000000
 18948	    -2053000	 0.087641154	18.490231342	-121.033755463	147.874029896	 0.074880794	         0.000000000	         0.000000000	         0.000000000
 18949	    -2052000	 0.086232022	18.148183599	-114.973612815	146.321583658	 0.071403922	         0.000000000	         0.000000000	         0.000000000
 18950	    -2051000	 0.085029837	17.826591494	-108.991609980	146.316849307	 0.068282362	         0.000000000	         0.000000000	         0.000000000
 18951	    -2050000	 0.083912760	17.525304776	-103.107456176	146.312456790	 0.065481826	         0.000000000	         0.000000000	         0.000000000
 18952	    -2049000	 0.082571357	17.248135132	-97.240078146	146.308481160	 0.063007015	         0.000000000	         0.000000000	         0.000000000
 18953	    -2048000	 0.081206446	16.996497441	-91.595550776	146.305060750	 0.060841275	         0.000000000	         0.000000000	         0.000000000
 18954	    -2047000	 0.079740263	16.772228587	-85.988677785	146.302122335	 0.058973905	         0.000000000	         0.000000000	         0.000000000
 18955	    -2046000	 0.078320494	16.579257854	-80.432815261	146.299638023	 0.057413078	         0.000000000	         0.000000000	         0.000000000
 18956	    -2045000	 0.076645816	16.417556447	-74.895194681	146.297763497	 0.056137028	         0.000000000	         0.000000000	         0.000000000
 18957	    -2044000	 0.074945948	16.290340025	-69.307057380	146.296381901	 0.055153077	         0.000000000	         0.000000000	         0.000000000
 18958	    -2043000	 0.073271571	16.200294645	-63.733512101	146.295503612	 0.054467067	         0.000000000	         0.000000000	         0.000000000
 18959	    -2042000	 0.071440151	16.146918373	-57.981657098	146.295196941	 0.054064454	         0.000000000	         0.000000000	         0.000000000
 18960	    -2041000	 0.069730953	16.133331477	-52.272338887	146.295353914	 0.053962446	         0.000000000	         0.000000000	         0.000000000
 18961	    -2040000	 0.068043036	16.159539151	-46.398141461	146.295999230	 0.054159382	         0.000000000	         0.000000000	         0.000000000
 18962	    -2039000	 0.066485352	16.225071023	-40.305531353	146.297080954	 0.054654970	         0.000000000	         0.000000000	         0.000000000
 18963	    -2038000	 0.064723131	16.331755191	-34.148503769	146.298818669	 0.055471493	         0.000000000	         0.000000000	         0.000000000
 18964	    -2037000	 0.063234295	16.476927878	-27.947382837	146.300870952	 0.056602223	         0.000000000	         0.000000000	         0.000000000
 18965	    -2036000	 0.061919169	16.659878507	-21.508061247	146.303331243	 0.058060083	         0.000000000	         0.000000000	         0.000000000
 18966	    -2035000	 0.060561677	16.880063955	-14.804124129	146.306344696	 0.059864530	         0.000000000	         0.000000000	         0.000000000
 18967	    -2034000	 0.059261077	17.133964029	-8.168362567	146.309697955	 0.062014999	         0.000000000	         0.000000000	         0.000000000
 18968	    -2033000	 0.058168211	17.420274752	-1.338615560	146.313369278	 0.064532790	         0.000000000	         0.000000000	         0.000000000
 18969	    -2032000	 0.057101630	17.735991270	 5.645109256	146.317396507	 0.067427845	         0.000000000	         0.000000000	         0.000000000
 18970	    -2031000	 0.056146814	18.077918281	12.671325356	146.321626541	 0.070709923	         0.000000000	         0.000000000	         0.000000000
 18971	    -2030000	 0.055261661	18.444444117	19.891311782	146.326098702	 0.074405734	         0.000000000	         0.000000000	         0.000000000
 18972	    -2029000	 0.054526362	18.831465361	27.170999733	148.838310235	 0.078518084	         0.000000000	         0.000000000	         0.000000000
 18973	    -2028000	 0.053654360	19.236545845	34.581233164	150.144122616	 0.083065973	         0.000000000	         0.000000000	         0.000000000
 18974	    -2027000	 0.052893064	19.657379085	42.065742188	151.322218452	 0.088069914	         0.000000000	         0.000000000	         0.000000000
 18975	    -2026000	 0.052303632	20.090683447	49.594620697	152.391307371	 0.093537299	         0.000000000	         0.000000000	         0.000000000
 18976	    -2025000	 0.051732722	20.535428704	57.493045977	153.408565283	 0.099502211	         0.000002830	         0.000000000	         0.000002830
 18977	    -2024000	 0.051088783	20.988158585	65.426755680	154.408453235	 0.105965050	         0.000013094	         0.000000000	         0.000013094
 18978	    -2023000	 0.050615742	21.447068688	73.400291702	155.368398469	 0.112944644	         0.000030869	         0.000000000	         0.000030869
 18979	    -2022000	 0.050461866	21.912321217	81.543208461	156.283795609	 0.120490141	         0.000057346	         0.000000000	         0.000057346
 18980	    -2021000	 0.050216461	22.380489325	89.913092829	157.173505723	 0.128591832	         0.000096014	         0.000000000	         0.000096014
 18981	    -2020000	 0.050247111	22.850151245	98.220100961	158.028177942	 0.137266776	         0.000151259	         0.000000000	         0.000151259
 18982	    -2019000	 0.050455116	23.321607815	106.490875027	158.826261066	 0.146563498	         0.000224989	         0.000000000	         0.000224989
 18983	    -2018000	 0.050849645	23.792910222	114.893873778	159.600970990	 0.156486509	         0.000326373	         0.000000000	         0.000326373
 18984	    -2017000	 0.051309942	24.262550139	122.953910119	160.340051603	 0.167042747	         0.000466964	         0.000000000	         0.000466964
 18985	    -2016000	 0.051986741	24.729430377	131.018980443	161.154385821	 0.178242699	         0.000667328	         0.000000000	         0.000667328
 18986	    -2015000	 0.052745219	25.192775608	138.940428025	161.832928530	 0.190100160	         0.000925328	         0.000007323	         0.000932651
 18987	    -2014000	 0.053398653	25.651829375	146.725945891	162.463373401	 0.202625523	         0.001261914	         0.000034168	         0.001296082
 18988	    -2013000	 0.054158401	26.103827769	154.356941535	163.062984660	 0.215764458	         0.001711140	         0.000088459	         0.001799598
 18989	    -2012000	 0.054927467	26.548269199	161.863755288	163.602836356	 0.229514153	         0.002285225	         0.000177378	         0.002462603
 18990	    -2011000	 0.055746982	26.984929946	169.484885149	164.112690703	 0.243876157	         0.003030517	         0.000316572	         0.003347088
 18991	    -2010000	 0.056371621	27.411005529	176.958645532	164.579234069	 0.258755874	         0.003979137	         0.000521414	         0.004500551
 18992	    -2009000	 0.057124333	27.825918480	-175.648982189	165.023996967	 0.274117802	         0.005178625	         0.000815667	         0.005994292
 18993	    -2008000	 0.058038852	28.228832550	-168.259843384	165.425849895	 0.289848771	         0.006655659	         0.001219386	         0.007875045
 18994	    -2007000	 0.058752232	28.618362589	-160.737095526	165.802916543	 0.305582640	         0.008515132	         0.001789927	         0.010305059
 18995	    -2006000	 0.059633479	28.994220181	-153.425009635	166.162592844	 0.321213728	         0.010777761	         0.002567047	         0.013344808
 18996	    -2005000	 0.060629657	29.354910164	-146.093800037	166.486950932	 0.336617275	         0.013414321	         0.003571159	         0.016985481
 18997	    -2004000	 0.061621751	29.699811957	-138.735907027	166.791192474	 0.351703865	         0.016571393	         0.004930991	         0.021502384
 18998	    -2003000	 0.062667648	30.029152039	-131.548713504	167.086062399	 0.366423768	         0.020291774	         0.006765862	         0.027057636
 18999	    -2002000	 0.063855573	30.341937934	-124.458728511	167.356282443	 0.380676249	         0.024381526	         0.009067613	         0.033449140
 19000	    -2001000	 0.065024014	30.637879620	-117.310346873	167.618762824	 0.394394760	         0.029053396	         0.012301510	         0.041354907
 19001	    -2000000	 0.066116237	30.916943316	-110.311390499	167.871931849	 0.407529005	         0.034034147	         0.016247413	         0.050281560
 19002	    -1999000	 0.067316063	31.179375405	-103.409362220	168.108358672	 0.420047028	         0.039466929	         0.020690399	         0.060157328
 19003	    -1998000	 0.068575005	31.425473435	-96.561662428	168.345920894	 0.431924731	         0.045187544	         0.025482532	         0.070670076
 19004	    -1997000	 0.069723262	31.654177178	-89.681423133	168.575540595	 0.443076612	         0.051006045	         0.030526927	         0.081532972
 19005	    -1996000	 0.070869112	31.866568219	-82.899012211	168.803806391	 0.453525456	         0.056631934	         0.035514213	         0.092146147
 19006	    -1995000	 0.072013957	32.063003380	-76.271143311	169.025567344	 0.463263795	         0.061894704	         0.040283089	         0.102177793
 19007	    -1994000	 0.073241826	32.242288681	-69.535926724	169.252308892	 0.472210577	         0.066847278	         0.044835824	         0.111683102
 19008	    -1993000	 0.074267576	32.405494568	-62.882484361	169.487516520	 0.480400637	         0.071245304	         0.048953759	         0.120199063
 19009	    -1992000	 0.075259897	32.552199152	-56.283474882	169.717054287	 0.487797504	         0.074626113	         0.052160038	         0.126786151
 19010	    -1991000	 0.076427566	32.682043312	-49.727415035	169.948754820	 0.494370160	         0.077503505	         0.054925236	         0.132428741
 19011	    -1990000	 0.077240891	32.795544740	-43.096595514	170.193206446	 0.500134318	         0.079303120	         0.056675134	         0.135978254
 19012	    -1989000	 0.078159755	32.891241688	-36.571705612	170.432279898	 0.505007136	         0.079928803	         0.057275646	         0.137204449
 19013	    -1988000	 0.079020589	32.969648322	-30.006586251	170.670626284	 0.509007877	         0.079291208	         0.056646379	         0.135937587
 19014	    -1987000	 0.079807076	33.030978025	-23.337966219	170.922587973	 0.512142264	         0.077884428	         0.055365658	         0.133250087
 19015	    -1986000	 0.080430850	33.073407851	-16.759660155	171.160777401	 0.514313213	         0.075016153	         0.052671141	         0.127687295
 19016	    -1985000	 0.081227526	33.098120937	-10.111375271	171.396996858	 0.515578583	         0.071528854	         0.049484482	         0.121013336
 19017	    -1984000	 0.082044518	33.104878413	-3.465242312	171.627290813	 0.515924698	         0.066872031	         0.045271663	         0.112143695
 19018	    -1983000	 0.082683119	33.092728295	 3.250721064	171.836375244	 0.515302410	         0.060907611	         0.039926804	         0.100834414
 19019	    -1982000	 0.083449073	33.063339489	 9.909509172	172.025468451	 0.513797878	         0.054833740	         0.034672400	         0.089506139
 19020	    -1981000	 0.084210490	33.015992756	16.496076998	172.190969306	 0.511376014	         0.048853731	         0.029668114	         0.078521845
 19021	    -1980000	 0.085023195	32.951232391	23.184156065	172.345051277	 0.508067539	         0.043082628	         0.025030180	         0.068112808
 19022	    -1979000	 0.085694985	32.870577051	29.764443328	172.472046971	 0.503953944	         0.037874970	         0.021009713	         0.058884682
 19023	    -1978000	 0.086368074	32.773425579	36.296591575	172.572153155	 0.499009674	         0.033113134	         0.017465427	         0.050578561
 19024	    -1977000	 0.087084464	32.661217682	42.836453337	172.648163232	 0.493314401	         0.028867600	         0.014433306	         0.043300905
 19025	    -1976000	 0.087495472	32.534998184	49.396517880	172.687639024	 0.486928588	         0.025172841	         0.011885603	         0.037058444
 19026	    -1975000	 0.087898801	32.394797383	55.833964828	172.694221282	 0.479862549	         0.022051620	         0.009801513	         0.031853133
 19027	    -1974000	 0.088296414	32.241880120	62.358202327	172.662239913	 0.472190128	         0.019311897	         0.008020523	         0.027332420
 19028	    -1973000	 0.088414738	32.076429915	68.968994180	172.589865238	 0.463931919	         0.017055881	         0.006583521	         0.023639402
 19029	    -1972000	 0.088480570	31.899333923	75.510211628	172.471679861	 0.455144979	         0.015178145	         0.005525891	         0.020704036
 19030	    -1971000	 0.088530547	31.711118471	82.087897139	172.302861774	 0.445869411	         0.013573487	         0.004680638	         0.018254126
 19031	    -1970000	 0.088481637	31.511111833	88.798617876	172.075476454	 0.436088092	         0.012207796	         0.003995239	         0.016203034
 19032	    -1969000	 0.088265668	31.300719429	95.469168349	171.806698159	 0.425887279	         0.011144034	         0.003484496	         0.014628530
 19033	    -1968000	 0.088058201	31.079251417	102.214936274	171.492782862	 0.415252623	         0.010257098	         0.003067943	         0.013325041
 19034	    -1967000	 0.087900207	30.846066879	108.946580714	171.120673391	 0.404175504	         0.009488134	         0.002709832	         0.012197966
 19035	    -1966000	 0.087517543	30.602467175	115.789568822	170.694752345	 0.392741599	         0.008841430	         0.002408491	         0.011249921
 19036	    -1965000	 0.087136772	30.346982299	122.631410865	170.236926718	 0.380908211	         0.008337636	         0.002176382	         0.010514018
 19037	    -1964000	 0.086763470	30.080058759	129.415030231	169.742961139	 0.368725623	         0.007877154	         0.001962444	         0.009839598
 19038	    -1963000	 0.086355439	29.802161430	136.341589023	169.199958561	 0.356246117	         0.007460997	         0.001769765	         0.009230762
 19039	    -1962000	 0.085761438	29.511675190	143.240776801	168.614815514	 0.343431904	         0.007070894	         0.001591984	         0.008662878
 19040	    -1961000	 0.085149615	29.210647562	150.165711886	168.013343607	 0.330409847	         0.006725569	         0.001436545	         0.008162114
 19041	    -1960000	 0.084677101	28.898825375	157.092962169	167.395525178	 0.317205340	         0.006373151	         0.001284787	         0.007657938
 19042	    -1959000	 0.083826248	28.575211973	164.136577343	166.744279264	 0.303816124	         0.006005496	         0.001132742	         0.007138238
 19043	    -1958000	 0.083161015	28.242718429	171.087689491	166.085788101	 0.290401362	         0.005623716	         0.000986049	         0.006609765
 19044	    -1957000	 0.082409676	27.900675931	178.076609393	165.413171656	 0.276981089	         0.005203926	         0.000833878	         0.006037804
 19045	    -1956000	 0.081544618	27.549689304	-174.817183421	164.743830035	 0.263792311	         0.004812720	         0.000701224	         0.005513943
 19046	    -1955000	 0.080531207	27.192082702	-167.871745448	164.079787080	 0.251000461	         0.004376505	         0.000564588	         0.004941094
 19047	    -1954000	 0.079530178	26.827122653	-160.801527286	163.402805176	 0.238584925	         0.003935897	         0.000438633	         0.004374530
 19048	    -1953000	 0.078478067	26.456648525	-153.732546315	162.744831891	 0.226609761	         0.003502565	         0.000326035	         0.003828600
 19049	    -1952000	 0.077152376	26.081388618	-146.562190619	162.089883054	 0.215092528	         0.003059386	         0.000223841	         0.003283227
 19050	    -1951000	 0.075791908	25.701068274	-139.397807344	161.433338233	 0.204017091	         0.002620149	         0.000137379	         0.002757528
 19051	    -1950000	 0.074401780	25.317708626	-132.195571173	160.788894214	 0.193430210	         0.002217360	         0.000073809	         0.002291168
 19052	    -1949000	 0.072998203	24.930515822	-124.775566603	160.150719357	 0.183295019	         0.001846251	         0.000029302	         0.001875553
 19053	    -1948000	 0.071403373	24.539852556	-117.333581836	159.513022242	 0.173607115	         0.001497393	         0.000003504	         0.001500897
 19054	    -1947000	 0.069903515	24.147333528	-109.799440545	158.870739546	 0.164388847	         0.001184196	         0.000000000	         0.001184196
 19055	    -1946000	 0.068486883	23.751100760	-102.142529176	158.232246500	 0.155579722	         0.000916201	         0.000000000	         0.000916201
 19056	    -1945000	 0.066998290	23.352280459	-94.392428854	157.586245876	 0.147189705	         0.000688635	         0.000000000	         0.000688635
 19057	    -1944000	 0.065676820	22.951968501	-86.663863761	156.926661415	 0.139223270	         0.000497917	         0.000000000	         0.000497917
 19058	    -1943000	 0.064550343	22.548688794	-78.864122986	156.240342249	 0.131633694	         0.000345061	         0.000000000	         0.000345061
 19059	    -1942000	 0.063240392	22.144153600	-70.905544487	155.395515824	 0.124436137	         0.000211091	         0.000000000	         0.000211091
 19060	    -1941000	 0.062043702	21.738837560	-63.138245625	154.743128193	 0.117619366	         0.000133100	         0.000000000	         0.000133100
 19061	    -1940000	 0.061007916	21.333446167	-55.389265063	154.053658323	 0.111174862	         0.000076264	         0.000000000	         0.000076264
 19062	    -1939000	 0.059991523	20.929651857	-47.514753427	153.347636384	 0.105106791	         0.000038615	         0.000000000	         0.000038615
 19063	    -1938000	 0.058841960	20.527448364	-39.628757948	152.613064856	 0.099391898	         0.000015380	         0.000000000	         0.000015380
 19064	    -1937000	 0.057782915	20.129992962	-31.771893924	151.847204164	 0.094049788	         0.000003038	         0.000000000	         0.000003038
 19065	    -1936000	 0.056743017	19.739036544	-23.942007270	151.030933067	 0.089075236	         0.000000000	         0.000000000	         0.000000000
 19066	    -1935000	 0.055773548	19.354809572	-15.930612923	150.142164068	 0.084442752	         0.000000000	         0.000000000	         0.000000000
 19067	    -1934000	 0.054883220	18.981438805	-7.859635991	149.135203075	 0.080172076	         0.000000000	         0.000000000	         0.000000000
 19068	    -1933000	 0.054061260	18.620186001	 0.155326069	147.727480946	 0.076245709	         0.000000000	         0.000000000	         0.000000000
 19069	    -1932000	 0.053464104	18.272471314	 8.386072495	146.320219423	 0.072648213	         0.000000000	         0.000000000	         0.000000000
 19070	    -1931000	 0.052803016	17.942040359	16.469101342	146.324769632	 0.069386956	         0.000000000	         0.000000000	         0.000000000
 19071	    -1930000	 0.052430947	17.629512042	24.546884335	146.329450055	 0.066437221	         0.000000000	         0.000000000	         0.000000000
 19072	    -1929000	 0.052318138	17.337544561	32.518439669	146.334163947	 0.063794946	         0.000000000	         0.000000000	         0.000000000
 19073	    -1928000	 0.052217201	17.068096944	40.736193463	146.339077919	 0.061449811	         0.000000000	         0.000000000	         0.000000000
 19074	    -1927000	 0.052300860	16.822489945	48.501625680	146.343684355	 0.059387358	         0.000000000	         0.000000000	         0.000000000
 19075	    -1926000	 0.052569848	16.603597730	56.170576157	146.348149330	 0.057607650	         0.000000000	         0.000000000	         0.000000000
 19076	    -1925000	 0.053130299	16.411660472	63.706819779	146.352442109	 0.056091040	         0.000000000	         0.000000000	         0.000000000
 19077	    -1924000	 0.053568281	16.249362646	71.157065744	146.356439983	 0.054839826	         0.000000000	         0.000000000	         0.000000000
 19078	    -1923000	 0.054295554	16.118773907	78.277386937	146.360105328	 0.053853363	         0.000000000	         0.000000000	         0.000000000
 19079	    -1922000	 0.055023748	16.019143328	85.232145679	146.363406141	 0.053112707	         0.000000000	         0.000000000	         0.000000000
 19080	    -1921000	 0.055835459	15.953529013	92.037324080	146.366360386	 0.052630501	         0.000000000	         0.000000000	         0.000000000
 19081	    -1920000	 0.056726032	15.922910820	98.564575090	146.368918862	 0.052406985	         0.000000000	         0.000000000	         0.000000000
 19082	    -1919000	 0.057581787	15.926755794	104.977498394	146.371075857	 0.052435001	         0.000000000	         0.000000000	         0.000000000
 19083	    -1918000	 0.058494329	15.967266209	111.336743189	146.372885833	 0.052731093	         0.000000000	         0.000000000	         0.000000000
 19084	    -1917000	 0.059252326	16.043455895	117.631145233	146.374212945	 0.053292502	         0.000000000	         0.000000000	         0.000000000
 19085	    -1916000	 0.060043585	16.156259738	123.743495974	146.375157777	 0.054134700	         0.000000000	         0.000000000	         0.000000000
 19086	    -1915000	 0.060974047	16.305763776	129.893948074	146.375804665	 0.055271447	         0.000000000	         0.000000000	         0.000000000
 19087	    -1914000	 0.061865311	16.489495079	136.271218424	146.376015463	 0.056701184	         0.000000000	         0.000000000	         0.000000000
 19088	    -1913000	 0.062663619	16.709209747	142.421928453	146.375777324	 0.058459572	         0.000000000	         0.000000000	         0.000000000
 19089	    -1912000	 0.063657118	16.962865352	148.594440260	146.375244877	 0.060557514	         0.000000000	         0.000000000	         0.000000000
 19090	    -1911000	 0.064748286	17.248441064	154.858666171	146.374331424	 0.063009694	         0.000000000	         0.000000000	         0.000000000
 19091	    -1910000	 0.065815383	17.566018112	161.045831667	146.373010366	 0.065853449	         0.000000000	         0.000000000	         0.000000000
 19092	    -1909000	 0.066980060	17.912079303	167.161628998	146.371359351	 0.069098588	         0.000000000	         0.000000000	         0.000000000
 19093	    -1908000	 0.068248125	18.286171937	173.234674190	146.369380084	 0.072786695	         0.000000000	         0.000000000	         0.000000000
 19094	    -1907000	 0.069372969	18.686204807	179.291164144	149.122399861	 0.076948606	         0.000000000	         0.000000000	         0.000000000
 19095	    -1906000	 0.070524935	19.107764867	-174.808372558	150.381290741	 0.081592276	         0.000000000	         0.000000000	         0.000000000
 19096	    -1905000	 0.071626557	19.551343509	-168.940760970	151.444303853	 0.086781375	         0.000000000	         0.000000000	         0.000000000
 19097	    -1904000	 0.072636543	20.013456498	-162.993740902	152.419388691	 0.092538589	         0.000000757	         0.000000000	         0.000000757
 19098	    -1903000	 0.073477226	20.490378981	-157.139498724	153.297170596	 0.098881084	         0.000011891	         0.000000000	         0.000011891
 19099	    -1902000	 0.074185549	20.981647008	-151.270096681	154.130497705	 0.105869183	         0.000036808	         0.000000000	         0.000036808
 19100	    -1901000	 0.074953319	21.483412319	-145.376694792	154.926191805	 0.113516658	         0.000082179	         0.000000000	         0.000082179
 19101	    -1900000	 0.075458613	21.994502454	-139.322025424	155.700755171	 0.121874414	         0.000158762	         0.000000000	         0.000158762
 19102	    -1899000	 0.075945249	22.512357081	-133.304805301	156.612990570	 0.130970606	         0.000300040	         0.000000000	         0.000300040
 19103	    -1898000	 0.076408457	23.033793216	-127.305281414	157.388683227	 0.140815783	         0.000501648	         0.000000000	         0.000501648
 19104	    -1897000	 0.076919359	23.559716478	-120.991193180	158.109162854	 0.151495492	         0.000790505	         0.000000000	         0.000790505
 19105	    -1896000	 0.077271237	24.086512649	-114.868873735	158.798407875	 0.163004945	         0.001186634	         0.000000000	         0.001186634
 19106	    -1895000	 0.077728859	24.612507063	-108.641395151	159.467451872	 0.175369252	         0.001725710	         0.000010156	         0.001735866
 19107	    -1894000	 0.078254014	25.138528108	-102.372609395	160.133511913	 0.188672119	         0.002460002	         0.000077204	         0.002537207
 19108	    -1893000	 0.078636744	25.660981065	-96.087406653	160.776346461	 0.202883444	         0.003389197	         0.000212110	         0.003601307
 19109	    -1892000	 0.079145464	26.180396782	-89.866139508	161.401902990	 0.218073123	         0.004543485	         0.000433093	         0.004976578
 19110	    -1891000	 0.079603279	26.696031042	-83.612357954	162.037014995	 0.234276864	         0.006005277	         0.000780153	         0.006785430
 19111	    -1890000	 0.080078552	27.204631126	-77.320976308	162.659836808	 0.251438645	         0.007745313	         0.001262304	         0.009007617
 19112	    -1889000	 0.080462556	27.708507679	-71.140431903	163.289320032	 0.269680479	         0.009760962	         0.001892700	         0.011653661
 19113	    -1888000	 0.080881658	28.204957022	-64.968989151	163.902539643	 0.288900083	         0.012055734	         0.002704490	         0.014760225
 19114	    -1887000	 0.081345713	28.691675043	-58.773863334	164.535623271	 0.308597265	         0.014741346	         0.003777546	         0.018518892
 19115	    -1886000	 0.081574684	29.170724240	-52.600632899	165.169520059	 0.328702910	         0.017653293	         0.005088692	         0.022741985
 19116	    -1885000	 0.081834662	29.638164344	-46.516392895	165.807765248	 0.348982224	         0.020789560	         0.006667736	         0.027457296
 19117	    -1884000	 0.082093200	30.093328179	-40.446417867	166.450938993	 0.369326777	         0.024228302	         0.008652406	         0.032880708
 19118	    -1883000	 0.082222614	30.536610482	-34.267872024	167.133272812	 0.389675503	         0.027920883	         0.011116655	         0.039037537
 19119	    -1882000	 0.082169201	30.963909882	-28.205732656	167.799952501	 0.409757708	         0.031562259	         0.014115531	         0.045677790
 19120	    -1881000	 0.082159389	31.375937128	-22.187025240	168.491374570	 0.429523476	         0.035533686	         0.017503826	         0.053037511
 19121	    -1880000	 0.082021037	31.771414849	-15.980390483	169.186976843	 0.448833617	         0.039370570	         0.020772254	         0.060142824
 19122	    -1879000	 0.081704918	32.147130223	-9.849660315	169.898808887	 0.467455183	         0.043364311	         0.024237052	         0.067601363
 19123	    -1878000	 0.081422725	32.504455653	-3.673599904	170.624992799	 0.485386774	         0.047604445	         0.027975603	         0.075580048
 19124	    -1877000	 0.081115542	32.840839374	 2.620361487	171.376319826	 0.502439261	         0.052370776	         0.032275492	         0.084646267
 19125	    -1876000	 0.080657528	33.155240989	 8.958004063	172.183548337	 0.518505769	         0.059561967	         0.038962799	         0.098524766
 19126	    -1875000	 0.080360834	33.448588182	15.327140748	172.918690962	 0.533589153	         0.064280880	         0.043322736	         0.107603616
 19127	    -1874000	 0.080026672	33.718008670	21.700369961	173.583363735	 0.547505502	         0.066649041	         0.045470917	         0.112119958
 19128	    -1873000	 0.079773456	33.964555892	28.240393215	174.215237527	 0.560280859	         0.067838349	         0.046531228	         0.114369576
 19129	    -1872000	 0.079487672	34.188173790	34.673135082	174.779388059	 0.571891759	         0.067952162	         0.046609033	         0.114561195
 19130	    -1871000	 0.079211531	34.387193655	41.059410973	175.306919296	 0.582237135	         0.067723556	         0.046387043	         0.114110600
 19131	    -1870000	 0.079169390	34.563375073	47.521465560	175.789685994	 0.591399294	         0.067155349	         0.045872586	         0.113027935
 19132	    -1869000	 0.078861809	34.715642319	53.946741057	176.206853493	 0.599317278	         0.066390551	         0.045204809	         0.111595361
 19133	    -1868000	 0.078614236	34.844050197	60.296648934	176.570824356	 0.605991934	         0.065625433	         0.044540041	         0.110165474
 19134	    -1867000	 0.078332321	34.950170561	66.564735886	176.877882305	 0.611504944	         0.065029667	         0.044025909	         0.109055576
 19135	    -1866000	 0.077932794	35.032121974	72.997904604	177.124441454	 0.615759741	         0.064488938	         0.043576524	         0.108065462
 19136	    -1865000	 0.077362775	35.091461248	79.256555377	177.302260178	 0.618838833	         0.064289723	         0.043413372	         0.107703095
 19137	    -1864000	 0.076792688	35.128459297	85.611553193	177.423140729	 0.620757829	         0.064360923	         0.043479068	         0.107839990
 19138	    -1863000	 0.076132012	35.141325559	92.055151652	177.466578399	 0.621425012	         0.064498752	         0.043607800	         0.108106552
 19139	    -1862000	 0.075201602	35.132452447	98.516542777	177.449400460	 0.620964903	         0.065163180	         0.044182335	         0.109345516
 19140	    -1861000	 0.074389740	35.100242386	105.011573581	177.368229489	 0.619294348	         0.065948943	         0.044873283	         0.110822227
 19141	    -1860000	 0.073467100	35.044208867	111.639801649	177.214556806	 0.616387050	         0.066875406	         0.045698902	         0.112574308
 19142	    -1859000	 0.072432067	34.966500956	118.394658865	176.997739936	 0.612352994	         0.068185161	         0.046875167	         0.115060328
 19143	    -1858000	 0.071430050	34.864192863	125.163414143	176.724938585	 0.607038611	         0.069429842	         0.048011310	         0.117441152
 19144	    -1857000	 0.070399701	34.738300536	131.973748090	176.400431434	 0.600495287	         0.070758703	         0.049241471	         0.120000175
 19145	    -1856000	 0.069429342	34.590361811	138.988742614	176.015377372	 0.592802749	         0.071906651	         0.050352624	         0.122259275
 19146	    -1855000	 0.068313297	34.417745168	146.071320729	175.578797377	 0.583825808	         0.072932992	         0.051376756	         0.124309748
 19147	    -1854000	 0.067258678	34.222843890	153.081336127	175.096000345	 0.573693368	         0.073211091	         0.051754006	         0.124965097
 19148	    -1853000	 0.066314420	34.005996139	160.257179257	174.574158450	 0.562431137	         0.073045829	         0.051735149	         0.124780978
 19149	    -1852000	 0.065240569	33.766094465	167.583608125	174.007339444	 0.549994507	         0.072032347	         0.050953857	         0.122986204
 19150	    -1851000	 0.064196515	33.506649646	174.837245959	173.398683573	 0.536583597	         0.069600807	         0.048823019	         0.118423826
 19151	    -1850000	 0.063233272	33.226658264	-177.864373371	172.731192437	 0.522170377	         0.064624775	         0.044234596	         0.108859370
 19152	    -1849000	 0.062161617	32.927115903	-170.362264925	171.978686468	 0.506836728	         0.056023179	         0.036095328	         0.092118507
 19153	    -1848000	 0.061100680	32.611349954	-162.992821861	171.292099479	 0.490788769	         0.050144442	         0.030727998	         0.080872440
 19154	    -1847000	 0.060012191	32.278006940	-155.531196346	170.627671125	 0.473999382	         0.045158740	         0.026300158	         0.071458898
 19155	    -1846000	 0.058976840	31.929379379	-147.911564985	169.973164151	 0.456631777	         0.040577913	         0.022317459	         0.062895372
 19156	    -1845000	 0.057634401	31.567173289	-140.296265456	169.324818507	 0.438821702	         0.036062535	         0.018493509	         0.054556044
 19157	    -1844000	 0.056394024	31.190965001	-132.625871488	168.698255660	 0.420603436	         0.031814674	         0.014926952	         0.046741627
 19158	    -1843000	 0.055110129	30.803248978	-124.844132555	168.084196980	 0.402155355	         0.027794534	         0.011566836	         0.039361370
 19159	    -1842000	 0.053746902	30.403614410	-116.744579746	167.470873922	 0.383516921	         0.024010072	         0.008894784	         0.032904856
 19160	    -1841000	 0.052335098	29.992799279	-108.564887485	166.864558512	 0.364784300	         0.020426847	         0.006780359	         0.027207206
 19161	    -1840000	 0.050870577	29.573108524	-100.221732270	166.284745986	 0.346121855	         0.017167488	         0.005104365	         0.022271853
 19162	    -1839000	 0.049676766	29.142692087	-91.618672885	165.683825551	 0.327507230	         0.014198967	         0.003763882	         0.017962849
 19163	    -1838000	 0.048383341	28.703078050	-82.649199062	165.105862408	 0.309067663	         0.011582439	         0.002717875	         0.014300314
 19164	    -1837000	 0.047327078	28.256161652	-73.631444720	164.517863451	 0.290936925	         0.009268831	         0.001892557	         0.011161388
 19165	    -1836000	 0.046460359	27.800255363	-64.482243774	163.931424160	 0.273141718	         0.007296941	         0.001269155	         0.008566096
 19166	    -1835000	 0.045742232	27.337173613	-54.969082560	163.348883464	 0.256113937	         0.005673199	         0.000817763	         0.006490962
 19167	    -1834000	 0.045181868	26.868208960	-45.783908557	162.745575412	 0.239951381	         0.004332821	         0.000492166	         0.004824987
 19168	    -1833000	 0.044894489	26.393702665	-36.472958115	162.139515899	 0.224635693	         0.003256142	         0.000269641	         0.003525782
 19169	    -1832000	 0.044714083	25.915216356	-27.076302393	161.523988714	 0.210181271	         0.002401391	         0.000126985	         0.002528375
 19170	    -1831000	 0.044492999	25.433177796	-17.767350619	160.899095584	 0.196559855	         0.001741690	         0.000044785	         0.001786475
 19171	    -1830000	 0.044430747	24.950375787	-8.704129682	160.259890013	 0.183801710	         0.001240098	         0.000006205	         0.001246303
 19172	    -1829000	 0.044478660	24.468090300	 0.439561795	159.608120843	 0.171884000	         0.000863809	         0.000000000	         0.000863809
 19173	    -1828000	 0.044652962	23.986276452	 9.717359297	158.820734606	 0.160749573	         0.000567611	         0.000000000	         0.000567611
 19174	    -1827000	 0.044782518	23.508706101	18.849366376	158.197127599	 0.150425121	         0.000379648	         0.000000000	         0.000379648
 19175	    -1826000	 0.045036598	23.036373416	27.965802751	157.552897772	 0.140866296	         0.000245984	         0.000000000	         0.000245984
 19176	    -1825000	 0.045512224	22.569591919	37.031451096	156.890160368	 0.132016717	         0.000152550	         0.000000000	         0.000152550
 19177	    -1824000	 0.046117026	22.111344705	46.131521303	156.216259354	 0.123869946	         0.000090354	         0.000000000	         0.000090354
 19178	    -1823000	 0.046870631	21.661867246	54.991677066	155.515899259	 0.116367679	         0.000048482	         0.000000000	         0.000048482
 19179	    -1822000	 0.047888062	21.222690942	63.675678718	154.806906698	 0.109476435	         0.000022418	         0.000000000	         0.000022418
 19180	    -1821000	 0.048962127	20.795314198	72.354295227	154.072823410	 0.103162349	         0.000007315	         0.000000000	         0.000007315
 19181	    -1820000	 0.050119890	20.379682162	80.602451678	153.304324987	 0.097371260	         0.000000360	         0.000000000	         0.000000360
 19182	    -1819000	 0.051486936	19.977894261	88.487910665	152.505746490	 0.092082285	         0.000000000	         0.000000000	         0.000000000
 19183	    -1818000	 0.053057036	19.589895171	96.365954815	151.649982494	 0.087247657	         0.000000000	         0.000000000	         0.000000000
 19184	    -1817000	 0.054442751	19.216769264	103.914399562	150.726001628	 0.082837943	         0.000000000	         0.000000000	         0.000000000
 19185	    -1816000	 0.055946178	18.860477174	111.134356055	149.679096016	 0.078835358	         0.000000000	         0.000000000	         0.000000000
 19186	    -1815000	 0.057518826	18.520315354	118.103769015	148.312540395	 0.075194577	         0.000000000	         0.000000000	         0.000000000
 19187	    -1814000	 0.059106540	18.198817534	124.984567974	146.374644360	 0.071908244	         0.000000000	         0.000000000	         0.000000000
 19188	    -1813000	 0.060641847	17.897546500	131.542770997	146.375564307	 0.068959146	         0.000000000	         0.000000000	         0.000000000
 19189	    -1812000	 0.062092134	17.615896125	137.963372950	146.375993890	 0.066311600	         0.000000000	         0.000000000	         0.000000000
 19190	    -1811000	 0.063646389	17.356833485	144.210627158	146.376061049	 0.063966220	         0.000000000	         0.000000000	         0.000000000
 19191	    -1810000	 0.064973703	17.121593844	150.270042308	146.375604346	 0.061908459	         0.000000000	         0.000000000	         0.000000000
 19192	    -1809000	 0.066289551	16.911036521	156.227984404	146.374757197	 0.060122813	         0.000000000	         0.000000000	         0.000000000
 19193	    -1808000	 0.067612153	16.726924257	162.025062192	146.373569084	 0.058603695	         0.000000000	         0.000000000	         0.000000000
 19194	    -1807000	 0.068815886	16.569676246	167.906380183	146.371913340	 0.057336664	         0.000000000	         0.000000000	         0.000000000
 19195	    -1806000	 0.069875203	16.441918696	173.534809551	146.369940339	 0.056327450	         0.000000000	         0.000000000	         0.000000000
 19196	    -1805000	 0.070956609	16.343665568	179.146208434	146.367660351	 0.055563405	         0.000000000	         0.000000000	         0.000000000
 19197	    -1804000	 0.072216937	16.274627561	-175.255105464	146.365138254	 0.055032753	         0.000000000	         0.000000000	         0.000000000
 19198	    -1803000	 0.073106851	16.237229012	-169.677042138	146.362202488	 0.054747413	         0.000000000	         0.000000000	         0.000000000
 19199	    -1802000	 0.074202858	16.230353485	-164.259052663	146.359159395	 0.054695116	         0.000000000	         0.000000000	         0.000000000
 19200	    -1801000	 0.075290441	16.253844037	-158.869434382	146.355878812	 0.054873997	         0.000000000	         0.000000000	         0.000000000
 19201	    -1800000	 0.076319773	16.308025386	-153.477100489	146.352348434	 0.055288825	         0.000000000	         0.000000000	         0.000000000
 19202	    -1799000	 0.077286752	16.391064648	-148.281270486	146.348738086	 0.055930691	         0.000000000	         0.000000000	         0.000000000
 19203	    -1798000	 0.078224271	16.503483407	-143.089142717	146.344944325	 0.056811540	         0.000000000	         0.000000000	         0.000000000
 19204	    -1797000	 0.079120933	16.643599152	-137.923004308	146.341005744	 0.057928852	         0.000000000	         0.000000000	         0.000000000
 19205	    -1796000	 0.079799881	16.809510695	-132.853360016	146.337007013	 0.059280313	         0.000000000	         0.000000000	         0.000000000
 19206	    -1795000	 0.080379427	17.001451839	-127.807230158	146.332938609	 0.060883188	         0.000000000	         0.000000000	         0.000000000
 19207	    -1794000	 0.080927400	17.217010879	-122.751773493	146.328804997	 0.062735018	         0.000000000	         0.000000000	         0.000000000
 19208	    -1793000	 0.081255923	17.455193125	-117.593140557	146.324590536	 0.064846771	         0.000000000	         0.000000000	         0.000000000
 19209	    -1792000	 0.081409003	17.714726240	-112.504424367	146.320488542	 0.067228834	         0.000000000	         0.000000000	         0.000000000
 19210	    -1791000	 0.081532214	17.993666318	-107.348740131	146.316410828	 0.069886668	         0.000000000	         0.000000000	         0.000000000
 19211	    -1790000	 0.081604761	18.292208438	-102.040295597	146.312342534	 0.072847794	         0.000000000	         0.000000000	         0.000000000
 19212	    -1789000	 0.081451568	18.607675915	-96.726823963	148.158406820	 0.076113240	         0.000000000	         0.000000000	         0.000000000
 19213	    -1788000	 0.081318312	18.939007467	-91.409580925	149.193884072	 0.079700616	         0.000000000	         0.000000000	         0.000000000
 19214	    -1787000	 0.081297464	19.286695098	-85.925168175	150.077555433	 0.083647028	         0.000000000	         0.000000000	         0.000000000
 19215	    -1786000	 0.080969918	19.647921111	-80.411752978	150.853201937	 0.087954208	         0.000000006	         0.000000000	         0.000000006
 19216	    -1785000	 0.080704981	20.022885224	-74.899127012	151.591253241	 0.092659949	         0.000005647	         0.000000000	         0.000005647
 19217	    -1784000	 0.080501751	20.410692952	-69.364986066	152.320446398	 0.097791885	         0.000019813	         0.000000000	         0.000019813
 19218	    -1783000	 0.080170612	20.809176812	-63.697943851	153.020642649	 0.103361325	         0.000043341	         0.000000000	         0.000043341
 19219	    -1782000	 0.079814438	21.219599393	-58.103220827	153.715882993	 0.109429400	         0.000079533	         0.000000000	         0.000079533
 19220	    -1781000	 0.079360698	21.639442913	-52.428594206	154.426357314	 0.116005528	         0.000133261	         0.000000000	         0.000133261
 19221	    -1780000	 0.078993980	22.067487279	-46.754911672	155.124412827	 0.123117109	         0.000206236	         0.000000000	         0.000206236
 19222	    -1779000	 0.078402947	22.504775035	-41.036207174	155.836452487	 0.130832648	         0.000303609	         0.000000000	         0.000303609
 19223	    -1778000	 0.077891412	22.948107616	-35.299228655	156.549185004	 0.139148574	         0.000428052	         0.000000000	         0.000428052
 19224	    -1777000	 0.077382371	23.397117513	-29.617790130	157.424484071	 0.148109907	         0.000613472	         0.000000000	         0.000613472
 19225	    -1776000	 0.076756883	23.851476563	-23.739800736	158.181248311	 0.157765621	         0.000811598	         0.000000000	         0.000811598
 19226	    -1775000	 0.076027314	24.308361917	-18.066684364	158.933311467	 0.168109842	         0.001042332	         0.000000000	         0.001042332
 19227	    -1774000	 0.075308600	24.768004241	-12.339621209	163.413671122	 0.179200962	         0.002617903	         0.000160658	         0.002778560
 19228	    -1773000	 0.074649473	25.228629021	-6.520326222	160.472437308	 0.191049912	         0.001618732	         0.000027000	         0.001645732
 19229	    -1772000	 0.073641655	25.688531515	-0.726257907	161.251654629	 0.203661878	         0.001974566	         0.000074373	         0.002048939
 19230	    -1771000	 0.072690426	26.147552148	 5.028438132	162.031257428	 0.217079800	         0.002361358	         0.000141247	         0.002502604
 19231	    -1770000	 0.071734912	26.603415970	10.883940568	162.820009537	 0.231280232	         0.002802897	         0.000233373	         0.003036271
 19232	    -1769000	 0.070628072	27.056016201	16.820538711	163.604034597	 0.246297839	         0.003274103	         0.000346074	         0.003620177
 19233	    -1768000	 0.069458337	27.504053636	22.714994959	164.385360678	 0.262124278	         0.003813607	         0.000488183	         0.004301790
 19234	    -1767000	 0.068311416	27.945620731	28.751985506	165.157256887	 0.278716897	         0.004403021	         0.000657394	         0.005060415
 19235	    -1766000	 0.067128228	28.381718186	34.897815442	165.922481755	 0.295966804	         0.005072958	         0.000863763	         0.005936720
 19236	    -1765000	 0.065936061	28.810277544	41.009609863	166.673218444	 0.313509568	         0.005837843	         0.001113596	         0.006951438
 19237	    -1764000	 0.064790270	29.230374051	47.234400482	167.404383905	 0.331255013	         0.006691240	         0.001409078	         0.008100318
 19238	    -1763000	 0.063767745	29.642581870	53.514650416	168.118403023	 0.349176892	         0.007675906	         0.001771672	         0.009447578
 19239	    -1762000	 0.062656275	30.044824075	59.895722929	168.808541991	 0.367131666	         0.008838619	         0.002229292	         0.011067911
 19240	    -1761000	 0.061537607	30.437760448	66.142381796	169.456586228	 0.385093812	         0.010171202	         0.002783996	         0.012955197
 19241	    -1760000	 0.060639989	30.820173286	72.395021949	170.089568092	 0.402953322	         0.011764812	         0.003498713	         0.015263526
 19242	    -1759000	 0.059631520	31.190348929	78.826820257	170.697178889	 0.420573851	         0.013591042	         0.004377531	         0.017968573
 19243	    -1758000	 0.058523800	31.549898704	85.143299851	171.266430496	 0.437978697	         0.015906828	         0.005614482	         0.021521311
 19244	    -1757000	 0.057475232	31.896239423	91.369028863	171.800083858	 0.454991941	         0.018611608	         0.007239478	         0.025851086
 19245	    -1756000	 0.056454471	32.228359531	97.789585990	172.310991059	 0.471513554	         0.021909038	         0.009614587	         0.031523625
 19246	    -1755000	 0.055239468	32.547277771	104.143238212	172.787079416	 0.487548854	         0.026087357	         0.012673784	         0.038761141
 19247	    -1754000	 0.054085252	32.850169158	110.608261450	173.232338077	 0.502914353	         0.031241817	         0.016556797	         0.047798614
 19248	    -1753000	 0.052925384	33.137141954	117.104981670	173.711749405	 0.517577890	         0.039290753	         0.023038113	         0.062328865
 19249	    -1752000	 0.051617794	33.407655071	123.846371173	174.084930097	 0.531479752	         0.047460303	         0.029745978	         0.077206281
 19250	    -1751000	 0.050400081	33.659099534	130.446680572	174.366336867	 0.544458258	         0.054910222	         0.035945242	         0.090855465
 19251	    -1750000	 0.049157780	33.892912444	137.270636234	174.594970334	 0.556565212	         0.062673453	         0.042541381	         0.105214835
 19252	    -1749000	 0.047975771	34.107486645	144.311067588	174.757054972	 0.567700223	         0.070647108	         0.049477797	         0.120124905
 19253	    -1748000	 0.046664540	34.300887828	151.359189071	174.874964819	 0.577749895	         0.078844367	         0.056779754	         0.135624121
 19254	    -1747000	 0.045413509	34.474434724	158.574896202	174.953025298	 0.586773860	         0.087309229	         0.064511004	         0.151820234
 19255	    -1746000	 0.044301156	34.626361903	165.875999840	174.989738147	 0.594674888	         0.095708442	         0.072357395	         0.168065838
 19256	    -1745000	 0.043122615	34.756463673	173.597491175	174.990423740	 0.601439532	         0.104388597	         0.080665669	         0.185054266
 19257	    -1744000	 0.041913491	34.864477268	-178.791317780	174.975232109	 0.607053388	         0.112884554	         0.088949791	         0.201834345
 19258	    -1743000	 0.040875116	34.949125259	-170.956082777	174.911560058	 0.611450657	         0.120661651	         0.096729676	         0.217391327
 19259	    -1742000	 0.039966651	35.011967912	-162.784388118	174.838213392	 0.614713613	         0.128311429	         0.104485240	         0.232796669
 19260	    -1741000	 0.038901371	35.051428342	-154.590218076	174.744637823	 0.616761710	         0.134888370	         0.111298447	         0.246186817
 19261	    -1740000	 0.038104122	35.066861452	-146.267030941	174.640245589	 0.617562548	         0.140586519	         0.117279603	         0.257866121
 19262	    -1739000	 0.037353816	35.060295750	-137.642098876	174.510862486	 0.617221861	         0.144983203	         0.121998720	         0.266981923
 19263	    -1738000	 0.036616507	35.030081382	-129.031988836	174.380516117	 0.615653829	         0.147886111	         0.125159617	         0.273045728
 19264	    -1737000	 0.035982573	34.976543514	-120.378858030	174.237596196	 0.612874465	         0.149387231	         0.126882252	         0.276269483
 19265	    -1736000	 0.035467581	34.900505398	-111.585482853	174.079723701	 0.608925238	         0.149067000	         0.126651118	         0.275718118
 19266	    -1735000	 0.034897385	34.800603374	-102.491259803	173.907945199	 0.603733953	         0.147203210	         0.124839252	         0.272042462
 19267	    -1734000	 0.034309095	34.678550807	-93.439344986	173.718068718	 0.597388713	         0.142634816	         0.120188324	         0.262823140
 19268	    -1733000	 0.033807487	34.533392953	-84.263650318	173.527730745	 0.589840039	         0.136567509	         0.113973098	         0.250540607
 19269	    -1732000	 0.033476897	34.364472557	-74.747822881	173.312152125	 0.581055709	         0.128575748	         0.105800252	         0.234376000
 19270	    -1731000	 0.033133878	34.173744490	-64.874048229	173.075996063	 0.571142044	         0.118592255	         0.095713990	         0.214306245
 19271	    -1730000	 0.032869058	33.959518388	-54.959006896	172.832512023	 0.560019521	         0.107871648	         0.085042317	         0.192913965
 19272	    -1729000	 0.032871154	33.722309610	-44.953807530	172.566312792	 0.547728068	         0.096492073	         0.073904137	         0.170396210
 19273	    -1728000	 0.033128386	33.462751045	-34.644175568	172.248645954	 0.534319332	         0.083455835	         0.061347490	         0.144803325
 19274	    -1727000	 0.033501472	33.180243448	-24.424048795	171.885220551	 0.519788122	         0.069425105	         0.048110978	         0.117536083
 19275	    -1726000	 0.034119943	32.876615723	-14.454028455	171.439680335	 0.504261656	         0.053921877	         0.033882571	         0.087804448
 19276	    -1725000	 0.035116170	32.550907119	-4.479127076	171.043999898	 0.487732222	         0.043433460	         0.024950934	         0.068384394
 19277	    -1724000	 0.035959535	32.203774584	 5.111533877	170.648848297	 0.470284087	         0.034995682	         0.018166147	         0.053161829
 19278	    -1723000	 0.037080320	31.838328580	14.295274707	170.255891712	 0.452131240	         0.028200392	         0.012984572	         0.041184963
 19279	    -1722000	 0.038301886	31.453057859	23.309986761	169.849270869	 0.433264105	         0.022616558	         0.008909540	         0.031526098
 19280	    -1721000	 0.039506439	31.049508546	32.284703362	169.410658061	 0.413832748	         0.017942710	         0.006172642	         0.024115353
 19281	    -1720000	 0.040640178	30.630707140	40.862441615	168.962667812	 0.394059676	         0.014242912	         0.004353821	         0.018596733
 19282	    -1719000	 0.041810224	30.195892286	49.402488523	168.503604537	 0.373989211	         0.011271075	         0.003076788	         0.014347862
 19283	    -1718000	 0.043122075	29.747307596	57.697942711	168.007427484	 0.353808052	         0.008863455	         0.002155248	         0.011018703
 19284	    -1717000	 0.044276903	29.285967942	66.186379195	167.485518639	 0.333643106	         0.006942276	         0.001492706	         0.008434982
 19285	    -1716000	 0.045508087	28.812868427	74.451396486	166.938114929	 0.313617363	         0.005451454	         0.001031575	         0.006483029
 19286	    -1715000	 0.046767752	28.330361536	82.565389549	166.348611578	 0.293903353	         0.004262142	         0.000695958	         0.004958100
 19287	    -1714000	 0.048186145	27.837466797	90.757693384	165.727921238	 0.274558173	         0.003312937	         0.000452255	         0.003765193
 19288	    -1713000	 0.049523506	27.336188585	98.704916302	165.067127563	 0.256078872	         0.002577335	         0.000282939	         0.002860274
 19289	    -1712000	 0.051031765	26.828634859	106.518292685	164.378089128	 0.238635080	         0.002000493	         0.000165560	         0.002166053
 19290	    -1711000	 0.052619056	26.313641468	114.231069805	163.648862720	 0.222149692	         0.001543898	         0.000086229	         0.001630126
 19291	    -1710000	 0.054089282	25.793441707	121.880000914	162.881029993	 0.206653541	         0.001186735	         0.000036449	         0.001223184
 19292	    -1709000	 0.055594477	25.269233432	129.138376925	162.067861141	 0.192131249	         0.000898529	         0.000008268	         0.000906798
 19293	    -1708000	 0.057302468	24.740797486	136.347866367	161.236689320	 0.178524550	         0.000674885	         0.000000000	         0.000674885
 19294	    -1707000	 0.058878639	24.211198199	143.498684037	160.344065262	 0.165854654	         0.000493864	         0.000000000	         0.000493864
 19295	    -1706000	 0.060332520	23.680647027	150.360977714	159.383398454	 0.154063556	         0.000351305	         0.000000000	         0.000351305
 19296	    -1705000	 0.061829233	23.150630730	157.077453327	158.469574019	 0.143121361	         0.000244606	         0.000000000	         0.000244606
 19297	    -1704000	 0.063304835	22.624542846	163.647134612	157.541853305	 0.133028945	         0.000164390	         0.000000000	         0.000164390
 19298	    -1703000	 0.064587330	22.102751397	170.116767193	156.603711938	 0.123722075	         0.000104355	         0.000000000	         0.000104355
 19299	    -1702000	 0.065811076	21.588242950	176.472751942	155.637478146	 0.115182871	         0.000061294	         0.000000000	         0.000061294
 19300	    -1701000	 0.066967450	21.083372198	-177.377945245	154.650531991	 0.107376786	         0.000030789	         0.000000000	         0.000030789
 19301	    -1700000	 0.067982626	20.589860466	-171.194472382	153.648492507	 0.100257902	         0.000011579	         0.000000000	         0.000011579
 19302	    -1699000	 0.068780579	20.111719302	-165.155536427	152.614782536	 0.093811201	         0.000001572	         0.000000000	         0.000001572
 19303	    -1698000	 0.069597348	19.649598681	-159.264400606	151.550758942	 0.087974720	         0.000000000	         0.000000000	         0.000000000
 19304	    -1697000	 0.070373611	19.206015841	-153.301740843	150.413859827	 0.082714216	         0.000000000	         0.000000000	         0.000000000
 19305	    -1696000	 0.070878875	18.785352994	-147.445597277	149.140734458	 0.078016422	         0.000000000	         0.000000000	         0.000000000
 19306	    -1695000	 0.071432477	18.387381613	-141.683698980	146.929853357	 0.073817905	         0.000000000	         0.000000000	         0.000000000
 19307	    -1694000	 0.072101577	18.014779342	-136.032688223	146.339394648	 0.070092066	         0.000000000	         0.000000000	         0.000000000
 19308	    -1693000	 0.072565762	17.670400130	-130.342603666	146.335262674	 0.066815888	         0.000000000	         0.000000000	         0.000000000
 19309	    -1692000	 0.073092614	17.354706060	-124.923366424	146.331258013	 0.063947307	         0.000000000	         0.000000000	         0.000000000
 19310	    -1691000	 0.073579385	17.070540838	-119.620539620	146.327304494	 0.061470689	         0.000000000	         0.000000000	         0.000000000
 19311	    -1690000	 0.074154837	16.818095875	-114.347199835	146.323349290	 0.059351097	         0.000000000	         0.000000000	         0.000000000
 19312	    -1689000	 0.074450529	16.598816042	-109.344302910	146.319672400	 0.057569373	         0.000000000	         0.000000000	         0.000000000
 19313	    -1688000	 0.074798418	16.415048183	-104.409157126	146.316095355	 0.056117459	         0.000000000	         0.000000000	         0.000000000
 19314	    -1687000	 0.075057816	16.265583116	-99.659949539	146.312762768	 0.054963610	         0.000000000	         0.000000000	         0.000000000
 19315	    -1686000	 0.075100896	16.152069527	-94.919340216	146.309634269	 0.054103179	         0.000000000	         0.000000000	         0.000000000
 19316	    -1685000	 0.075000913	16.075238390	-90.291841797	146.306795337	 0.053528457	         0.000000000	         0.000000000	         0.000000000
 19317	    -1684000	 0.074747879	16.033895798	-85.732010203	146.304253200	 0.053221731	         0.000000000	         0.000000000	         0.000000000
 19318	    -1683000	 0.074485800	16.029250826	-81.080575490	146.301884499	 0.053187380	         0.000000000	         0.000000000	         0.000000000
 19319	    -1682000	 0.073820337	16.059646358	-76.435508955	146.299977802	 0.053412571	         0.000000000	         0.000000000	         0.000000000
 19320	    -1681000	 0.073270725	16.124539725	-71.755267182	146.298280617	 0.053896541	         0.000000000	         0.000000000	         0.000000000
 19321	    -1680000	 0.072675637	16.224372380	-66.963940662	146.296872188	 0.054649663	         0.000000000	         0.000000000	         0.000000000
 19322	    -1679000	 0.071814085	16.355757271	-62.033175958	146.295917457	 0.055656871	         0.000000000	         0.000000000	         0.000000000
 19323	    -1678000	 0.071021763	16.518652882	-57.166268025	146.295297614	 0.056931457	         0.000000000	         0.000000000	         0.000000000
 19324	    -1677000	 0.070278587	16.711661573	-52.146917208	146.294985251	 0.058479498	         0.000000000	         0.000000000	         0.000000000
 19325	    -1676000	 0.069412507	16.931407478	-46.975580455	146.295125246	 0.060293296	         0.000000000	         0.000000000	         0.000000000
 19326	    -1675000	 0.068453049	17.178147117	-41.810328400	146.295725347	 0.062397033	         0.000000000	         0.000000000	         0.000000000
 19327	    -1674000	 0.067536480	17.448573162	-36.631178642	146.296686263	 0.064787128	         0.000000000	         0.000000000	         0.000000000
 19328	    -1673000	 0.066635540	17.739841359	-31.326152683	146.298033822	 0.067463940	         0.000000000	         0.000000000	         0.000000000
 19329	    -1672000	 0.065567078	18.052020290	-25.933985661	146.299880333	 0.070455838	         0.000000000	         0.000000000	         0.000000000
 19330	    -1671000	 0.064494318	18.381013144	-20.511955975	146.302089707	 0.073752589	         0.000000000	         0.000000000	         0.000000000
 19331	    -1670000	 0.063394517	18.724993364	-15.056308536	148.219884275	 0.077364603	         0.000000000	         0.000000000	         0.000000000
 19332	    -1669000	 0.062222424	19.083127666	-9.455157798	149.414276344	 0.081313335	         0.000000000	         0.000000000	         0.000000000
 19333	    -1668000	 0.060996266	19.451690891	-3.842762510	150.427790133	 0.085587591	         0.000000000	         0.000000000	         0.000000000
 19334	    -1667000	 0.059772477	19.830088397	 1.761941310	151.352585637	 0.090209755	         0.000000000	         0.000000000	         0.000000000
 19335	    -1666000	 0.058600487	20.216150313	 7.605212544	152.221174245	 0.095182888	         0.000001808	         0.000000000	         0.000001808
 19336	    -1665000	 0.057115366	20.607750770	13.375398661	153.075633387	 0.100507529	         0.000009609	         0.000000000	         0.000009609
 19337	    -1664000	 0.055697237	21.004571479	19.158041655	153.906074748	 0.106207074	         0.000022989	         0.000000000	         0.000022989
 19338	    -1663000	 0.054439051	21.404119716	25.034024144	154.722080686	 0.112272384	         0.000042653	         0.000000000	         0.000042653
 19339	    -1662000	 0.052875893	21.805919327	31.121360320	155.515440893	 0.118721221	         0.000069373	         0.000000000	         0.000069373
 19340	    -1661000	 0.051343352	22.208981097	37.109058568	156.303542611	 0.125562501	         0.000105327	         0.000000000	         0.000105327
 19341	    -1660000	 0.049774394	22.611375742	43.213396912	157.060900558	 0.132785694	         0.000149877	         0.000000000	         0.000149877
 19342	    -1659000	 0.048245517	23.013890946	49.458964668	157.802814633	 0.140426767	         0.000207651	         0.000000000	         0.000207651
 19343	    -1658000	 0.046572449	23.414960657	55.784235230	158.521951584	 0.148477705	         0.000278929	         0.000000000	         0.000278929
 19344	    -1657000	 0.045019857	23.813171496	62.285445734	159.209056639	 0.156927846	         0.000365455	         0.000000000	         0.000365455
 19345	    -1656000	 0.043502478	24.209699800	68.846670060	159.901070888	 0.165820114	         0.000477851	         0.000000000	         0.000477851
 19346	    -1655000	 0.041928584	24.602880222	75.624274585	160.619229758	 0.175134742	         0.000619034	         0.000000000	         0.000619034
 19347	    -1654000	 0.040488310	24.992364730	82.310182960	161.282314671	 0.184877599	         0.000794027	         0.000001116	         0.000795143
 19348	    -1653000	 0.039122067	25.377933089	89.091770592	161.903684762	 0.195056250	         0.001003209	         0.000013170	         0.001016379
 19349	    -1652000	 0.037827719	25.758597529	96.123973539	162.484586392	 0.205655067	         0.001253213	         0.000037332	         0.001290545
 19350	    -1651000	 0.036368158	26.135335715	103.058976472	163.039756917	 0.216711493	         0.001568529	         0.000077308	         0.001645837
 19351	    -1650000	 0.035089695	26.506040671	109.890238439	163.558059223	 0.228170905	         0.001931559	         0.000132610	         0.002064169
 19352	    -1649000	 0.033892765	26.870368921	116.951380475	164.060455890	 0.240023434	         0.002383497	         0.000214184	         0.002597681
 19353	    -1648000	 0.032569733	27.229716914	124.304982379	164.540242568	 0.252316923	         0.002938890	         0.000326871	         0.003265761
 19354	    -1647000	 0.031241774	27.581823256	131.345348547	164.973274977	 0.264973206	         0.003566990	         0.000466448	         0.004033438
 19355	    -1646000	 0.030069155	27.926572395	138.767365871	165.409228101	 0.277979909	         0.004358194	         0.000662551	         0.005020745
 19356	    -1645000	 0.028808734	28.264551542	146.427263392	165.804070204	 0.291271462	         0.005253255	         0.000898830	         0.006152086
 19357	    -1644000	 0.027641708	28.594329039	154.178268910	166.181420097	 0.304598027	         0.006311281	         0.001202132	         0.007513413
 19358	    -1643000	 0.026585988	28.916471934	162.202203432	166.552573740	 0.317944737	         0.007574704	         0.001596246	         0.009170950
 19359	    -1642000	 0.025619285	29.230044433	170.574254803	166.895249457	 0.331240881	         0.008993669	         0.002071548	         0.011065217
 19360	    -1641000	 0.024657604	29.534351596	179.052219535	167.219399321	 0.344423559	         0.010626024	         0.002666333	         0.013292357
 19361	    -1640000	 0.023840460	29.830512175	-172.295128957	167.546954171	 0.357509508	         0.012506843	         0.003409215	         0.015916058
 19362	    -1639000	 0.023251802	30.116969807	-163.551934516	167.856335079	 0.370399002	         0.014589935	         0.004300342	         0.018890278
 19363	    -1638000	 0.022648801	30.393821129	-154.290120196	168.154885074	 0.383065211	         0.016919313	         0.005393720	         0.022313034
 19364	    -1637000	 0.022111753	30.661218510	-145.028750507	168.465608575	 0.395485983	         0.019514388	         0.006724700	         0.026239089
 19365	    -1636000	 0.021753014	30.918288562	-135.971538477	168.759322675	 0.407592769	         0.022311058	         0.008328752	         0.030639810
 19366	    -1635000	 0.021621314	31.165852880	-126.418246957	169.047865546	 0.419398197	         0.025404616	         0.010378999	         0.035783615
 19367	    -1634000	 0.021424777	31.402665799	-116.731586529	169.332076781	 0.430818497	         0.028637047	         0.012855112	         0.041492159
 19368	    -1633000	 0.021408266	31.628347319	-107.193817280	169.608488308	 0.441811835	         0.032135120	         0.015562955	         0.047698075
 19369	    -1632000	 0.021633934	31.844147047	-97.827323698	169.869696860	 0.452418381	         0.035748959	         0.018415296	         0.054164255
 19370	    -1631000	 0.021917316	32.048462564	-87.923612650	170.129213783	 0.462540576	         0.039472513	         0.021433635	         0.060906148
 19371	    -1630000	 0.022307651	32.240916954	-78.808001209	170.387413409	 0.472141921	         0.043213029	         0.024526696	         0.067739726
 19372	    -1629000	 0.022891774	32.422136863	-69.654882726	170.637051714	 0.481238124	         0.046842557	         0.027581828	         0.074424385
 19373	    -1628000	 0.023568136	32.591059934	-60.609478032	170.885082306	 0.489762141	         0.050486636	         0.030726857	         0.081213493
 19374	    -1627000	 0.024216511	32.747823235	-51.892290307	171.136307456	 0.497708721	         0.054185734	         0.034015923	         0.088201657
 19375	    -1626000	 0.025012828	32.891336836	-43.417069669	171.374596751	 0.505011986	         0.057623738	         0.037119925	         0.094743663
 19376	    -1625000	 0.025875187	33.021390213	-35.047618875	171.626588160	 0.511651976	         0.061416387	         0.040628507	         0.102044894
 19377	    -1624000	 0.026763640	33.138722957	-26.603635450	171.895815480	 0.517658929	         0.065857606	         0.044857391	         0.110714997
 19378	    -1623000	 0.027612047	33.241279410	-18.461037714	172.133141969	 0.522921255	         0.068489925	         0.047353750	         0.115843675
 19379	    -1622000	 0.028581651	33.329518036	-10.496855375	172.346433505	 0.527457161	         0.069773092	         0.048552890	         0.118325981
 19380	    -1621000	 0.029765032	33.403535434	-2.491780785	172.545493612	 0.531267534	         0.070096120	         0.048865458	         0.118961578
 19381	    -1620000	 0.030780555	33.461805907	 5.629476891	172.738554969	 0.534270599	         0.069382053	         0.048215592	         0.117597645
 19382	    -1619000	 0.031956198	33.505220252	13.293631424	172.921595517	 0.536509846	         0.068267541	         0.047213225	         0.115480767
 19383	    -1618000	 0.033244525	33.532685106	20.883469907	173.078074176	 0.537927212	         0.066398080	         0.045545221	         0.111943301
 19384	    -1617000	 0.034596063	33.543695661	28.527478409	173.223074660	 0.538495592	         0.064104622	         0.043525131	         0.107629752
 19385	    -1616000	 0.035891365	33.539452263	35.808374441	173.353173587	 0.538276531	         0.061713125	         0.041459750	         0.103172875
 19386	    -1615000	 0.037349172	33.518067004	42.891961548	173.449860257	 0.537172749	         0.058767518	         0.038929938	         0.097697456
 19387	    -1614000	 0.038694209	33.479731911	50.144902678	173.522776570	 0.535195012	         0.055576923	         0.036235003	         0.091811927
 19388	    -1613000	 0.039996543	33.425188038	57.118206015	173.558438850	 0.532383103	         0.052317495	         0.033515129	         0.085832624
 19389	    -1612000	 0.041328739	33.353125729	63.928938055	173.558367378	 0.528671941	         0.048894106	         0.030691937	         0.079586042
 19390	    -1611000	 0.042698908	33.264507726	70.842939572	173.531004354	 0.524114589	         0.045365972	         0.027806332	         0.073172304
 19391	    -1610000	 0.043905839	33.158743935	77.767916866	173.439400852	 0.518685393	         0.041599112	         0.024745420	         0.066344532
 19392	    -1609000	 0.045124725	33.035753057	84.596843073	173.272798024	 0.512386482	         0.036958842	         0.020930641	         0.057889482
 19393	    -1608000	 0.046302137	32.896468122	91.290875646	173.096666696	 0.505273588	         0.033434442	         0.018137683	         0.051572125
 19394	    -1607000	 0.047565853	32.739521203	98.179111135	172.878055500	 0.497287047	         0.030353553	         0.015751059	         0.046104612
 19395	    -1606000	 0.048689254	32.565858310	105.044522638	172.628251320	 0.488487808	         0.027756036	         0.013773474	         0.041529510
 19396	    -1605000	 0.049769652	32.375922374	111.767279654	172.340102949	 0.478913530	         0.025449877	         0.012030556	         0.037480433
 19397	    -1604000	 0.051028250	32.168447478	118.512555414	172.020377267	 0.468519169	         0.023360809	         0.010446121	         0.033806929
 19398	    -1603000	 0.052028124	31.944708897	125.326113842	171.642167905	 0.457390990	         0.021453287	         0.008978736	         0.030432023
 19399	    -1602000	 0.053102376	31.704298147	132.004162090	171.238601164	 0.445534562	         0.019734140	         0.007654572	         0.027388712
 19400	    -1601000	 0.054160080	31.446876838	138.668259845	170.799351201	 0.432963845	         0.018236254	         0.006667411	         0.024903665
 19401	    -1600000	 0.055141211	31.173701001	145.515464980	170.317345530	 0.419774712	         0.016860344	         0.005825610	         0.022685954
 19402	    -1599000	 0.055993718	30.883589885	152.151664308	169.812151302	 0.405949420	         0.015570670	         0.005086866	         0.020657537
 19403	    -1598000	 0.056959586	30.577598070	158.825179076	169.266685728	 0.391582494	         0.014302843	         0.004404865	         0.018707707
 19404	    -1597000	 0.057925778	30.256300538	165.513025583	168.695158502	 0.376748360	         0.013089107	         0.003787790	         0.016876896
 19405	    -1596000	 0.058662297	29.918893557	172.248474084	168.106759922	 0.361462358	         0.012010434	         0.003271021	         0.015281455
 19406	    -1595000	 0.059506615	29.567563284	178.826629696	167.500414159	 0.345878603	         0.010926320	         0.002785514	         0.013711834
 19407	    -1594000	 0.060258539	29.202174462	-174.644570440	166.865758700	 0.330047179	         0.009849267	         0.002331805	         0.012181072
 19408	    -1593000	 0.060989636	28.823083531	-168.030131640	166.221152663	 0.314042568	         0.008839210	         0.001932127	         0.010771337
 19409	    -1592000	 0.061582625	28.432712906	-161.550302693	165.573945720	 0.298023996	         0.007862188	         0.001572186	         0.009434374
 19410	    -1591000	 0.062063697	28.030577390	-155.147628534	164.915871079	 0.282026743	         0.006902259	         0.001241417	         0.008143676
 19411	    -1590000	 0.062551466	27.618287201	-148.738491892	164.249832128	 0.266319629	         0.006022725	         0.000963258	         0.006985984
 19412	    -1589000	 0.062739035	27.197790632	-142.258542066	163.571507845	 0.251199684	         0.005161836	         0.000710094	         0.005871930
 19413	    -1588000	 0.062863611	26.768631958	-135.966101545	162.899593239	 0.236653044	         0.004376730	         0.000501619	         0.004878349
 19414	    -1587000	 0.062975624	26.333230585	-129.544830862	162.210163348	 0.222755405	         0.003639198	         0.000326523	         0.003965721
 19415	    -1586000	 0.062869473	25.892321553	-123.013443761	161.530048093	 0.209513458	         0.002991614	         0.000194156	         0.003185770
 19416	    -1585000	 0.062664261	25.446520656	-116.624142073	160.846630322	 0.196924745	         0.002412410	         0.000097688	         0.002510098
 19417	    -1584000	 0.062508301	24.998032106	-110.206234316	160.153444211	 0.185023296	         0.001902765	         0.000034295	         0.001937060
 19418	    -1583000	 0.062256129	24.546364276	-103.637927441	159.455292826	 0.173764323	         0.001471686	         0.000002783	         0.001474469
 19419	    -1582000	 0.061915291	24.093735997	-97.202077308	158.749972557	 0.163168691	         0.001105560	         0.000000000	         0.001105560
 19420	    -1581000	 0.061605609	23.641621392	-90.810180301	158.039840740	 0.153230091	         0.000813934	         0.000000000	         0.000813934
 19421	    -1580000	 0.061349126	23.189545483	-84.452759017	157.315668765	 0.143897624	         0.000579483	         0.000000000	         0.000579483
 19422	    -1579000	 0.060892057	22.740694243	-78.109542098	156.572037011	 0.135194135	         0.000394358	         0.000000000	         0.000394358
 19423	    -1578000	 0.060426143	22.295831059	-71.931034891	155.668656028	 0.127087496	         0.000239517	         0.000000000	         0.000239517
 19424	    -1577000	 0.059919424	21.855891510	-65.934788919	154.952581794	 0.119548745	         0.000149448	         0.000000000	         0.000149448
 19425	    -1576000	 0.059319832	21.424318881	-59.892255613	154.226695704	 0.112588052	         0.000086292	         0.000000000	         0.000086292
 19426	    -1575000	 0.058551189	21.001208356	-53.959335062	153.489737549	 0.106157436	         0.000044571	         0.000000000	         0.000044571
 19427	    -1574000	 0.057637334	20.589803654	-48.156757441	152.743040076	 0.100257110	         0.000018965	         0.000000000	         0.000018965
 19428	    -1573000	 0.056771492	20.192975048	-42.398171093	151.957399574	 0.094876762	         0.000004652	         0.000000000	         0.000004652
 19429	    -1572000	 0.055563866	19.810746574	-36.560834438	151.179245519	 0.089967550	         0.000000000	         0.000000000	         0.000000000
 19430	    -1571000	 0.054438973	19.447923281	-30.907096241	150.361767335	 0.085542781	         0.000000000	         0.000000000	         0.000000000
 19431	    -1570000	 0.053245963	19.106177150	-25.284349663	149.472765968	 0.081574271	         0.000000000	         0.000000000	         0.000000000
 19432	    -1569000	 0.051921530	18.786527896	-19.405199219	148.465754152	 0.078029164	         0.000000000	         0.000000000	         0.000000000
 19433	    -1568000	 0.050477395	18.493462144	-13.881003656	146.312282792	 0.074914429	         0.000000000	         0.000000000	         0.000000000
 19434	    -1567000	 0.049154824	18.227559365	-8.217455709	146.314874620	 0.072196100	         0.000000000	         0.000000000	         0.000000000
 19435	    -1566000	 0.047774396	17.990832893	-2.572401282	146.317642200	 0.069859149	         0.000000000	         0.000000000	         0.000000000
 19436	    -1565000	 0.046267097	17.786231376	 3.165065042	146.320603735	 0.067900367	         0.000000000	         0.000000000	         0.000000000
 19437	    -1564000	 0.044777507	17.613765788	 8.779970045	146.323552294	 0.066291967	         0.000000000	         0.000000000	         0.000000000
 19438	    -1563000	 0.043307102	17.475488323	14.381319549	146.326485926	 0.065029964	         0.000000000	         0.000000000	         0.000000000
 19439	    -1562000	 0.041860488	17.372255921	20.174625265	146.329455039	 0.064103493	         0.000000000	         0.000000000	         0.000000000
 19440	    -1561000	 0.040290063	17.304250982	25.920695526	146.332341899	 0.063500397	         0.000000000	         0.000000000	         0.000000000
 19441	    -1560000	 0.038793132	17.272660523	31.728371608	146.335109376	 0.063222174	         0.000000000	         0.000000000	         0.000000000
 19442	    -1559000	 0.037339106	17.276165746	37.684618811	146.337772314	 0.063252985	         0.000000000	         0.000000000	         0.000000000
 19443	    -1558000	 0.035768661	17.315261471	43.740338746	146.340274900	 0.063597657	         0.000000000	         0.000000000	         0.000000000
 19444	    -1557000	 0.034291506	17.389553726	49.740549206	146.342520210	 0.064257808	         0.000000000	         0.000000000	         0.000000000
 19445	    -1556000	 0.032897617	17.496741630	55.987937144	146.344612630	 0.065222361	         0.000000000	         0.000000000	         0.000000000
 19446	    -1555000	 0.031365173	17.636976531	62.640846272	146.346526471	 0.066506189	         0.000000000	         0.000000000	         0.000000000
 19447	    -1554000	 0.029749148	17.808114555	69.158494015	146.348041935	 0.068107218	         0.000000000	         0.000000000	         0.000000000
 19448	    -1553000	 0.028344507	18.008406443	75.815262580	146.349325374	 0.070030004	         0.000000000	         0.000000000	         0.000000000
 19449	    -1552000	 0.026871200	18.237002035	83.191718964	146.350400475	 0.072290922	         0.000000000	         0.000000000	         0.000000000
 19450	    -1551000	 0.025357737	18.490635946	90.871290601	146.789006988	 0.074885005	         0.000000000	         0.000000000	         0.000000000
 19451	    -1550000	 0.023935437	18.768288355	98.833272676	148.812107102	 0.077831588	         0.000000000	         0.000000000	         0.000000000
 19452	    -1549000	 0.022619718	19.068210012	107.387041643	149.881843603	 0.081144902	         0.000000000	         0.000000000	         0.000000000
 19453	    -1548000	 0.021422130	19.387250881	116.570654395	150.775030112	 0.084824393	         0.000000000	         0.000000000	         0.000000000
 19454	    -1547000	 0.020419910	19.724235378	126.229009084	151.588637685	 0.088892164	         0.000000000	         0.000000000	         0.000000000
 19455	    -1546000	 0.019549629	20.076434411	136.170607496	152.382117638	 0.093352221	         0.000000000	         0.000000000	         0.000000000
 19456	    -1545000	 0.018993118	20.442195518	146.794445778	153.128122450	 0.098221041	         0.000003540	         0.000000000	         0.000003540
 19457	    -1544000	 0.018434840	20.819932190	157.382533106	153.855903845	 0.103515965	         0.000013982	         0.000000000	         0.000013982
 19458	    -1543000	 0.018084159	21.205809046	167.863312667	154.554870557	 0.109219840	         0.000032111	         0.000000000	         0.000032111
 19459	    -1542000	 0.018012590	21.599674803	178.247506350	155.241429661	 0.115366045	         0.000060398	         0.000000000	         0.000060398
 19460	    -1541000	 0.017985882	21.999814928	-170.695552216	155.890348483	 0.121964443	         0.000100984	         0.000000000	         0.000100984
 19461	    -1540000	 0.017961916	22.402538422	-160.370597798	156.532476926	 0.128986548	         0.000159277	         0.000000000	         0.000159277
 19462	    -1539000	 0.018091051	22.807658871	-150.139084047	157.156684411	 0.136458408	         0.000238617	         0.000000000	         0.000238617
 19463	    -1538000	 0.018457230	23.213570885	-139.917900495	157.765304720	 0.144378978	         0.000345160	         0.000000000	         0.000345160
 19464	    -1537000	 0.018747739	23.618554223	-129.499492694	158.513260261	 0.152739570	         0.000506796	         0.000000000	         0.000506796
 19465	    -1536000	 0.019249423	24.021467608	-119.858795129	159.116923923	 0.161537817	         0.000694385	         0.000000000	         0.000694385
 19466	    -1535000	 0.019858811	24.420509014	-110.292146909	159.698376520	 0.170750945	         0.000929646	         0.000000000	         0.000929646
 19467	    -1534000	 0.020567844	24.816049178	-100.890383648	160.254966418	 0.180401715	         0.001214160	         0.000004119	         0.001218279
 19468	    -1533000	 0.021301486	25.206408900	-92.207794690	160.793926017	 0.190460746	         0.001551130	         0.000027138	         0.001578269
 19469	    -1532000	 0.022135488	25.589760240	-83.800435166	161.312167785	 0.200884869	         0.001952917	         0.000071593	         0.002024510
 19470	    -1531000	 0.023009286	25.967051948	-75.712919653	161.826871179	 0.211701127	         0.002413814	         0.000137492	         0.002551306
 19471	    -1530000	 0.023832619	26.336688999	-67.846271721	162.323082458	 0.222862513	         0.002931118	         0.000226454	         0.003157572
 19472	    -1529000	 0.024592710	26.697855877	-60.459981181	162.815072178	 0.234336296	         0.003519481	         0.000346185	         0.003865666
 19473	    -1528000	 0.025444323	27.050665886	-53.359583242	163.287135862	 0.246114737	         0.004165269	         0.000493963	         0.004659232
 19474	    -1527000	 0.026335063	27.393511536	-46.064902016	163.754409529	 0.258127431	         0.004883161	         0.000675786	         0.005558947
 19475	    -1526000	 0.026941596	27.726949380	-39.160176487	164.220805351	 0.270372664	         0.005650652	         0.000887143	         0.006537795
 19476	    -1525000	 0.027742928	28.050293235	-32.544514670	164.667349152	 0.282798944	         0.006451960	         0.001121103	         0.007573063
 19477	    -1524000	 0.028557440	28.362077640	-25.864359087	165.102727274	 0.295176680	         0.007296742	         0.001387508	         0.008684250
 19478	    -1523000	 0.029244461	28.663295710	-19.246704482	165.553353528	 0.307428314	         0.008216029	         0.001696879	         0.009912909
 19479	    -1522000	 0.029942938	28.952933800	-13.024917037	165.978912502	 0.319475515	         0.009139769	         0.002026948	         0.011166716
 19480	    -1521000	 0.030754855	29.230557230	-6.799598460	166.407854408	 0.331262867	         0.010088127	         0.002386979	         0.012475106
 19481	    -1520000	 0.031427310	29.496493782	-0.631127515	166.817065623	 0.342768840	         0.011005840	         0.002755694	         0.013761534
 19482	    -1519000	 0.032082260	29.749504443	 5.360342946	167.225388471	 0.353905532	         0.011940548	         0.003149793	         0.015090341
 19483	    -1518000	 0.032788615	29.990709269	11.147398631	167.619204473	 0.364690152	         0.012867747	         0.003562400	         0.016430147
 19484	    -1517000	 0.033445890	30.219624994	17.091748500	168.009423874	 0.375072055	         0.013795765	         0.004000145	         0.017795910
 19485	    -1516000	 0.034018386	30.434999969	22.828737340	168.380727977	 0.384966220	         0.014687529	         0.004440050	         0.019127578
 19486	    -1515000	 0.034603416	30.638570561	28.563277752	168.742508806	 0.394427046	         0.015532985	         0.004882013	         0.020414998
 19487	    -1514000	 0.035273835	30.829520086	34.254339795	169.095782738	 0.403394308	         0.016380122	         0.005344151	         0.021724273
 19488	    -1513000	 0.035851588	31.007306086	40.089770827	169.438838576	 0.411821537	         0.017222267	         0.005830643	         0.023052910
 19489	    -1512000	 0.036395786	31.173215909	45.755640113	169.754568152	 0.419751436	         0.017953694	         0.006270559	         0.024224252
 19490	    -1511000	 0.037059440	31.326307336	51.212158827	170.071249293	 0.427122899	         0.018730865	         0.006758340	         0.025489205
 19491	    -1510000	 0.037807282	31.467188636	57.056212799	170.354457410	 0.433950844	         0.019345165	         0.007176124	         0.026521290
 19492	    -1509000	 0.038363108	31.596326676	62.554748877	170.620383020	 0.440245760	         0.020043865	         0.007663034	         0.027706899
 19493	    -1508000	 0.038994341	31.712866491	67.989876700	170.859701775	 0.445955246	         0.020678191	         0.008142564	         0.028820755
 19494	    -1507000	 0.039764739	31.818206951	73.486444938	171.093296051	 0.451138725	         0.021270116	         0.008627796	         0.029897912
 19495	    -1506000	 0.040321464	31.912012990	78.939854925	171.296037632	 0.455772201	         0.021860309	         0.009122993	         0.030983302
 19496	    -1505000	 0.040963830	31.994191197	84.236774844	171.462422477	 0.459844548	         0.022359750	         0.009534921	         0.031894671
 19497	    -1504000	 0.041558894	32.065857493	89.664469766	171.622707533	 0.463405793	         0.022929948	         0.009990606	         0.032920554
 19498	    -1503000	 0.042108008	32.126131045	95.107665084	171.748569335	 0.466407824	         0.023490337	         0.010442102	         0.033932439
 19499	    -1502000	 0.042552518	32.175928805	100.431972036	171.846401365	 0.468892757	         0.024015191	         0.010824138	         0.034839329
 19500	    -1501000	 0.043093082	32.215598072	105.849407397	171.917088557	 0.470875243	         0.024502431	         0.011191323	         0.035693753
 19501	    -1500000	 0.043645330	32.244340314	111.377865184	171.966444338	 0.472313269	         0.025017808	         0.011575094	         0.036592902
 19502	    -1499000	 0.044043194	32.263460727	116.950349493	171.982409038	 0.473270644	         0.025510655	         0.011910932	         0.037421587
 19503	    -1498000	 0.044482539	32.272479938	122.410867396	171.971838534	 0.473722449	         0.025992208	         0.012239099	         0.038231307
 19504	    -1497000	 0.045016454	32.271267654	127.899124528	171.941330087	 0.473661714	         0.026451585	         0.012542421	         0.038994006
 19505	    -1496000	 0.045505812	32.260988938	133.588462404	171.878450597	 0.473146846	         0.026898180	         0.012819942	         0.039718122
 19506	    -1495000	 0.045853973	32.240552598	139.127325730	171.789542810	 0.472123685	         0.027366559	         0.013110853	         0.040477412
 19507	    -1494000	 0.046333044	32.210740905	144.580444905	171.681685430	 0.470632364	         0.027738793	         0.013310858	         0.041049651
 19508	    -1493000	 0.046729309	32.172072670	150.268242056	171.544107831	 0.468700185	         0.028152913	         0.013548030	         0.041700943
 19509	    -1492000	 0.046991751	32.123476668	155.866316421	171.384735790	 0.466275487	         0.028485550	         0.013707271	         0.042192821
 19510	    -1491000	 0.047298620	32.066233292	161.387683506	171.202103128	 0.463424491	         0.028709038	         0.013782652	         0.042491690
 19511	    -1490000	 0.047595587	31.999964543	167.180394511	171.009104325	 0.460131102	         0.029035564	         0.013936940	         0.042972504
 19512	    -1489000	 0.047672949	31.924460695	172.875156860	170.786560316	 0.456388263	         0.029183187	         0.013939229	         0.043122415
 19513	    -1488000	 0.047845376	31.840773804	178.619841316	170.552455391	 0.452251904	         0.029213050	         0.013849531	         0.043062581
 19514	    -1487000	 0.047980096	31.747756185	-175.600289752	170.312090866	 0.447669711	         0.029300048	         0.013810580	         0.043110628
 19515	    -1486000	 0.048065046	31.646014178	-169.605887088	170.050172424	 0.442676763	         0.029207546	         0.013621689	         0.042829235
 19516	    -1485000	 0.048071780	31.536154098	-163.758002928	169.776692068	 0.437308387	         0.028874885	         0.013235995	         0.042110879
 19517	    -1484000	 0.048024563	31.417019075	-157.917103856	169.511981553	 0.431514544	         0.028611585	         0.012935904	         0.041547488
 19518	    -1483000	 0.048117637	31.289595488	-151.918911965	169.236380589	 0.425350552	         0.028147346	         0.012454642	         0.040601988
 19519	    -1482000	 0.047961134	31.153680680	-145.943123355	168.944476271	 0.418814505	         0.027448953	         0.011788165	         0.039237118
 19520	    -1481000	 0.047748603	31.008808386	-140.013456044	168.660520404	 0.411893061	         0.026675567	         0.011081887	         0.037757454
 19521	    -1480000	 0.047569725	30.856041538	-134.113333897	168.373947946	 0.404646735	         0.025771248	         0.010317139	         0.036088388
 19522	    -1479000	 0.047223467	30.694311813	-127.966664969	168.073524875	 0.397035573	         0.024618162	         0.009449995	         0.034068157
 19523	    -1478000	 0.046745292	30.524196363	-122.035221791	167.785820643	 0.389098754	         0.023359864	         0.008605970	         0.031965834
 19524	    -1477000	 0.046257375	30.346358352	-115.964694644	167.500053608	 0.380879516	         0.022078607	         0.007802054	         0.029880661
 19525	    -1476000	 0.045727600	30.159498179	-109.693871359	167.206852695	 0.372331570	         0.020695648	         0.006996630	         0.027692278
 19526	    -1475000	 0.044909546	29.964779966	-103.487460683	166.912618759	 0.363523118	         0.019201363	         0.006189440	         0.025390802
 19527	    -1474000	 0.044253336	29.762046347	-97.254511316	166.626901193	 0.354462310	         0.017713170	         0.005426611	         0.023139781
 19528	    -1473000	 0.043484316	29.550613341	-90.813189206	166.328884805	 0.345135609	         0.016137600	         0.004675763	         0.020813363
 19529	    -1472000	 0.042605677	29.331806441	-84.317620939	166.027553022	 0.335619020	         0.014520079	         0.003949323	         0.018469402
 19530	    -1471000	 0.041715986	29.104519291	-77.918704984	165.734775475	 0.325882799	         0.013016401	         0.003324153	         0.016340554
 19531	    -1470000	 0.040803198	28.869059402	-71.467802088	165.447778189	 0.315960295	         0.011532552	         0.002743407	         0.014275959
 19532	    -1469000	 0.039838022	28.626594175	-64.840430127	165.143561743	 0.305920290	         0.010104072	         0.002225793	         0.012329865
 19533	    -1468000	 0.038707184	28.375644262	-58.220811073	164.838418722	 0.295722324	         0.008788525	         0.001784310	         0.010572835
 19534	    -1467000	 0.037539044	28.117431892	-51.762187306	164.531817561	 0.285437950	         0.007593555	         0.001410329	         0.009003884
 19535	    -1466000	 0.036387019	27.852505631	-45.101807945	164.216306435	 0.275132710	         0.006510056	         0.001096434	         0.007606490
 19536	    -1465000	 0.035076929	27.580035876	-38.225262594	163.904806615	 0.264907383	         0.005548984	         0.000838548	         0.006387533
 19537	    -1464000	 0.033645874	27.301625625	-31.551077932	163.577676528	 0.254851556	         0.004683948	         0.000622073	         0.005306021
 19538	    -1463000	 0.032287385	27.017053485	-24.674933439	163.236755082	 0.244967540	         0.003936464	         0.000451142	         0.004387606
 19539	    -1462000	 0.030769892	26.726599343	-17.469502685	162.889492336	 0.235274422	         0.003275770	         0.000313157	         0.003588927
 19540	    -1461000	 0.029227885	26.431893804	-10.373670065	162.522445185	 0.225831358	         0.002708587	         0.000208448	         0.002917034
 19541	    -1460000	 0.027718113	26.132328137	-3.160443262	162.162832670	 0.216620915	         0.002235957	         0.000130551	         0.002366508
 19542	    -1459000	 0.026252430	25.829001192	 4.634537427	161.786377480	 0.207677510	         0.001834365	         0.000075834	         0.001910199
 19543	    -1458000	 0.024544575	25.522867028	12.272682896	161.405498187	 0.199025667	         0.001504619	         0.000038812	         0.001543431
 19544	    -1457000	 0.022963135	25.213792150	20.108832235	160.990803840	 0.190656311	         0.001217824	         0.000013571	         0.001231395
 19545	    -1456000	 0.021430232	24.903390802	28.257430684	160.575665423	 0.182605228	         0.000988584	         0.000001594	         0.000990178
 19546	    -1455000	 0.019844728	24.591625872	37.104278071	160.139028676	 0.174860983	         0.000795452	         0.000000000	         0.000795452
 19547	    -1454000	 0.018229053	24.279536624	46.220292893	159.680958278	 0.167437621	         0.000638138	         0.000000000	         0.000638138
 19548	    -1453000	 0.016645503	23.968779765	55.972309899	159.182726494	 0.160359099	         0.000504163	         0.000000000	         0.000504163
 19549	    -1452000	 0.015271280	23.658833956	66.540757314	158.645637669	 0.153597140	         0.000393890	         0.000000000	         0.000393890
 19550	    -1451000	 0.013916059	23.351489552	78.584111859	158.178628392	 0.147173524	         0.000311119	         0.000000000	         0.000311119
 19551	    -1450000	 0.012760917	23.048399807	91.462226734	157.699627611	 0.141101974	         0.000243721	         0.000000000	         0.000243721
 19552	    -1449000	 0.011933307	22.749575715	105.413904510	157.216539231	 0.135361138	         0.000190388	         0.000000000	         0.000190388
 19553	    -1448000	 0.011434522	22.456908761	121.195729774	156.731676081	 0.129965054	         0.000146418	         0.000000000	         0.000146418
 19554	    -1447000	 0.011104238	22.171644175	136.549070061	156.236754668	 0.124912541	         0.000111720	         0.000000000	         0.000111720
 19555	    -1446000	 0.011262446	21.895178452	151.798959067	155.737356506	 0.120203373	         0.000082795	         0.000000000	         0.000082795
 19556	    -1445000	 0.011768100	21.629165283	166.674169450	155.267829429	 0.115839922	         0.000061602	         0.000000000	         0.000061602
 19557	    -1444000	 0.012437860	21.373999187	-178.730176436	154.786935694	 0.111803310	         0.000044228	         0.000000000	         0.000044228
 19558	    -1443000	 0.013236320	21.132536911	-165.974738627	154.328656469	 0.108113101	         0.000031118	         0.000000000	         0.000031118
 19559	    -1442000	 0.014376756	20.905928224	-154.147086431	153.876239183	 0.104760763	         0.000020836	         0.000000000	         0.000020836
 19560	    -1441000	 0.015698039	20.694484128	-143.337104259	153.459698953	 0.101726575	         0.000013608	         0.000000000	         0.000013608
 19561	    -1440000	 0.017023021	20.500988799	-133.084279736	153.060414122	 0.099027018	         0.000008260	         0.000000000	         0.000008260
 19562	    -1439000	 0.018515927	20.326037661	-123.945284469	152.668041453	 0.096647904	         0.000004324	         0.000000000	         0.000004324
 19563	    -1438000	 0.020064113	20.170726222	-115.562168472	152.335982421	 0.094583801	         0.000001951	         0.000000000	         0.000001951
 19564	    -1437000	 0.021689632	20.036658931	-107.727334736	152.035443992	 0.092837520	         0.000000578	         0.000000000	         0.000000578
 19565	    -1436000	 0.023253295	19.923910588	-100.443474994	151.764431055	 0.091393910	         0.000000002	         0.000000000	         0.000000002
 19566	    -1435000	 0.024820002	19.834339198	-93.781908213	151.549779087	 0.090263072	         0.000000000	         0.000000000	         0.000000000
 19567	    -1434000	 0.026427469	19.768357529	-87.216144821	151.368199138	 0.089439013	         0.000000000	         0.000000000	         0.000000000
 19568	    -1433000	 0.027815217	19.725571190	-80.687414042	151.239320830	 0.088908671	         0.000000000	         0.000000000	         0.000000000
 19569	    -1432000	 0.029104829	19.707865836	-74.828954776	151.183906426	 0.088690132	         0.000000000	         0.000000000	         0.000000000
 19570	    -1431000	 0.030516264	19.714603774	-68.856052832	151.173196818	 0.088773236	         0.000000000	         0.000000000	         0.000000000
 19571	    -1430000	 0.031775408	19.745850859	-62.782798946	151.212847953	 0.089159647	         0.000000000	         0.000000000	         0.000000000
 19572	    -1429000	 0.032882266	19.802128219	-56.920335932	151.319818366	 0.089859838	         0.000000000	         0.000000000	         0.000000000
 19573	    -1428000	 0.034043028	19.882128853	-51.250369216	151.490688799	 0.090864664	         0.000000000	         0.000000000	         0.000000000
 19574	    -1427000	 0.035179738	19.986714753	-45.390403273	151.704012578	 0.092195252	         0.000000303	         0.000000000	         0.000000303
 19575	    -1426000	 0.036192614	20.114686604	-39.690897590	151.950003048	 0.093849902	         0.000001594	         0.000000000	         0.000001594
 19576	    -1425000	 0.037180894	20.264805215	-34.040272928	152.245433966	 0.095828794	         0.000003952	         0.000000000	         0.000003952
 19577	    -1424000	 0.038199160	20.437619327	-28.524171825	152.602039523	 0.098158583	         0.000008010	         0.000000000	         0.000008010
 19578	    -1423000	 0.039037464	20.631018426	-22.877614409	152.973340139	 0.100833117	         0.000013617	         0.000000000	         0.000013617
 19579	    -1422000	 0.039838114	20.844241800	-17.410124289	153.406423522	 0.103866341	         0.000022165	         0.000000000	         0.000022165
 19580	    -1421000	 0.040540906	21.076513233	-12.021830408	153.848423323	 0.107274462	         0.000033191	         0.000000000	         0.000033191
 19581	    -1420000	 0.041245552	21.325594420	-6.526228026	154.336084080	 0.111053593	         0.000048492	         0.000000000	         0.000048492
 19582	    -1419000	 0.041721390	21.591454386	-1.020681099	154.829249774	 0.115234299	         0.000066996	         0.000000000	         0.000066996
 19583	    -1418000	 0.042158000	21.871721004	 4.376204399	155.366500962	 0.119812078	         0.000092568	         0.000000000	         0.000092568
 19584	    -1417000	 0.042647481	22.164522961	 9.734209004	155.909183278	 0.124788958	         0.000123332	         0.000000000	         0.000123332
 19585	    -1416000	 0.042897742	22.470008679	15.403409483	156.474715901	 0.130201921	         0.000160800	         0.000000000	         0.000160800
 19586	    -1415000	 0.043113404	22.784870925	20.715744480	157.064629385	 0.136026856	         0.000209035	         0.000000000	         0.000209035
 19587	    -1414000	 0.043336082	23.108249458	26.046497825	157.643610546	 0.142280712	         0.000264356	         0.000000000	         0.000264356
 19588	    -1413000	 0.043489176	23.439295853	31.612613345	158.234053155	 0.148980795	         0.000329914	         0.000000000	         0.000329914
 19589	    -1412000	 0.043430708	23.775004119	36.946131705	158.831310670	 0.156097506	         0.000410428	         0.000000000	         0.000410428
 19590	    -1411000	 0.043426841	24.115534839	42.298688047	159.435254888	 0.163663849	         0.000505727	         0.000000000	         0.000505727
 19591	    -1410000	 0.043338819	24.458820490	47.618024564	160.032123300	 0.171662669	         0.000616147	         0.000000000	         0.000616147
 19592	    -1409000	 0.043123254	24.802895228	53.010210683	160.731620723	 0.180072170	         0.000761161	         0.000000000	         0.000761161
 19593	    -1408000	 0.042832377	25.148218326	58.301146594	161.339238775	 0.188926420	         0.000921216	         0.000004859	         0.000926076
 19594	    -1407000	 0.042515394	25.492202520	63.607179784	161.923767147	 0.198179152	         0.001105152	         0.000019711	         0.001124863
 19595	    -1406000	 0.042163907	25.834004543	69.041154292	162.498260815	 0.207821993	         0.001319005	         0.000043979	         0.001362984
 19596	    -1405000	 0.041651211	26.173561941	74.356711330	163.049048433	 0.217866042	         0.001565950	         0.000078255	         0.001644206
 19597	    -1404000	 0.041252042	26.508457622	79.679063530	163.579328604	 0.228247573	         0.001847450	         0.000123874	         0.001971325
 19598	    -1403000	 0.040845676	26.838836768	85.051959236	164.094226181	 0.238973720	         0.002177176	         0.000185055	         0.002362232
 19599	    -1402000	 0.040305386	27.163637192	90.488255124	164.590286071	 0.250009983	         0.002560046	         0.000263046	         0.002823093
 19600	    -1401000	 0.039765864	27.481356118	95.573753678	165.051279239	 0.261298591	         0.002995283	         0.000359856	         0.003355139
 19601	    -1400000	 0.039401095	27.792265931	100.769885021	165.503550604	 0.272838554	         0.003492964	         0.000479144	         0.003972109
 19602	    -1399000	 0.038839245	28.094590828	106.024537084	165.928460701	 0.284538508	         0.004070537	         0.000626658	         0.004697196
 19603	    -1398000	 0.038210953	28.388127534	111.069919646	166.326189079	 0.296224912	         0.004724106	         0.000803645	         0.005527751
 19604	    -1397000	 0.037720397	28.672429715	115.880307272	166.701045212	 0.307804272	         0.005447915	         0.001011773	         0.006459688
 19605	    -1396000	 0.037089019	28.945753326	120.914518361	167.059366508	 0.319173737	         0.006273701	         0.001261821	         0.007535521
 19606	    -1395000	 0.036422903	29.208946077	125.650292937	167.382612333	 0.330337002	         0.007180716	         0.001553287	         0.008734003
 19607	    -1394000	 0.035746560	29.460925454	130.522131132	167.690382844	 0.341217969	         0.008182804	         0.001891563	         0.010074368
 19608	    -1393000	 0.035066809	29.700377508	135.269663030	167.977614784	 0.351728883	         0.009288956	         0.002288548	         0.011577505
 19609	    -1392000	 0.034284162	29.928420754	140.139817398	168.229074919	 0.361889750	         0.010486590	         0.002741327	         0.013227917
 19610	    -1391000	 0.033599730	30.143740078	144.795400454	168.475161786	 0.371614929	         0.011764974	         0.003252439	         0.015017413
 19611	    -1390000	 0.032965512	30.346141789	149.401756794	168.698770716	 0.380869556	         0.013153864	         0.003843675	         0.016997539
 19612	    -1389000	 0.032321164	30.536124647	154.301127350	168.913710476	 0.389652924	         0.014658843	         0.004520956	         0.019179798
 19613	    -1388000	 0.031582046	30.712491321	158.878744626	169.102266615	 0.397887966	         0.016168757	         0.005237055	         0.021405812
 19614	    -1387000	 0.030973274	30.876221048	163.258970214	169.274234556	 0.405600792	         0.017724649	         0.006022953	         0.023747602
 19615	    -1386000	 0.030486948	31.026933882	167.871866634	169.422235929	 0.412756417	         0.019349615	         0.006902195	         0.026251810
 19616	    -1385000	 0.029802367	31.163973594	172.412338954	169.558247191	 0.419308059	         0.020966326	         0.007825812	         0.028792138
 19617	    -1384000	 0.029217347	31.288515968	176.706097713	169.677651165	 0.425298479	         0.022607820	         0.008842045	         0.031449865
 19618	    -1383000	 0.028697130	31.399957953	-178.980243554	169.778257080	 0.430687232	         0.024123534	         0.009854664	         0.033978198
 19619	    -1382000	 0.028078809	31.498396653	-174.520942930	169.872483650	 0.435468979	         0.025718700	         0.011044882	         0.036763581
 19620	    -1381000	 0.027444692	31.584419617	-170.422268978	169.942112671	 0.439663929	         0.027116633	         0.012075181	         0.039191814
 19621	    -1380000	 0.026933610	31.657570152	-165.966001099	169.995641677	 0.443242849	         0.028527376	         0.013114400	         0.041641776
 19622	    -1379000	 0.026322447	31.718829593	-161.515705068	170.040392214	 0.446248104	         0.029767424	         0.014046487	         0.043813911
 19623	    -1378000	 0.025702830	31.768227026	-157.177801569	170.077374244	 0.448676727	         0.030984377	         0.014973942	         0.045958319
 19624	    -1377000	 0.025191557	31.805454130	-152.802093055	170.090519994	 0.450510075	         0.031883074	         0.015628933	         0.047512007
 19625	    -1376000	 0.024705092	31.831789006	-148.257447534	170.091265554	 0.451808587	         0.032673361	         0.016229189	         0.048902551
 19626	    -1375000	 0.024158585	31.847056095	-143.666013646	170.085739940	 0.452561967	         0.033333255	         0.016708814	         0.050042069
 19627	    -1374000	 0.023553207	31.851675385	-139.307409908	170.064269607	 0.452789999	         0.033663754	         0.016939086	         0.050602839
 19628	    -1373000	 0.023163803	31.846292610	-134.942738741	170.026379472	 0.452524281	         0.033900412	         0.017097345	         0.050997757
 19629	    -1372000	 0.022625035	31.830822331	-130.263028739	169.984426955	 0.451760899	         0.033938572	         0.017104987	         0.051043558
 19630	    -1371000	 0.021969531	31.806312175	-125.801766653	169.930445306	 0.450552363	         0.033757437	         0.016942204	         0.050699641
 19631	    -1370000	 0.021460868	31.772736605	-121.598681012	169.868167374	 0.448898673	         0.033436217	         0.016671159	         0.050107376
 19632	    -1369000	 0.020832609	31.730163913	-116.834077905	169.800826059	 0.446804941	         0.032932912	         0.016245331	         0.049178243
 19633	    -1368000	 0.020090900	31.679773051	-112.465252831	169.721510083	 0.444331229	         0.032236088	         0.015691155	         0.047927243
 19634	    -1367000	 0.019362988	31.621615583	-107.943008551	169.635259705	 0.441482428	         0.031413344	         0.015032513	         0.046445857
 19635	    -1366000	 0.018653455	31.555890515	-103.211006635	169.542467436	 0.438271031	         0.030516376	         0.014316685	         0.044833061
 19636	    -1365000	 0.017711596	31.483324882	-98.303621782	169.446422908	 0.434735552	         0.029385476	         0.013421140	         0.042806616
 19637	    -1364000	 0.016916321	31.404048371	-93.763064887	169.347065545	 0.430885525	         0.028341030	         0.012626815	         0.040967845
 19638	    -1363000	 0.016077373	31.318851269	-88.930692676	169.234796219	 0.426762706	         0.027135646	         0.011702710	         0.038838356
 19639	    -1362000	 0.015157888	31.227841427	-83.798329951	169.121598650	 0.422375818	         0.025830780	         0.010678273	         0.036509053
 19640	    -1361000	 0.014167740	31.131127960	-79.227493434	169.003880144	 0.417733911	         0.024477215	         0.009690301	         0.034167517
 19641	    -1360000	 0.013202372	31.029747410	-74.637726348	168.884012261	 0.412890499	         0.023183181	         0.008857334	         0.032040515
 19642	    -1359000	 0.012248614	30.923548942	-70.115497946	168.759797514	 0.407842150	         0.021951130	         0.008103073	         0.030054204
 19643	    -1358000	 0.011117243	30.812777314	-65.550546398	168.628937730	 0.402604524	         0.020578891	         0.007305316	         0.027884207
 19644	    -1357000	 0.009952597	30.697877431	-62.124701724	168.499988112	 0.397202693	         0.019356470	         0.006637071	         0.025993541
 19645	    -1356000	 0.008857551	30.578974065	-58.869510353	168.362121155	 0.391646586	         0.018203234	         0.006039214	         0.024242448
 19646	    -1355000	 0.007626635	30.456465751	-55.379987926	168.216788879	 0.385958900	         0.017052486	         0.005457173	         0.022509659
 19647	    -1354000	 0.006272444	30.330126160	-55.019352791	168.084901051	 0.380133348	         0.015998474	         0.004948257	         0.020946731
 19648	    -1353000	 0.005089101	30.200170566	-55.268371404	167.917691359	 0.374184304	         0.014929734	         0.004444700	         0.019374434
 19649	    -1352000	 0.003832156	30.067197558	-59.290709324	167.775685114	 0.368143416	         0.014025153	         0.004040195	         0.018065348
 19650	    -1351000	 0.002810206	29.930751176	-73.446097290	167.619345754	 0.361994330	         0.013194425	         0.003678860	         0.016873285
 19651	    -1350000	 0.002424253	29.791104153	-98.727744422	167.449326176	 0.355753980	         0.012399525	         0.003343595	         0.015743120
 19652	    -1349000	 0.002701635	29.648553113	-125.117309338	167.245230790	 0.349440115	         0.011608199	         0.003025041	         0.014633241
 19653	    -1348000	 0.003774196	29.502641876	-140.572959665	167.037379336	 0.343037284	         0.010871964	         0.002731640	         0.013603604
 19654	    -1347000	 0.005140415	29.353980796	-145.219122557	166.822741289	 0.336577089	         0.010193460	         0.002465534	         0.012658995
 19655	    -1346000	 0.006512926	29.202112045	-145.037606346	166.608139638	 0.330044508	         0.009612419	         0.002246225	         0.011858644
 19656	    -1345000	 0.007979457	29.046944930	-143.598103835	166.389716785	 0.323441033	         0.009055682	         0.002041201	         0.011096882
 19657	    -1344000	 0.009606488	28.889009775	-140.761220735	166.162866341	 0.316794476	         0.008546366	         0.001856437	         0.010402803
 19658	    -1343000	 0.011241014	28.727662614	-136.405606941	165.921094481	 0.310083202	         0.008051814	         0.001678321	         0.009730135
 19659	    -1342000	 0.012828154	28.563112322	-132.125741447	165.672169512	 0.303321831	         0.007590884	         0.001518821	         0.009109706
 19660	    -1341000	 0.014485913	28.395286447	-127.760513044	165.417967202	 0.296513360	         0.007157182	         0.001371321	         0.008528503
 19661	    -1340000	 0.016216766	28.223927152	-122.856649798	165.155337131	 0.289653707	         0.006774154	         0.001246457	         0.008020611
 19662	    -1339000	 0.017780694	28.049566271	-117.812093623	164.878006239	 0.282770449	         0.006343016	         0.001105656	         0.007448672
 19663	    -1338000	 0.019446849	27.871482882	-113.176414929	164.601094224	 0.275859423	         0.005973058	         0.000991276	         0.006964334
 19664	    -1337000	 0.021093286	27.689726876	-107.601587907	164.313484333	 0.268977388	         0.005590186	         0.000873805	         0.006463991
 19665	    -1336000	 0.022583298	27.505215150	-102.169839320	164.020647428	 0.262166601	         0.005209052	         0.000762743	         0.005971795
 19666	    -1335000	 0.024065988	27.316853763	-96.904106963	163.723549201	 0.255391574	         0.004848134	         0.000661797	         0.005509931
 19667	    -1334000	 0.025701703	27.125080969	-91.319613396	163.426473669	 0.248673685	         0.004513633	         0.000572635	         0.005086268
 19668	    -1333000	 0.027131896	26.930434486	-85.500842149	163.117749180	 0.242035806	         0.004147098	         0.000479159	         0.004626257
 19669	    -1332000	 0.028601723	26.732314982	-79.817001383	162.811416523	 0.235461416	         0.003796672	         0.000394591	         0.004191262
 19670	    -1331000	 0.029993989	26.531433581	-74.152162885	162.502428822	 0.228977683	         0.003451897	         0.000317007	         0.003768905
 19671	    -1330000	 0.031543291	26.327421911	-68.303854598	162.189453821	 0.222575623	         0.003127195	         0.000250630	         0.003377825
 19672	    -1329000	 0.032912393	26.120583042	-62.518524966	161.884871785	 0.216267555	         0.002816398	         0.000191632	         0.003008031
 19673	    -1328000	 0.034239530	25.911628809	-56.770386686	161.564771200	 0.210076486	         0.002498358	         0.000137944	         0.002636302
 19674	    -1327000	 0.035630176	25.699796555	-51.105819949	161.248984987	 0.203981030	         0.002216114	         0.000095971	         0.002312086
 19675	    -1326000	 0.036860362	25.485946595	-45.289209531	160.935683895	 0.198006895	         0.001946799	         0.000061130	         0.002007929
 19676	    -1325000	 0.037981200	25.270594065	-39.651541164	160.631049319	 0.192167590	         0.001704331	         0.000036100	         0.001740431
 19677	    -1324000	 0.039091638	25.053232861	-33.996241504	160.317165255	 0.186448423	         0.001472372	         0.000015999	         0.001488371
 19678	    -1323000	 0.040193687	24.835124883	-28.110796424	160.008435000	 0.180880689	         0.001267967	         0.000004448	         0.001272415
 19679	    -1322000	 0.040981593	24.616275863	-22.368728003	159.697366708	 0.175461145	         0.001078280	         0.000000000	         0.001078280
 19680	    -1321000	 0.041878703	24.397135836	-16.686008506	159.388571521	 0.170197097	         0.000911184	         0.000000000	         0.000911184
 19681	    -1320000	 0.042775306	24.179060354	-10.884854255	159.072076574	 0.165115407	         0.000761798	         0.000000000	         0.000761798
 19682	    -1319000	 0.043420544	23.961685032	-4.957957120	158.757839831	 0.160201036	         0.000629159	         0.000000000	         0.000629159
 19683	    -1318000	 0.044084045	23.746506966	 0.702772022	158.358948342	 0.155480411	         0.000508041	         0.000000000	         0.000508041
 19684	    -1317000	 0.044692282	23.534392594	 6.487933315	158.095855262	 0.150963162	         0.000418826	         0.000000000	         0.000418826
 19685	    -1316000	 0.045245957	23.325462868	12.283929639	157.824793804	 0.146642055	         0.000345354	         0.000000000	         0.000345354
 19686	    -1315000	 0.045655378	23.121739122	17.972883808	157.574171389	 0.142547748	         0.000282167	         0.000000000	         0.000282167
 19687	    -1314000	 0.045969168	22.923394501	23.598110803	157.318190166	 0.138671401	         0.000230411	         0.000000000	         0.000230411
 19688	    -1313000	 0.046262309	22.731266199	29.273143261	157.058474893	 0.135017079	         0.000185455	         0.000000000	         0.000185455
 19689	    -1312000	 0.046370610	22.547308245	35.018953962	156.834295196	 0.131608437	         0.000151947	         0.000000000	         0.000151947
 19690	    -1311000	 0.046342938	22.371193800	40.564921149	156.606727461	 0.128425789	         0.000122743	         0.000000000	         0.000122743
 19691	    -1310000	 0.046326804	22.204562789	46.180167072	156.386464140	 0.125485411	         0.000099816	         0.000000000	         0.000099816
 19692	    -1309000	 0.046202556	22.048738666	51.927377962	156.166949420	 0.122796677	         0.000080279	         0.000000000	         0.000080279
 19693	    -1308000	 0.045899074	21.903409068	57.521011698	155.976078746	 0.120340971	         0.000065861	         0.000000000	         0.000065861
 19694	    -1307000	 0.045654840	21.770844064	63.023847112	155.790895962	 0.118143809	         0.000053956	         0.000000000	         0.000053956
 19695	    -1306000	 0.045347046	21.651364846	68.769132186	155.630221541	 0.116197926	         0.000044624	         0.000000000	         0.000044624
 19696	    -1305000	 0.044824859	21.545398790	74.294190898	155.489001109	 0.114498957	         0.000037942	         0.000000000	         0.000037942
 19697	    -1304000	 0.044290638	21.455053900	79.719784849	155.348895760	 0.113070076	         0.000032146	         0.000000000	         0.000032146
 19698	    -1303000	 0.043843621	21.380042560	85.178031092	155.246202916	 0.111897267	         0.000028274	         0.000000000	         0.000028274
 19699	    -1302000	 0.043080218	21.321548279	90.685527598	155.165396991	 0.110991152	         0.000025739	         0.000000000	         0.000025739
 19700	    -1301000	 0.042293448	21.280718983	96.017158262	155.093638950	 0.110363031	         0.000023996	         0.000000000	         0.000023996
 19701	    -1300000	 0.041392434	21.257234874	101.323116250	155.060815091	 0.110003362	         0.000023390	         0.000000000	         0.000023390
 19702	    -1299000	 0.040464574	21.252815089	106.708285386	155.044192109	 0.109935802	         0.000023248	         0.000000000	         0.000023248
 19703	    -1298000	 0.039344122	21.267395510	112.110653548	155.063594391	 0.110158832	         0.000024550	         0.000000000	         0.000024550
 19704	    -1297000	 0.038157301	21.300800062	117.580082719	155.112964841	 0.110671515	         0.000026775	         0.000000000	         0.000026775
 19705	    -1296000	 0.036997510	21.354627515	123.040725517	155.187758060	 0.111502666	         0.000030279	         0.000000000	         0.000030279
 19706	    -1295000	 0.035670092	21.427820604	128.782272742	155.302908855	 0.112642867	         0.000035432	         0.000000000	         0.000035432
 19707	    -1294000	 0.034361317	21.520719653	134.296000245	155.448036205	 0.114106852	         0.000042598	         0.000000000	         0.000042598
 19708	    -1293000	 0.033100509	21.633638889	139.906611126	155.614537880	 0.115911977	         0.000051731	         0.000000000	         0.000051731
 19709	    -1292000	 0.031812688	21.765317961	145.929633990	155.799396351	 0.118053094	         0.000063250	         0.000000000	         0.000063250
 19710	    -1291000	 0.030312748	21.916583397	151.580319100	156.028926112	 0.120561545	         0.000078529	         0.000000000	         0.000078529
 19711	    -1290000	 0.028963771	22.085992204	157.287925825	156.268903061	 0.123434197	         0.000097250	         0.000000000	         0.000097250
 19712	    -1289000	 0.027610700	22.272393803	163.153414071	156.557155620	 0.126674147	         0.000123758	         0.000000000	         0.000123758
 19713	    -1288000	 0.026101771	22.476442604	169.239593503	156.842529385	 0.130318415	         0.000155374	         0.000000000	         0.000155374
 19714	    -1287000	 0.024530818	22.696004192	174.964909806	157.162490854	 0.134356923	         0.000194497	         0.000000000	         0.000194497
 19715	    -1286000	 0.022979304	22.929945531	-178.897684228	157.497054545	 0.138797732	         0.000245565	         0.000000000	         0.000245565
 19716	    -1285000	 0.021387226	23.178208273	-172.627394294	157.849732824	 0.143671038	         0.000306596	         0.000000000	         0.000306596
 19717	    -1284000	 0.019735025	23.438834587	-166.250506499	158.326372485	 0.148971243	         0.000397217	         0.000000000	         0.000397217
 19718	    -1283000	 0.018113612	23.711040748	-159.532198363	158.751101994	 0.154715809	         0.000497931	         0.000000000	         0.000497931
 19719	    -1282000	 0.016507956	23.993416576	-152.389661786	159.175164638	 0.160909192	         0.000617464	         0.000000000	         0.000617464
 19720	    -1281000	 0.014861460	24.284556285	-144.868716699	159.618618064	 0.167554488	         0.000767985	         0.000000000	         0.000767985
 19721	    -1280000	 0.013239126	24.584171266	-137.274112645	160.063975989	 0.174679888	         0.000938851	         0.000000000	         0.000938851
 19722	    -1279000	 0.011816423	24.889919423	-128.960289617	160.504375889	 0.182263616	         0.001135997	         0.000003725	         0.001139721
 19723	    -1278000	 0.010331645	25.201149758	-119.045921638	160.967113269	 0.190321566	         0.001374681	         0.000019613	         0.001394293
 19724	    -1277000	 0.008763863	25.517129817	-108.461742722	161.439918912	 0.198867013	         0.001648822	         0.000047587	         0.001696409
 19725	    -1276000	 0.007464218	25.835685941	-97.350044227	161.903191546	 0.207870570	         0.001958832	         0.000088369	         0.002047202
 19726	    -1275000	 0.006310833	26.156575153	-82.170972704	162.375033981	 0.217352232	         0.002314215	         0.000144363	         0.002458578
 19727	    -1274000	 0.005299144	26.478445994	-63.386605645	162.832021603	 0.227297395	         0.002686042	         0.000212652	         0.002898694
 19728	    -1273000	 0.004665245	26.799575943	-40.464887432	163.290450104	 0.237673132	         0.003113985	         0.000303075	         0.003417060
 19729	    -1272000	 0.004606173	27.120000604	-15.571271846	163.725559782	 0.248498141	         0.003595178	         0.000413057	         0.004008235
 19730	    -1271000	 0.005106092	27.437935079	 8.684013544	164.177248114	 0.259726266	         0.004100829	         0.000537385	         0.004638214
 19731	    -1270000	 0.005850410	27.751986975	27.575897044	164.652218715	 0.271315261	         0.004714347	         0.000702395	         0.005416741
 19732	    -1269000	 0.006871435	28.062069265	42.568946321	165.114277410	 0.283260769	         0.005347022	         0.000881556	         0.006228578
 19733	    -1268000	 0.008030725	28.366616996	54.550139560	165.573777190	 0.295359186	         0.006061006	         0.001097050	         0.007158056
 19734	    -1267000	 0.009199313	28.665086690	65.706127370	166.018454499	 0.307502010	         0.006820211	         0.001339505	         0.008159716
 19735	    -1266000	 0.010309766	28.956243870	75.269694970	166.463664801	 0.319614682	         0.007656647	         0.001619838	         0.009276485
 19736	    -1265000	 0.011389409	29.239166829	83.617415632	166.876305391	 0.331632106	         0.008557787	         0.001938311	         0.010496098
 19737	    -1264000	 0.012595365	29.514063187	91.469664351	167.290014067	 0.343536263	         0.009547298	         0.002308818	         0.011856116
 19738	    -1263000	 0.013711429	29.779103783	99.573015395	167.690054878	 0.355220256	         0.010638288	         0.002739300	         0.013377589
 19739	    -1262000	 0.014732839	30.033881856	106.859862758	168.059880982	 0.366637342	         0.011790912	         0.003215388	         0.015006300
 19740	    -1261000	 0.015815335	30.278790489	113.364890944	168.423333833	 0.377778041	         0.013072153	         0.003776814	         0.016848967
 19741	    -1260000	 0.016960208	30.512310034	120.554385063	168.759927141	 0.388546889	         0.014440154	         0.004411185	         0.018851339
 19742	    -1259000	 0.017896174	30.734150804	126.800301123	169.073898312	 0.398904577	         0.015901311	         0.005120138	         0.021021448
 19743	    -1258000	 0.018895500	30.944262383	132.858623057	169.374095398	 0.408824750	         0.017487775	         0.005939627	         0.023427402
 19744	    -1257000	 0.019868083	31.142003397	138.867821456	169.649128973	 0.418254856	         0.019209972	         0.006899199	         0.026109171
 19745	    -1256000	 0.020652575	31.327514749	144.829586956	169.891766672	 0.427181239	         0.021011791	         0.007972946	         0.028984737
 19746	    -1255000	 0.021456080	31.499751162	150.304634391	170.123077319	 0.435534915	         0.022929920	         0.009244369	         0.032174289
 19747	    -1254000	 0.022204016	31.658757258	155.961273582	170.322611249	 0.443301016	         0.024903872	         0.010705469	         0.035609341
 19748	    -1253000	 0.022920189	31.804971515	161.614905857	170.500414102	 0.450486291	         0.027083473	         0.012340760	         0.039424233
 19749	    -1252000	 0.023461367	31.937200436	167.166680303	170.650323422	 0.457019071	         0.029240316	         0.013966361	         0.043206677
 19750	    -1251000	 0.024094507	32.055891267	172.496975486	170.777980570	 0.462910012	         0.031402910	         0.015590322	         0.046993232
 19751	    -1250000	 0.024745150	32.161153774	177.957569990	170.886258437	 0.468155040	         0.033648995	         0.017322701	         0.050971696
 19752	    -1249000	 0.025264874	32.252516265	-176.466347206	170.969577531	 0.472722573	         0.035876616	         0.019044763	         0.054921379
 19753	    -1248000	 0.025806273	32.330605762	-171.273911447	171.027309296	 0.476637313	         0.037948959	         0.020671514	         0.058620473
 19754	    -1247000	 0.026439131	32.394904561	-166.143872817	171.069667135	 0.479867939	         0.039983929	         0.022294514	         0.062278443
 19755	    -1246000	 0.027050478	32.445718508	-160.785700952	171.087231110	 0.482425539	         0.041848468	         0.023780794	         0.065629262
 19756	    -1245000	 0.027512608	32.483879492	-155.754733794	171.099363197	 0.484348843	         0.043705254	         0.025291631	         0.068996885
 19757	    -1244000	 0.028146787	32.508520072	-150.989517074	171.079124761	 0.485591871	         0.045082129	         0.026408152	         0.071490280
 19758	    -1243000	 0.028680576	32.520252891	-145.892410274	171.043006726	 0.486184062	         0.046395014	         0.027479585	         0.073874599
 19759	    -1242000	 0.029127205	32.519643533	-141.035274771	170.993994823	 0.486153301	         0.047315820	         0.028221043	         0.075536863
 19760	    -1241000	 0.029649281	32.506481461	-136.357085577	170.919232133	 0.485488996	         0.047868705	         0.028640566	         0.076509272
 19761	    -1240000	 0.030157936	32.481489086	-131.394462646	170.827410735	 0.484228303	         0.048189504	         0.028874601	         0.077064105
 19762	    -1239000	 0.030542180	32.444474922	-126.560940555	170.726272345	 0.482362899	         0.048157144	         0.028806749	         0.076963893
 19763	    -1238000	 0.031020460	32.396116319	-121.724745711	170.610560625	 0.479928884	         0.047825108	         0.028476420	         0.076301528
 19764	    -1237000	 0.031518734	32.337175764	-116.948658054	170.479987898	 0.476967119	         0.047229882	         0.027917691	         0.075147573
 19765	    -1236000	 0.032025479	32.267126051	-111.865166763	170.331470759	 0.473454238	         0.046427043	         0.027187774	         0.073614817
 19766	    -1235000	 0.032470086	32.187083239	-106.983631604	170.178690926	 0.469449940	         0.045382563	         0.026257917	         0.071640479
 19767	    -1234000	 0.032949081	32.097577171	-102.283814070	170.009064327	 0.464984869	         0.043989637	         0.025031584	         0.069021220
 19768	    -1233000	 0.033602387	31.998494350	-97.304162179	169.837657144	 0.460058125	         0.042607834	         0.023837791	         0.066445625
 19769	    -1232000	 0.034065668	31.891063639	-92.369274079	169.654068039	 0.454736014	         0.040964257	         0.022447349	         0.063411606
 19770	    -1231000	 0.034561724	31.775054737	-87.534051353	169.464383391	 0.449012779	         0.039083595	         0.020861516	         0.059945111
 19771	    -1230000	 0.035133209	31.651168601	-82.770364473	169.271227230	 0.442929227	         0.037232681	         0.019324341	         0.056557022
 19772	    -1229000	 0.035581136	31.520538984	-77.690511135	169.062441547	 0.436547321	         0.034979928	         0.017448994	         0.052428922
 19773	    -1228000	 0.035983144	31.382371011	-72.903579518	168.865118094	 0.429835064	         0.032908244	         0.015774866	         0.048683110
 19774	    -1227000	 0.036502998	31.237801205	-67.881352351	168.658793832	 0.422855025	         0.030799514	         0.014093674	         0.044893188
 19775	    -1226000	 0.036936400	31.087516179	-62.706871845	168.447834638	 0.415647525	         0.028597074	         0.012334653	         0.040931726
 19776	    -1225000	 0.037207188	30.931055805	-57.586553298	168.245404490	 0.408198144	         0.026501312	         0.010716000	         0.037217312
 19777	    -1224000	 0.037696331	30.769421508	-52.470820029	168.038993362	 0.400562478	         0.024448947	         0.009321633	         0.033770580
 19778	    -1223000	 0.038121235	30.602596170	-47.138419733	167.822282638	 0.392747615	         0.022404522	         0.008076895	         0.030481417
 19779	    -1222000	 0.038483473	30.430895150	-41.766660467	167.617766244	 0.384776527	         0.020448087	         0.006969895	         0.027417982
 19780	    -1221000	 0.038837267	30.254991142	-36.405165683	167.411010973	 0.376688451	         0.018648178	         0.006038795	         0.024686973
 19781	    -1220000	 0.039258286	30.074339553	-31.138033055	167.207893620	 0.368466669	         0.016914051	         0.005192448	         0.022106500
 19782	    -1219000	 0.039657935	29.889865173	-25.658228009	167.005842900	 0.360161684	         0.015234740	         0.004420616	         0.019655356
 19783	    -1218000	 0.039892855	29.701749739	-20.179485149	166.801295225	 0.351789589	         0.013638791	         0.003730883	         0.017369674
 19784	    -1217000	 0.040182362	29.509673100	-14.878717422	166.601352388	 0.343344423	         0.012229392	         0.003166690	         0.015396083
 19785	    -1216000	 0.040457427	29.314645304	-9.318624224	166.398461180	 0.334878547	         0.010896945	         0.002660549	         0.013557494
 19786	    -1215000	 0.040525023	29.116149981	-3.722994157	166.203292351	 0.326377276	         0.009663380	         0.002219979	         0.011883359
 19787	    -1214000	 0.040601246	28.914619685	 1.785005655	166.000923502	 0.317867083	         0.008530697	         0.001835268	         0.010365965
 19788	    -1213000	 0.040742683	28.710619488	 7.507663781	165.808348372	 0.309378985	         0.007540599	         0.001522842	         0.009063441
 19789	    -1212000	 0.040630465	28.503474639	13.352880578	165.604430089	 0.300892239	         0.006623348	         0.001248307	         0.007871655
 19790	    -1211000	 0.040559536	28.294131548	19.121570564	165.401422266	 0.292452724	         0.005802766	         0.001014720	         0.006817486
 19791	    -1210000	 0.040487273	28.082450990	24.925855124	165.188062312	 0.284061147	         0.005084074	         0.000822140	         0.005906215
 19792	    -1209000	 0.040402584	27.868169029	31.094450080	164.973232884	 0.275732385	         0.004428874	         0.000655948	         0.005084822
 19793	    -1208000	 0.040117345	27.652232228	37.017530489	164.749104145	 0.267579190	         0.003876223	         0.000523870	         0.004400094
 19794	    -1207000	 0.039877133	27.433861941	43.080531496	164.515423457	 0.259579260	         0.003388254	         0.000414526	         0.003802780
 19795	    -1206000	 0.039634855	27.213510135	49.156942640	164.280459825	 0.251749158	         0.002966512	         0.000325029	         0.003291540
 19796	    -1205000	 0.039213755	26.991824381	55.391533195	164.020513916	 0.244109982	         0.002585018	         0.000248724	         0.002833743
 19797	    -1204000	 0.038722318	26.767825575	61.626262589	163.759577042	 0.236626520	         0.002264624	         0.000188761	         0.002453384
 19798	    -1203000	 0.038172814	26.542497110	67.827779916	163.484798100	 0.229330083	         0.001987749	         0.000140721	         0.002128469
 19799	    -1202000	 0.037628603	26.315678851	74.315766917	163.184273597	 0.222212613	         0.001735231	         0.000100323	         0.001835554
 19800	    -1201000	 0.036811992	26.086934291	80.832347224	162.885582761	 0.215258395	         0.001533214	         0.000070932	         0.001604147
 19801	    -1200000	 0.036078219	25.857368200	87.390739794	162.566798551	 0.208498002	         0.001350122	         0.000046848	         0.001396969
 19802	    -1199000	 0.035372082	25.626095823	94.178782467	162.231957038	 0.201902034	         0.001187560	         0.000028651	         0.001216211
 19803	    -1198000	 0.034381428	25.393494293	101.180595535	161.878042302	 0.195478615	         0.001050217	         0.000015109	         0.001065326
 19804	    -1197000	 0.033549493	25.160351040	108.013095631	161.520849935	 0.189245303	         0.000929537	         0.000005892	         0.000935429
 19805	    -1196000	 0.032722666	24.925800988	115.170252311	161.140841980	 0.183174933	         0.000820307	         0.000000557	         0.000820865
 19806	    -1195000	 0.031779184	24.690781312	122.494102089	160.758260868	 0.177287708	         0.000725600	         0.000000000	         0.000725600
 19807	    -1194000	 0.030725325	24.455438872	129.738845728	160.347877335	 0.171581999	         0.000638356	         0.000000000	         0.000638356
 19808	    -1193000	 0.029780176	24.219894158	137.044647928	159.931133963	 0.166055250	         0.000559726	         0.000000000	         0.000559726
 19809	    -1192000	 0.028765403	23.985386062	144.690242715	159.518566316	 0.160729679	         0.000492523	         0.000000000	         0.000492523
 19810	    -1191000	 0.027633762	23.751232835	152.616768152	159.076548491	 0.155582579	         0.000428629	         0.000000000	         0.000428629
 19811	    -1190000	 0.026467828	23.518787183	160.557312786	158.579014889	 0.150636055	         0.000364715	         0.000000000	         0.000364715
 19812	    -1189000	 0.025363882	23.289269648	168.818983867	158.157061949	 0.145906172	         0.000314732	         0.000000000	         0.000314732
 19813	    -1188000	 0.024265278	23.061891861	177.562906658	157.736519421	 0.141366845	         0.000270240	         0.000000000	         0.000270240
 19814	    -1187000	 0.023159692	22.838607389	-173.248966195	157.323088965	 0.137046695	         0.000231548	         0.000000000	         0.000231548
 19815	    -1186000	 0.022179349	22.620018026	-163.805796721	156.919305114	 0.132945303	         0.000195915	         0.000000000	         0.000195915
 19816	    -1185000	 0.021391591	22.406246583	-153.682159208	156.527052051	 0.129053049	         0.000166362	         0.000000000	         0.000166362
 19817	    -1184000	 0.020561169	22.199142063	-143.230318583	156.137317156	 0.125390896	         0.000139070	         0.000000000	         0.000139070
 19818	    -1183000	 0.019933038	21.998585721	-132.711188301	155.771630866	 0.121943606	         0.000115143	         0.000000000	         0.000115143
 19819	    -1182000	 0.019676072	21.805939584	-121.969068314	155.408495799	 0.118721555	         0.000094867	         0.000000000	         0.000094867
 19820	    -1181000	 0.019391006	21.622451056	-110.381080092	155.062497359	 0.115731861	         0.000077137	         0.000000000	         0.000077137
 19821	    -1180000	 0.019242845	21.448003235	-99.284632393	154.728863837	 0.112959317	         0.000062291	         0.000000000	         0.000062291
 19822	    -1179000	 0.019343930	21.284652771	-88.205737005	154.424189250	 0.110423394	         0.000050096	         0.000000000	         0.000050096
 19823	    -1178000	 0.019698992	21.132791036	-77.124009158	154.110731076	 0.108116920	         0.000038984	         0.000000000	         0.000038984
 19824	    -1177000	 0.020140345	20.993379791	-66.003507151	153.832240692	 0.106041982	         0.000030086	         0.000000000	         0.000030086
 19825	    -1176000	 0.020818714	20.868458149	-55.341845333	153.584820906	 0.104216552	         0.000023043	         0.000000000	         0.000023043
 19826	    -1175000	 0.021606815	20.757580358	-45.127588030	153.365169844	 0.102622679	         0.000017723	         0.000000000	         0.000017723
 19827	    -1174000	 0.022653578	20.662822753	-35.147164161	153.164790807	 0.101279867	         0.000013534	         0.000000000	         0.000013534
 19828	    -1173000	 0.023735224	20.585685759	-25.799511914	153.009935389	 0.100199741	         0.000010534	         0.000000000	         0.000010534
 19829	    -1172000	 0.024951166	20.525754808	-16.938320415	152.895652382	 0.099368504	         0.000008381	         0.000000000	         0.000008381
 19830	    -1171000	 0.026338985	20.485206922	-8.428348115	152.830951430	 0.098810022	         0.000006929	         0.000000000	         0.000006929
 19831	    -1170000	 0.027639149	20.464437309	-0.062269737	152.801947243	 0.098525172	         0.000005872	         0.000000000	         0.000005872
 19832	    -1169000	 0.028964863	20.464118826	 7.674659629	152.838579731	 0.098520810	         0.000005568	         0.000000000	         0.000005568
 19833	    -1168000	 0.030378874	20.485543826	15.096602036	152.904928310	 0.098814650	         0.000005480	         0.000000000	         0.000005480
 19834	    -1167000	 0.031993255	20.527877107	22.611995113	153.040874743	 0.099397821	         0.000006005	         0.000000000	         0.000006005
 19835	    -1166000	 0.033304318	20.592793029	29.834840508	153.205403150	 0.100298778	         0.000006899	         0.000000000	         0.000006899
 19836	    -1165000	 0.034820535	20.680244294	36.689615138	153.437235142	 0.101525423	         0.000008601	         0.000000000	         0.000008601
 19837	    -1164000	 0.036353301	20.789128211	43.414819308	153.701200124	 0.103073683	         0.000010989	         0.000000000	         0.000010989
 19838	    -1163000	 0.037847107	20.920822362	50.151034591	154.029182210	 0.104977872	         0.000014385	         0.000000000	         0.000014385
 19839	    -1162000	 0.039317181	21.073852321	56.481722179	154.365595057	 0.107234792	         0.000018659	         0.000000000	         0.000018659
 19840	    -1161000	 0.040787360	21.247992262	62.836068885	154.781120372	 0.109862129	         0.000025123	         0.000000000	         0.000025123
 19841	    -1160000	 0.042170267	21.443297194	69.066551480	155.214337480	 0.112885450	         0.000033687	         0.000000000	         0.000033687
 19842	    -1159000	 0.043457280	21.657396587	75.170997252	155.670662970	 0.116295388	         0.000044623	         0.000000000	         0.000044623
 19843	    -1158000	 0.044646895	21.891042340	81.130099471	156.163195552	 0.120134286	         0.000059068	         0.000000000	         0.000059068
 19844	    -1157000	 0.045867332	22.143068532	87.197100589	156.663800715	 0.124417371	         0.000077349	         0.000000000	         0.000077349
 19845	    -1156000	 0.046906188	22.411180494	93.362557082	157.191292061	 0.129141586	         0.000102336	         0.000000000	         0.000102336
 19846	    -1155000	 0.047805379	22.696023581	99.364058993	157.721002273	 0.134357285	         0.000133753	         0.000000000	         0.000133753
 19847	    -1154000	 0.048760988	22.995575002	105.363849894	158.260597162	 0.140069707	         0.000174402	         0.000000000	         0.000174402
 19848	    -1153000	 0.049714165	23.308716830	111.574129732	158.805653537	 0.146301113	         0.000227298	         0.000000000	         0.000227298
 19849	    -1152000	 0.050484251	23.635193976	117.708001490	159.337444971	 0.153093254	         0.000293894	         0.000000000	         0.000293894
 19850	    -1151000	 0.051283771	23.972455261	123.717405523	159.881704283	 0.160441046	         0.000383564	         0.000000000	         0.000383564
 19851	    -1150000	 0.052175143	24.320713246	129.855845826	160.491170901	 0.168398706	         0.000505980	         0.000000000	         0.000505980
 19852	    -1149000	 0.052819239	24.678401709	135.921835266	161.059635972	 0.176982900	         0.000663198	         0.000000000	         0.000663198
 19853	    -1148000	 0.053481663	25.043206837	141.889125891	161.593077043	 0.186188766	         0.000859903	         0.000003301	         0.000863203
 19854	    -1147000	 0.054167052	25.415710346	147.812128749	162.119439250	 0.196083192	         0.001112300	         0.000019006	         0.001131307
 19855	    -1146000	 0.054648753	25.793385550	153.823626239	162.618027318	 0.206651928	         0.001432242	         0.000050126	         0.001482368
 19856	    -1145000	 0.055063419	26.174953610	159.654569092	163.102738674	 0.217908191	         0.001843345	         0.000104118	         0.001947463
 19857	    -1144000	 0.055357006	26.560078300	165.534084061	163.569743438	 0.229891202	         0.002359815	         0.000186069	         0.002545885
 19858	    -1143000	 0.055654691	26.945904478	171.405388324	164.026253300	 0.242556822	         0.003020839	         0.000310549	         0.003331388
 19859	    -1142000	 0.055702227	27.332284109	177.317558316	164.471667090	 0.255939930	         0.003850609	         0.000489493	         0.004340102
 19860	    -1141000	 0.055744442	27.717643237	-176.793640188	164.890706045	 0.270023148	         0.004859306	         0.000732226	         0.005591531
 19861	    -1140000	 0.055794801	28.099427422	-170.971242177	165.299605936	 0.284728825	         0.006096571	         0.001062910	         0.007159481
 19862	    -1139000	 0.055715331	28.478294624	-164.885462989	165.705252865	 0.299869786	         0.007671733	         0.001533027	         0.009204761
 19863	    -1138000	 0.055523105	28.851488216	-159.046192096	166.085335235	 0.315226606	         0.009495464	         0.002131929	         0.011627392
 19864	    -1137000	 0.055352512	29.217636745	-153.180243158	166.460947680	 0.330709161	         0.011679591	         0.002926114	         0.014605705
 19865	    -1136000	 0.055252044	29.577352430	-147.178705790	166.824935765	 0.346308082	         0.014275064	         0.003975822	         0.018250886
 19866	    -1135000	 0.054866860	29.927509286	-141.262907954	167.186911311	 0.361848850	         0.017296317	         0.005346781	         0.022643098
 19867	    -1134000	 0.054573309	30.268349409	-135.432110273	167.536979407	 0.377299841	         0.020714730	         0.007085309	         0.027800039
 19868	    -1133000	 0.054262446	30.599212190	-129.528098239	167.887185672	 0.392589802	         0.024707677	         0.009446433	         0.034154110
 19869	    -1132000	 0.053852453	30.917726530	-123.588588173	168.228102736	 0.407566129	         0.029039115	         0.012585741	         0.041624857
 19870	    -1131000	 0.053368404	31.225159777	-117.812445882	168.583240592	 0.422246830	         0.034024575	         0.016581294	         0.050605869
 19871	    -1130000	 0.052930306	31.519618996	-111.913878481	168.908882340	 0.436502497	         0.039332718	         0.020885626	         0.060218344
 19872	    -1129000	 0.052416035	31.799808446	-105.986428897	169.240570641	 0.450231870	         0.045154210	         0.025761825	         0.070916034
 19873	    -1128000	 0.051870444	32.067172751	-100.178613232	169.569049838	 0.463471235	         0.051382823	         0.031129590	         0.082512413
 19874	    -1127000	 0.051326950	32.319107781	-94.376012190	169.900938086	 0.476060291	         0.058067103	         0.037084371	         0.095151474
 19875	    -1126000	 0.050852904	32.555320839	-88.548138439	170.219667124	 0.487955244	         0.065113681	         0.043534583	         0.108648264
 19876	    -1125000	 0.050235410	32.776597784	-82.674391241	170.543266357	 0.499170925	         0.072293904	         0.050263704	         0.122557608
 19877	    -1124000	 0.049547699	32.980509029	-77.027773287	170.867391096	 0.509562623	         0.080076068	         0.057777254	         0.137853322
 19878	    -1123000	 0.049018281	33.167833154	-71.405438815	171.220614348	 0.519151529	         0.090536765	         0.068285042	         0.158821807
 19879	    -1122000	 0.048345876	33.337974688	-65.611488932	171.524120940	 0.527892256	         0.097646850	         0.075381890	         0.173028740
 19880	    -1121000	 0.047535961	33.489537026	-59.955670289	171.794138575	 0.535700754	         0.102440032	         0.080099698	         0.182539730
 19881	    -1120000	 0.046792850	33.623626819	-54.451156203	172.036921103	 0.542624451	         0.105781368	         0.083342038	         0.189123405
 19882	    -1119000	 0.045992856	33.738740717	-48.693376158	172.266577802	 0.548578455	         0.107686958	         0.085131878	         0.192818836
 19883	    -1118000	 0.045057846	33.834891312	-43.073240613	172.463982701	 0.553557926	         0.107891346	         0.085183984	         0.193075330
 19884	    -1117000	 0.044189214	33.912736807	-37.336427796	172.657421019	 0.557593119	         0.107587899	         0.084742687	         0.192330585
 19885	    -1116000	 0.043341687	33.970679927	-31.554831067	172.825972458	 0.560598580	         0.106386669	         0.083426509	         0.189813178
 19886	    -1115000	 0.042342094	34.009816646	-25.568265165	172.977867814	 0.562629414	         0.103865751	         0.080815880	         0.184681630
 19887	    -1114000	 0.041498739	34.029944884	-19.834134703	173.098287485	 0.563674131	         0.101198516	         0.078112131	         0.179310647
 19888	    -1113000	 0.040635291	34.030131136	-13.954607689	173.198971613	 0.563683799	         0.097483415	         0.074420277	         0.171903692
 19889	    -1112000	 0.039859680	34.012144330	-7.898746255	173.282496352	 0.562750219	         0.093405381	         0.070447647	         0.163853027
 19890	    -1111000	 0.038956389	33.974820078	-1.944820830	173.343426701	 0.560813385	         0.089054010	         0.066274596	         0.155328607
 19891	    -1110000	 0.038098617	33.918547288	 3.941047466	173.367095575	 0.557894433	         0.084241971	         0.061734392	         0.145976363
 19892	    -1109000	 0.037354559	33.844833674	 9.852277872	173.372393665	 0.554073121	         0.079391609	         0.057253700	         0.136645309
 19893	    -1108000	 0.036498346	33.752208766	16.004415866	173.343409370	 0.549275614	         0.074104428	         0.052423297	         0.126527725
 19894	    -1107000	 0.035558919	33.642365147	21.882658698	173.273608158	 0.543593045	         0.068896062	         0.047757486	         0.116653548
 19895	    -1106000	 0.034714420	33.515992377	27.895300377	173.170912295	 0.537065688	         0.063566925	         0.043056547	         0.106623472
 19896	    -1105000	 0.033815327	33.372184781	34.180076322	173.037285301	 0.529653027	         0.058035286	         0.038235086	         0.096270372
 19897	    -1104000	 0.032771569	33.212984404	40.273631328	172.844926611	 0.521468337	         0.052172509	         0.033178163	         0.085350672
 19898	    -1103000	 0.031892969	33.038276637	46.565812335	172.577313485	 0.512515560	         0.044968051	         0.026946332	         0.071914383
 19899	    -1102000	 0.030926306	32.848361372	53.195228132	172.300881548	 0.502822289	         0.039402602	         0.022347472	         0.061750075
 19900	    -1101000	 0.029905142	32.645031022	59.806576490	172.019959336	 0.492494224	         0.034899608	         0.018743856	         0.053643464
 19901	    -1100000	 0.028948168	32.427340187	66.426783612	171.711080008	 0.481500056	         0.031037730	         0.015731002	         0.046768732
 19902	    -1099000	 0.028050943	32.196934376	73.369653127	171.391389621	 0.469942193	         0.027698411	         0.013197332	         0.040895743
 19903	    -1098000	 0.027038825	31.954830851	80.604936954	171.037589984	 0.457892525	         0.024730735	         0.010955932	         0.035686667
 19904	    -1097000	 0.026013887	31.699906831	87.883918702	170.666308328	 0.445319014	         0.022097360	         0.008949441	         0.031046801
 19905	    -1096000	 0.025053065	31.434381592	95.211757655	170.269012163	 0.432357097	         0.019764890	         0.007388068	         0.027152958
 19906	    -1095000	 0.024117004	31.158326173	103.133067381	169.864205325	 0.419037231	         0.017748697	         0.006199548	         0.023948246
 19907	    -1094000	 0.023114526	30.871635265	111.439212895	169.429949571	 0.405383899	         0.015901127	         0.005190552	         0.021091678
 19908	    -1093000	 0.022114238	30.576169229	119.795961352	168.962401208	 0.391515945	         0.014251503	         0.004363942	         0.018615445
 19909	    -1092000	 0.021265732	30.271283326	128.690816053	168.496630084	 0.377434185	         0.012774322	         0.003669409	         0.016443731
 19910	    -1091000	 0.020418156	29.958074438	138.363441693	168.016777418	 0.363221612	         0.011415761	         0.003062114	         0.014477875
 19911	    -1090000	 0.019660624	29.638096362	148.197777926	167.523167912	 0.348979229	         0.010219165	         0.002564208	         0.012783372
 19912	    -1089000	 0.019103196	29.310431091	158.257150138	167.015324687	 0.334696844	         0.009090015	         0.002118445	         0.011208460
 19913	    -1088000	 0.018718946	28.976716886	169.471814548	166.495730118	 0.320476182	         0.008104095	         0.001753087	         0.009857181
 19914	    -1087000	 0.018308281	28.638097393	-179.781889941	165.969311434	 0.306392491	         0.007183260	         0.001432937	         0.008616197
 19915	    -1086000	 0.018203440	28.294531702	-168.738793639	165.435574912	 0.292468723	         0.006325036	         0.001149082	         0.007474118
 19916	    -1085000	 0.018266953	27.947506505	-157.458316381	164.904039095	 0.278789965	         0.005560198	         0.000913262	         0.006473461
 19917	    -1084000	 0.018391885	27.596957804	-145.753948453	164.365789869	 0.265531217	         0.004861973	         0.000711585	         0.005573558
 19918	    -1083000	 0.018691265	27.244541734	-134.564791791	163.838889046	 0.252837396	         0.004228190	         0.000540321	         0.004768511
 19919	    -1082000	 0.019151572	26.891437222	-123.291327526	163.300215828	 0.240727371	         0.003639016	         0.000393342	         0.004032358
 19920	    -1081000	 0.019928198	26.536670116	-112.255101865	162.766179412	 0.229144412	         0.003123002	         0.000277659	         0.003400661
 19921	    -1080000	 0.020740146	26.182354198	-101.064711193	162.226563812	 0.218132464	         0.002651569	         0.000183648	         0.002835216
 19922	    -1079000	 0.021780330	25.829567676	-90.557434511	161.677267304	 0.207693864	         0.002223753	         0.000110572	         0.002334325
 19923	    -1078000	 0.023043000	25.477659488	-80.532848904	161.134024160	 0.197778941	         0.001840746	         0.000055817	         0.001896563
 19924	    -1077000	 0.024526580	25.127898835	-70.662650657	160.599621323	 0.188393567	         0.001519197	         0.000022246	         0.001541443
 19925	    -1076000	 0.026042966	24.780990540	-61.536153539	160.052577315	 0.179524729	         0.001223980	         0.000002490	         0.001226470
 19926	    -1075000	 0.027746935	24.437538791	-52.914223421	159.516610716	 0.171155615	         0.000983975	         0.000000000	         0.000983975
 19927	    -1074000	 0.029590679	24.098061290	-44.505443300	158.983620900	 0.163266821	         0.000780482	         0.000000000	         0.000780482
 19928	    -1073000	 0.031293073	23.762475785	-36.407400513	158.435906461	 0.155825909	         0.000602024	         0.000000000	         0.000602024
 19929	    -1072000	 0.033065328	23.432512674	-28.948613252	157.773831284	 0.148840393	         0.000444817	         0.000000000	         0.000444817
 19930	    -1071000	 0.035031548	23.108114249	-21.487551339	157.274872670	 0.142278038	         0.000337159	         0.000000000	         0.000337159
 19931	    -1070000	 0.036921938	22.789507453	-14.084413796	156.785009315	 0.136114551	         0.000251572	         0.000000000	         0.000251572
 19932	    -1069000	 0.038691140	22.478332441	-7.052832429	156.318099433	 0.130352652	         0.000184196	         0.000000000	         0.000184196
 19933	    -1068000	 0.040580225	22.174212621	-0.144479003	155.845160112	 0.124957144	         0.000131306	         0.000000000	         0.000131306
 19934	    -1067000	 0.042517178	21.878486643	 6.625194230	155.391383516	 0.119924805	         0.000091536	         0.000000000	         0.000091536
 19935	    -1066000	 0.044407776	21.592133785	13.313741211	154.953721550	 0.115245182	         0.000061841	         0.000000000	         0.000061841
 19936	    -1065000	 0.046284965	21.314915256	19.887542713	154.504665698	 0.110888867	         0.000039075	         0.000000000	         0.000039075
 19937	    -1064000	 0.048228020	21.048480521	26.220184200	154.072196208	 0.106857276	         0.000022964	         0.000000000	         0.000022964
 19938	    -1063000	 0.050119264	20.793651317	32.573775988	153.660363575	 0.103138507	         0.000012108	         0.000000000	         0.000012108
 19939	    -1062000	 0.051893021	20.550883884	38.730545797	153.241572652	 0.099716199	         0.000004821	         0.000000000	         0.000004821
 19940	    -1061000	 0.053744640	20.321068370	44.705748126	152.820193184	 0.096581169	         0.000000740	         0.000000000	         0.000000740
 19941	    -1060000	 0.055611888	20.104537361	50.813859062	152.442219654	 0.093717597	         0.000000000	         0.000000000	         0.000000000
 19942	    -1059000	 0.057241404	19.903045517	56.760768982	152.069571428	 0.091129230	         0.000000000	         0.000000000	         0.000000000
 19943	    -1058000	 0.058898993	19.716582904	62.578445622	151.717282996	 0.088797660	         0.000000000	         0.000000000	         0.000000000
 19944	    -1057000	 0.060697621	19.545060580	68.318724161	151.375027456	 0.086705620	         0.000000000	         0.000000000	         0.000000000
 19945	    -1056000	 0.062281551	19.390592888	74.158010837	151.064804437	 0.084863806	         0.000000000	         0.000000000	         0.000000000
 19946	    -1055000	 0.063868780	19.252741878	79.771641956	150.770215283	 0.083253186	         0.000000000	         0.000000000	         0.000000000
 19947	    -1054000	 0.065382815	19.131935061	85.315553798	150.510349352	 0.081866859	         0.000000000	         0.000000000	         0.000000000
 19948	    -1053000	 0.066990410	19.029024896	90.906158777	150.289640837	 0.080704129	         0.000000000	         0.000000000	         0.000000000
 19949	    -1052000	 0.068324512	18.943797745	96.283353430	150.072764229	 0.079753702	         0.000000000	         0.000000000	         0.000000000
 19950	    -1051000	 0.069700955	18.877574879	101.691109624	149.934617493	 0.079022940	         0.000000000	         0.000000000	         0.000000000
 19951	    -1050000	 0.070954424	18.830010812	106.979496448	149.846400041	 0.078502210	         0.000000000	         0.000000000	         0.000000000
 19952	    -1049000	 0.072027509	18.801166831	112.310400803	149.802996649	 0.078188101	         0.000000000	         0.000000000	         0.000000000
 19953	    -1048000	 0.072965085	18.792645727	117.559845470	149.824978310	 0.078095547	         0.000000000	         0.000000000	         0.000000000
 19954	    -1047000	 0.073821382	18.803812445	122.798636847	149.872825762	 0.078216859	         0.000000000	         0.000000000	         0.000000000
 19955	    -1046000	 0.074688072	18.835197715	128.155844116	150.012213155	 0.078558829	         0.000000000	         0.000000000	         0.000000000
 19956	    -1045000	 0.075160932	18.887549243	133.483737837	150.189675853	 0.079132576	         0.000000000	         0.000000000	         0.000000000
 19957	    -1044000	 0.075742261	18.960306525	138.798250505	150.423540466	 0.079936925	         0.000000000	         0.000000000	         0.000000000
 19958	    -1043000	 0.076331745	19.054761876	144.172469837	150.699799368	 0.080993360	         0.000000000	         0.000000000	         0.000000000
 19959	    -1042000	 0.076644815	19.170321447	149.654966494	150.993708345	 0.082304844	         0.000000000	         0.000000000	         0.000000000
 19960	    -1041000	 0.077003612	19.306845032	155.022465151	151.314927950	 0.083881638	         0.000000000	         0.000000000	         0.000000000
 19961	    -1040000	 0.077351177	19.465258862	160.460941314	151.676350520	 0.085749157	         0.000000000	         0.000000000	         0.000000000
 19962	    -1039000	 0.077584649	19.644125467	165.958043580	152.050890207	 0.087907816	         0.000000000	         0.000000000	         0.000000000
 19963	    -1038000	 0.077679374	19.843895826	171.384058938	152.421643493	 0.090383054	         0.000000000	         0.000000000	         0.000000000
 19964	    -1037000	 0.077750460	20.064037916	176.784294664	152.834265792	 0.093191503	         0.000000255	         0.000000000	         0.000000255
 19965	    -1036000	 0.077776303	20.303001089	-177.735252974	153.247310993	 0.096338924	         0.000003961	         0.000000000	         0.000003961
 19966	    -1035000	 0.077554567	20.561578897	-172.257881505	153.684266621	 0.099864548	         0.000011469	         0.000000000	         0.000011469
 19967	    -1034000	 0.077286726	20.837681638	-166.768642396	154.108996383	 0.103771672	         0.000023838	         0.000000000	         0.000023838
 19968	    -1033000	 0.076943604	21.130063985	-161.295224590	154.558806763	 0.108075945	         0.000042811	         0.000000000	         0.000042811
 19969	    -1032000	 0.076461803	21.439326592	-155.692777493	155.015220438	 0.112823164	         0.000071287	         0.000000000	         0.000071287
 19970	    -1031000	 0.075843359	21.762485018	-150.113130639	155.488109792	 0.118006617	         0.000113169	         0.000000000	         0.000113169
 19971	    -1030000	 0.075172427	22.099313527	-144.530713624	155.951666501	 0.123662967	         0.000169962	         0.000000000	         0.000169962
 19972	    -1029000	 0.074523094	22.449337263	-138.784047787	156.569908507	 0.129828345	         0.000265554	         0.000000000	         0.000265554
 19973	    -1028000	 0.073531050	22.809688821	-133.058810887	157.107122916	 0.136496917	         0.000386555	         0.000000000	         0.000386555
 19974	    -1027000	 0.072543176	23.181051797	-127.336135750	157.623080700	 0.143727835	         0.000545504	         0.000000000	         0.000545504
 19975	    -1026000	 0.071710071	23.561828034	-121.516171570	158.135576202	 0.151539964	         0.000752741	         0.000000000	         0.000752741
 19976	    -1025000	 0.070502496	23.950329950	-115.565548788	158.653055289	 0.159948381	         0.001019775	         0.000000000	         0.001019775
 19977	    -1024000	 0.069345824	24.347117108	-109.658832061	159.169118365	 0.169017888	         0.001351303	         0.000000000	         0.001351303
 19978	    -1023000	 0.068093555	24.749939895	-103.690394682	159.692063631	 0.178751563	         0.001762361	         0.000016789	         0.001779150
 19979	    -1022000	 0.066878423	25.158540009	-97.589189319	160.223943821	 0.189197670	         0.002268950	         0.000064401	         0.002333351
 19980	    -1021000	 0.065473338	25.572617727	-91.494054286	160.759947119	 0.200406768	         0.002864339	         0.000145547	         0.003009886
 19981	    -1020000	 0.064155667	25.989601586	-85.236552142	161.301090460	 0.212365724	         0.003572570	         0.000269226	         0.003841796
 19982	    -1019000	 0.062842046	26.410352092	-79.018520499	161.861998273	 0.225156163	         0.004411191	         0.000444629	         0.004855820
 19983	    -1018000	 0.061407072	26.833573037	-72.630750737	162.426004932	 0.238798937	         0.005351726	         0.000672349	         0.006024075
 19984	    -1017000	 0.060051019	27.257186900	-66.373095881	163.000631499	 0.253282194	         0.006407760	         0.000959090	         0.007366851
 19985	    -1016000	 0.058713393	27.681408723	-60.053414589	163.589804530	 0.268666569	         0.007617936	         0.001321204	         0.008939140
 19986	    -1015000	 0.057368414	28.104231434	-53.602185800	164.189509729	 0.284917934	         0.008962784	         0.001765059	         0.010727843
 19987	    -1014000	 0.055798433	28.525361975	-47.255145888	164.794565674	 0.301782613	         0.010421296	         0.002290290	         0.012711586
 19988	    -1013000	 0.054314359	28.942977401	-40.980222980	165.392202293	 0.319057113	         0.011952109	         0.002885110	         0.014837219
 19989	    -1012000	 0.052866287	29.354943107	-34.580241700	166.025844700	 0.336618699	         0.013779701	         0.003663714	         0.017443415
 19990	    -1011000	 0.051172226	29.762296488	-28.022090549	166.653003722	 0.354473419	         0.015606342	         0.004507398	         0.020113740
 19991	    -1010000	 0.049429926	30.161824317	-21.628117842	167.282498346	 0.372437413	         0.017610402	         0.005512316	         0.023122718
 19992	    -1009000	 0.047754353	30.551759360	-15.009886138	167.908227079	 0.390379830	         0.019736820	         0.006683023	         0.026419843
 19993	    -1008000	 0.045925821	30.933265628	-8.235472517	168.562294621	 0.408302964	         0.022157130	         0.008167796	         0.030324926
 19994	    -1007000	 0.044159927	31.303137224	-1.415886645	169.202297510	 0.426003972	         0.024670364	         0.009935202	         0.034605566
 19995	    -1006000	 0.042439742	31.660855544	 5.634446937	169.843467671	 0.443403837	         0.027415988	         0.012199795	         0.039615782
 19996	    -1005000	 0.040764812	32.006258115	12.898077783	170.472678079	 0.460443544	         0.030531040	         0.014743295	         0.045274335
 19997	    -1004000	 0.039034350	32.336695893	20.211899187	171.096796954	 0.476943028	         0.034157004	         0.017723447	         0.051880451
 19998	    -1003000	 0.037437962	32.653441951	27.665532885	171.709510399	 0.492920360	         0.038438192	         0.021279939	         0.059718131
 19999	    -1002000	 0.036046373	32.954668115	35.223141987	172.314298017	 0.508242941	         0.043802139	         0.025839875	         0.069642013
 20000	    -1001000	 0.034596798	33.239034999	43.119757284	172.953924431	 0.522805978	         0.051888666	         0.032972458	         0.084861124
 20001	    -1000000	 0.033113189	33.508029470	50.990205679	173.484499849	 0.536654793	         0.057980071	         0.038298458	         0.096278530
 20002	     -999000	 0.031830248	33.758969117	58.773191452	173.929224251	 0.549625598	         0.063161581	         0.042787836	         0.105949417
 20003	     -998000	 0.030641331	33.992050580	66.965489767	174.322283475	 0.561707439	         0.067927617	         0.046933440	         0.114861057
 20004	     -997000	 0.029352335	34.207582361	75.273966588	174.660262467	 0.572900275	         0.072673642	         0.051078671	         0.123752313
 20005	     -996000	 0.028142767	34.403061952	83.731556370	174.943694989	 0.583062272	         0.077392626	         0.055235748	         0.132628374
 20006	     -995000	 0.027146692	34.579881155	92.377483211	175.174665501	 0.592257702	         0.081928166	         0.059270512	         0.141198678
 20007	     -994000	 0.026030161	34.736704765	101.554957967	175.362027804	 0.600412325	         0.086725666	         0.063578510	         0.150304176
 20008	     -993000	 0.025142212	34.871719292	110.518223655	175.504589059	 0.607429679	         0.091390253	         0.067828795	         0.159219047
 20009	     -992000	 0.024360048	34.986914686	119.995554948	175.590747145	 0.613412961	         0.096134497	         0.072232795	         0.168367292
 20010	     -991000	 0.023731321	35.079783069	129.847873246	175.645032587	 0.618232981	         0.100887735	         0.076689737	         0.177577472
 20011	     -990000	 0.023070128	35.149940811	139.707960899	175.648647037	 0.621871711	         0.105448836	         0.081054592	         0.186503428
 20012	     -989000	 0.022718715	35.198495025	149.783128019	175.615244284	 0.624388507	         0.109889581	         0.085352220	         0.195241801
 20013	     -988000	 0.022502277	35.223125613	160.028825146	175.547431908	 0.625664731	         0.114120672	         0.089551004	         0.203671677
 20014	     -987000	 0.022470333	35.225001608	170.644516826	175.441180484	 0.625761921	         0.118138227	         0.093590424	         0.211728651
 20015	     -986000	 0.022494728	35.203268687	-178.901698155	175.300396958	 0.624635879	         0.121584266	         0.097123800	         0.218708066
 20016	     -985000	 0.022816660	35.157057552	-168.650335150	175.130829385	 0.622240684	         0.124239426	         0.099937898	         0.224177324
 20017	     -984000	 0.023434466	35.088276510	-158.359332721	174.941663112	 0.618673618	         0.126581446	         0.102477563	         0.229059009
 20018	     -983000	 0.024040135	34.994811502	-148.113184540	174.724242973	 0.613822954	         0.128062589	         0.104189542	         0.232252131
 20019	     -982000	 0.024917731	34.877390367	-138.509832820	174.482336521	 0.607724334	         0.128225256	         0.104574483	         0.232799738
 20020	     -981000	 0.026008865	34.737600739	-129.190448282	174.212593419	 0.600458906	         0.127531641	         0.104132931	         0.231664572
 20021	     -980000	 0.027146804	34.573760523	-120.007732154	173.919799411	 0.591939396	         0.125528982	         0.102345044	         0.227874027
 20022	     -979000	 0.028328279	34.387731744	-111.469063259	173.590265175	 0.582265114	         0.121953013	         0.098962754	         0.220915767
 20023	     -978000	 0.029710132	34.179603676	-103.217484551	173.250471979	 0.571446468	         0.117529580	         0.094711558	         0.212241138
 20024	     -977000	 0.031015795	33.949156481	-94.927647650	172.857256171	 0.559481997	         0.110675063	         0.088036414	         0.198711477
 20025	     -976000	 0.032292555	33.699143314	-86.956475176	172.458475491	 0.546529391	         0.102630579	         0.080176084	         0.182806663
 20026	     -975000	 0.033650232	33.427919061	-79.296716607	172.015383693	 0.532523837	         0.092387843	         0.070152011	         0.162539854
 20027	     -974000	 0.035102911	33.136636121	-71.541888193	171.506875619	 0.517551962	         0.078889844	         0.056937052	         0.135826896
 20028	     -973000	 0.036471702	32.827846979	-63.784013883	170.945934279	 0.501777842	         0.063913226	         0.042540783	         0.106454009
 20029	     -972000	 0.037922224	32.499788134	-56.156426665	170.438743186	 0.485151274	         0.053573091	         0.033201094	         0.086774185
 20030	     -971000	 0.039439945	32.154269072	-48.741916694	169.938072768	 0.467811412	         0.044984780	         0.025788296	         0.070773076
 20031	     -970000	 0.041139293	31.791815595	-41.230643031	169.446912138	 0.449838104	         0.037704780	         0.019752176	         0.057456957
 20032	     -969000	 0.042819472	31.412381297	-33.810177579	168.946575227	 0.431289593	         0.031108036	         0.014465323	         0.045573360
 20033	     -968000	 0.044555441	31.018216311	-26.656014352	168.444750170	 0.412341086	         0.025529331	         0.010164333	         0.035693664
 20034	     -967000	 0.046535165	30.607661868	-19.626329854	167.941847700	 0.392983909	         0.020722405	         0.007199131	         0.027921537
 20035	     -966000	 0.048346783	30.182283652	-12.625264189	167.442907535	 0.373368967	         0.016622243	         0.005095832	         0.021718075
 20036	     -965000	 0.050251856	29.744740526	-5.896923955	166.945725261	 0.353694161	         0.013240281	         0.003596168	         0.016836449
 20037	     -964000	 0.052223204	29.292869576	 0.694753500	166.435022970	 0.333940211	         0.010394360	         0.002486030	         0.012880390
 20038	     -963000	 0.054093511	28.829014015	 7.393055344	165.920528127	 0.314289573	         0.008051942	         0.001678827	         0.009730769
 20039	     -962000	 0.055820224	28.355314835	13.788426509	165.381484536	 0.294904901	         0.006176598	         0.001107955	         0.007284552
 20040	     -961000	 0.057638561	27.871281774	20.186080542	164.841233233	 0.275851712	         0.004685483	         0.000705088	         0.005390571
 20041	     -960000	 0.059456016	27.380002641	26.518329089	164.274049569	 0.257643191	         0.003498283	         0.000421848	         0.003920130
 20042	     -959000	 0.061000131	26.881827850	32.937760384	163.686592916	 0.240406046	         0.002575571	         0.000232792	         0.002808363
 20043	     -958000	 0.062642077	26.378412626	39.202509528	163.091595861	 0.224158779	         0.001883268	         0.000116320	         0.001999588
 20044	     -957000	 0.064186221	25.872932469	45.412277783	162.464179782	 0.208949562	         0.001353657	         0.000046328	         0.001399986
 20045	     -956000	 0.065756990	25.364877684	51.716220065	161.811048424	 0.194702602	         0.000954259	         0.000009998	         0.000964257
 20046	     -955000	 0.067204544	24.857259004	57.934484173	161.079415981	 0.181438051	         0.000660611	         0.000000000	         0.000660611
 20047	     -954000	 0.068624772	24.351926903	64.090945953	160.416333650	 0.169130925	         0.000453828	         0.000000000	         0.000453828
 20048	     -953000	 0.070112780	23.849074093	70.240327181	159.745350242	 0.157712945	         0.000306824	         0.000000000	         0.000306824
 20049	     -952000	 0.071395940	23.352318313	76.405305109	159.047367716	 0.147190479	         0.000201858	         0.000000000	         0.000201858
 20050	     -951000	 0.072726865	22.861291065	82.391468240	158.325792579	 0.137479489	         0.000128345	         0.000000000	         0.000128345
 20051	     -950000	 0.074154113	22.377268993	88.406149588	157.586650241	 0.128534284	         0.000077593	         0.000000000	         0.000077593
 20052	     -949000	 0.075450080	21.903908594	94.459170102	156.821110488	 0.120349327	         0.000043026	         0.000000000	         0.000043026
 20053	     -948000	 0.076673062	21.439859334	100.278167986	156.021398458	 0.112831519	         0.000020474	         0.000000000	         0.000020474
 20054	     -947000	 0.078016652	20.987493026	106.017092652	155.213574724	 0.105955247	         0.000007118	         0.000000000	         0.000007118
 20055	     -946000	 0.079296378	20.549165089	111.770678790	154.361746556	 0.099692378	         0.000000507	         0.000000000	         0.000000507
 20056	     -945000	 0.080446002	20.124593099	117.351888241	153.488323818	 0.093979222	         0.000000000	         0.000000000	         0.000000000
 20057	     -944000	 0.081583308	19.717113412	122.817557256	152.572711919	 0.088804209	         0.000000000	         0.000000000	         0.000000000
 20058	     -943000	 0.082722722	19.327372948	128.149262219	151.617276700	 0.084121326	         0.000000000	         0.000000000	         0.000000000
 20059	     -942000	 0.083583176	18.956724107	133.445575284	150.589519314	 0.079897130	         0.000000000	         0.000000000	         0.000000000
 20060	     -941000	 0.084396782	18.608894072	138.614144031	149.414975750	 0.076126129	         0.000000000	         0.000000000	         0.000000000
 20061	     -940000	 0.085048030	18.283770110	143.650405714	147.200142655	 0.072762399	         0.000000000	         0.000000000	         0.000000000
 20062	     -939000	 0.085590427	17.983846914	148.734681071	146.387225508	 0.069791345	         0.000000000	         0.000000000	         0.000000000
 20063	     -938000	 0.085868024	17.711836282	153.754300616	146.385762609	 0.067201833	         0.000000000	         0.000000000	         0.000000000
 20064	     -937000	 0.086065204	17.468040108	158.746764119	146.383964529	 0.064962674	         0.000000000	         0.000000000	         0.000000000
 20065	     -936000	 0.086293526	17.255431245	163.723481454	146.381901892	 0.063070946	         0.000000000	         0.000000000	         0.000000000
 20066	     -935000	 0.086178031	17.074502001	168.816494142	146.379353690	 0.061504544	         0.000000000	         0.000000000	         0.000000000
 20067	     -934000	 0.086156382	16.926245552	173.824882850	146.376642708	 0.060250051	         0.000000000	         0.000000000	         0.000000000
 20068	     -933000	 0.086124395	16.812884457	178.810935724	146.373711579	 0.059308119	         0.000000000	         0.000000000	         0.000000000
 20069	     -932000	 0.085994994	16.733267387	-176.001922747	146.370405654	 0.058655388	         0.000000000	         0.000000000	         0.000000000
 20070	     -931000	 0.085778614	16.688642609	-171.033439332	146.367020623	 0.058292684	         0.000000000	         0.000000000	         0.000000000
 20071	     -930000	 0.085612203	16.679065973	-165.954250386	146.363408872	 0.058215139	         0.000000000	         0.000000000	         0.000000000
 20072	     -929000	 0.085450456	16.702584209	-160.913773130	146.359673216	 0.058405758	         0.000000000	         0.000000000	         0.000000000
 20073	     -928000	 0.085036056	16.760332235	-155.827235090	146.355718440	 0.058876466	         0.000000000	         0.000000000	         0.000000000
 20074	     -927000	 0.084639390	16.849851352	-150.778619779	146.351700667	 0.059613653	         0.000000000	         0.000000000	         0.000000000
 20075	     -926000	 0.084140277	16.969152574	-145.727400637	146.347594192	 0.060610460	         0.000000000	         0.000000000	         0.000000000
 20076	     -925000	 0.083560353	17.118736795	-140.553012983	146.343336908	 0.061883878	         0.000000000	         0.000000000	         0.000000000
 20077	     -924000	 0.082742662	17.294955286	-135.391743276	146.339070836	 0.063418401	         0.000000000	         0.000000000	         0.000000000
 20078	     -923000	 0.081869484	17.496360328	-130.155935876	146.334779510	 0.065218904	         0.000000000	         0.000000000	         0.000000000
 20079	     -922000	 0.080952276	17.721991882	-124.790336016	146.330455778	 0.067296764	         0.000000000	         0.000000000	         0.000000000
 20080	     -921000	 0.079765300	17.968695025	-119.329961235	146.326203271	 0.069644511	         0.000000000	         0.000000000	         0.000000000
 20081	     -920000	 0.078601405	18.235935597	-113.806868066	146.322074832	 0.072280207	         0.000000000	         0.000000000	         0.000000000
 20082	     -919000	 0.077446546	18.521486211	-108.151529882	147.802281391	 0.075206816	         0.000000000	         0.000000000	         0.000000000
 20083	     -918000	 0.076033815	18.823271874	-102.248327970	148.926257467	 0.078428711	         0.000000000	         0.000000000	         0.000000000
 20084	     -917000	 0.074565962	19.141369408	-96.393285305	149.777548918	 0.081974287	         0.000000000	         0.000000000	         0.000000000
 20085	     -916000	 0.073204971	19.473288093	-90.419143473	150.547364891	 0.085844912	         0.000000000	         0.000000000	         0.000000000
 20086	     -915000	 0.071724489	19.818048891	-84.163853018	151.255718090	 0.090058916	         0.000000995	         0.000000000	         0.000000995
 20087	     -914000	 0.070115672	20.175253621	-77.828094922	151.953243260	 0.094643342	         0.000008317	         0.000000000	         0.000008317
 20088	     -913000	 0.068555287	20.542951433	-71.396541872	152.633084601	 0.099606311	         0.000022712	         0.000000000	         0.000022712
 20089	     -912000	 0.067015663	20.921131282	-64.847705143	153.304120587	 0.104982380	         0.000045429	         0.000000000	         0.000045429
 20090	     -911000	 0.065418764	21.308311553	-58.100941194	153.984567909	 0.110787127	         0.000078172	         0.000000000	         0.000078172
 20091	     -910000	 0.063917741	21.702912242	-51.233709907	154.660680725	 0.117033484	         0.000123680	         0.000000000	         0.000123680
 20092	     -909000	 0.062378336	22.104996231	-44.341066243	155.326411111	 0.123760687	         0.000181706	         0.000000000	         0.000181706
 20093	     -908000	 0.060933588	22.512957332	-37.173874974	156.014969905	 0.130981534	         0.000258412	         0.000000000	         0.000258412
 20094	     -907000	 0.059373254	22.925709590	-30.100346274	156.718442649	 0.138716033	         0.000355546	         0.000000000	         0.000355546
 20095	     -906000	 0.057899035	23.341827932	-22.948965096	157.410680044	 0.146976008	         0.000466290	         0.000000000	         0.000466290
 20096	     -905000	 0.056573842	23.760331770	-15.659408212	158.252851865	 0.155779477	         0.000624524	         0.000000000	         0.000624524
 20097	     -904000	 0.054949396	24.181310229	-8.150340436	158.995736633	 0.165167052	         0.000783971	         0.000000000	         0.000783971
 20098	     -903000	 0.053435576	24.601751209	-0.712712441	159.739235401	 0.175107259	         0.000967437	         0.000000000	         0.000967437
 20099	     -902000	 0.051918910	25.021066991	 6.802371982	160.492018301	 0.185616662	         0.001182531	         0.000006820	         0.001189351
 20100	     -901000	 0.050479736	25.440246706	14.717181575	161.234329562	 0.196753086	         0.001416311	         0.000029361	         0.001445672
 20101	     -900000	 0.048854702	25.856479793	22.679574868	161.970340049	 0.208472257	         0.001680424	         0.000065868	         0.001746292
 20102	     -899000	 0.047446694	26.269121850	30.885036342	162.700811196	 0.220779224	         0.001979180	         0.000117430	         0.002096610
 20103	     -898000	 0.046089326	26.678775448	39.276535204	163.422871113	 0.233715617	         0.002324210	         0.000186454	         0.002510664
 20104	     -897000	 0.044771618	27.084402716	47.975499837	164.122360363	 0.247271582	         0.002716637	         0.000273881	         0.002990518
 20105	     -896000	 0.043734104	27.485661612	56.707094128	164.810857640	 0.261455015	         0.003187049	         0.000388918	         0.003575967
 20106	     -895000	 0.042814232	27.881665083	65.683494794	165.468838400	 0.276250131	         0.003720310	         0.000527439	         0.004247749
 20107	     -894000	 0.042043502	28.272599925	74.803966634	166.103615233	 0.291592593	         0.004371965	         0.000708557	         0.005080522
 20108	     -893000	 0.041382248	28.658880511	83.897095874	166.704152983	 0.307246676	         0.005147753	         0.000934941	         0.006082694
 20109	     -892000	 0.040874535	29.038692425	92.865971462	167.282762057	 0.323091859	         0.006114105	         0.001237740	         0.007351845
 20110	     -891000	 0.040637148	29.412464870	101.951895732	167.820753559	 0.339110877	         0.007248378	         0.001614746	         0.008863124
 20111	     -890000	 0.040350113	29.780337702	111.258325664	168.318740384	 0.355275117	         0.008622060	         0.002099510	         0.010721571
 20112	     -889000	 0.040120871	30.140636319	120.161938063	168.789583255	 0.371473856	         0.010342426	         0.002759839	         0.013102265
 20113	     -888000	 0.040105627	30.493773449	129.094368437	169.232523439	 0.387686973	         0.012436334	         0.003635314	         0.016071648
 20114	     -887000	 0.040195648	30.838914406	138.169211381	169.626727388	 0.403837746	         0.014942672	         0.004778770	         0.019721442
 20115	     -886000	 0.040253226	31.174990251	147.064755229	170.023283807	 0.419836577	         0.018111789	         0.006399995	         0.024511784
 20116	     -885000	 0.040494873	31.502184710	155.849737201	170.377188304	 0.435653388	         0.021934049	         0.008688457	         0.030622506
 20117	     -884000	 0.040854298	31.818980924	164.690046660	170.709955848	 0.451176887	         0.026576688	         0.012045227	         0.038621914
 20118	     -883000	 0.041201116	32.124446762	173.373675607	171.008636969	 0.466323851	         0.032110249	         0.016200980	         0.048311229
 20119	     -882000	 0.041682863	32.418281854	-178.096777828	171.305387999	 0.481044091	         0.038941086	         0.021555061	         0.060496147
 20120	     -881000	 0.042346560	32.699497336	-169.683107533	171.589861625	 0.495255449	         0.047450670	         0.028598440	         0.076049110
 20121	     -880000	 0.042970896	32.967455036	-161.174710861	171.869601089	 0.508895865	         0.058153335	         0.037938302	         0.096091637
 20122	     -879000	 0.043680845	33.220846284	-152.982120374	172.184870069	 0.521871957	         0.073663811	         0.052449524	         0.126113335
 20123	     -878000	 0.044443277	33.459528908	-144.879552229	172.417284636	 0.534153197	         0.087188040	         0.065337209	         0.152525249
 20124	     -877000	 0.045424106	33.683472862	-136.854006696	172.600334314	 0.545718763	         0.100128584	         0.077949073	         0.178077657
 20125	     -876000	 0.046361538	33.890701838	-128.853149602	172.756405308	 0.556450603	         0.112928580	         0.090711043	         0.203639623
 20126	     -875000	 0.047354836	34.081816832	-121.085992109	172.892335329	 0.566367165	         0.125424281	         0.103410071	         0.228834352
 20127	     -874000	 0.048512587	34.256847815	-113.597396689	173.000165323	 0.575460646	         0.136939602	         0.115284244	         0.252223846
 20128	     -873000	 0.049756075	34.414309136	-105.908160684	173.096780029	 0.583647131	         0.148545183	         0.127433573	         0.275978756
 20129	     -872000	 0.050920819	34.555002303	-98.674037235	173.184998858	 0.590963860	         0.158356294	         0.137814749	         0.296171043
 20130	     -871000	 0.052139267	34.678117277	-91.545438785	173.254865380	 0.597366171	         0.166789478	         0.146781363	         0.313570841
 20131	     -870000	 0.053493359	34.783494519	-84.433397711	173.327263589	 0.602844667	         0.173972721	         0.154438192	         0.328410912
 20132	     -869000	 0.054603419	34.871539435	-77.519373467	173.396754667	 0.607420334	         0.178939014	         0.159696347	         0.338635360
 20133	     -868000	 0.055846477	34.940533149	-70.756192876	173.446712477	 0.611004421	         0.181450699	         0.162296272	         0.343746971
 20134	     -867000	 0.056964391	34.991310595	-63.969473187	173.514373435	 0.613641194	         0.182249420	         0.162970759	         0.345220178
 20135	     -866000	 0.058040665	35.023687877	-57.171049345	173.561746532	 0.615321976	         0.180771736	         0.161207086	         0.341978822
 20136	     -865000	 0.058997685	35.035693915	-50.510165774	173.621331921	 0.615945131	         0.177467294	         0.157428561	         0.334895855
 20137	     -864000	 0.060017341	35.028352066	-43.806477750	173.672788301	 0.615564071	         0.172237345	         0.151573501	         0.323810845
 20138	     -863000	 0.061077894	35.000660680	-37.007018656	173.722048939	 0.614126622	         0.165314794	         0.143911243	         0.309226037
 20139	     -862000	 0.062003757	34.951556950	-30.200074002	173.769014316	 0.611576944	         0.156792236	         0.134612303	         0.291404539
 20140	     -861000	 0.063006788	34.881705181	-23.468865007	173.801694877	 0.607948515	         0.146912607	         0.124011230	         0.270923836
 20141	     -860000	 0.064144399	34.789135109	-16.754947926	173.835147416	 0.603137861	         0.136555861	         0.113075375	         0.249631236
 20142	     -859000	 0.065286715	34.674268134	-9.904510174	173.860524840	 0.597166025	         0.125024156	         0.101163659	         0.226187815
 20143	     -858000	 0.066409648	34.537228471	-3.224038543	173.865469592	 0.590039510	         0.113240314	         0.089278322	         0.202518635
 20144	     -857000	 0.067633329	34.376164349	 3.370000615	173.851044306	 0.581663637	         0.101443649	         0.077686235	         0.179129885
 20145	     -856000	 0.068914689	34.192282208	10.057923935	173.825995714	 0.572105234	         0.089781570	         0.066560337	         0.156341907
 20146	     -855000	 0.070055812	33.985427825	16.601583136	173.759759440	 0.561363783	         0.078410852	         0.056052400	         0.134463252
 20147	     -854000	 0.071292379	33.755256924	23.010554387	173.654444985	 0.549433414	         0.067363277	         0.046167028	         0.113530305
 20148	     -853000	 0.072520029	33.502752143	29.545843025	173.497736629	 0.536382504	         0.056683366	         0.036946329	         0.093629695
 20149	     -852000	 0.073535232	33.227472745	35.962201804	173.269464338	 0.522212199	         0.046245946	         0.028232174	         0.074478121
 20150	     -851000	 0.074620493	32.931175571	42.333125258	172.917362594	 0.507043869	         0.035273139	         0.019314332	         0.054587471
 20151	     -850000	 0.075622888	32.614549165	48.662079576	172.596931059	 0.490950694	         0.027926838	         0.013788662	         0.041715500
 20152	     -849000	 0.076550494	32.276818886	55.122148617	172.263451193	 0.473939850	         0.022347433	         0.009829665	         0.032177099
 20153	     -848000	 0.077359826	31.920993766	61.458111900	171.892743738	 0.456216649	         0.018000212	         0.006895726	         0.024895938
 20154	     -847000	 0.078011195	31.547064083	67.797455821	171.490271283	 0.437840424	         0.014575283	         0.004993793	         0.019569076
 20155	     -846000	 0.078823464	31.154963819	74.204884077	171.054890819	 0.418876020	         0.011773762	         0.003639259	         0.015413021
 20156	     -845000	 0.079332471	30.747446276	80.654526223	170.569005947	 0.399529178	         0.009572641	         0.002688992	         0.012261633
 20157	     -844000	 0.079835499	30.323397321	87.093383403	170.053706775	 0.379824235	         0.007822400	         0.001997414	         0.009819814
 20158	     -843000	 0.080323382	29.884151736	93.528632400	169.487346478	 0.359905955	         0.006399536	         0.001479797	         0.007879333
 20159	     -842000	 0.080722417	29.431143757	100.140193731	168.872556374	 0.339922235	         0.005268596	         0.001098984	         0.006367580
 20160	     -841000	 0.081061535	28.962865922	106.637521717	168.213959062	 0.319893197	         0.004335153	         0.000804758	         0.005139911
 20161	     -840000	 0.081441620	28.481360556	113.209203885	167.504755470	 0.299994173	         0.003567404	         0.000579532	         0.004146937
 20162	     -839000	 0.081933239	27.986812625	119.885428741	166.751973303	 0.280317316	         0.002936658	         0.000407115	         0.003343773
 20163	     -838000	 0.082181070	27.478613602	126.504590765	165.952215517	 0.261199000	         0.002416228	         0.000275589	         0.002691817
 20164	     -837000	 0.082700644	26.958991401	133.049167520	165.118597923	 0.242998455	         0.001972904	         0.000174046	         0.002146950
 20165	     -836000	 0.083192175	26.427174740	139.607381357	164.240718877	 0.225683273	         0.001602460	         0.000099984	         0.001702444
 20166	     -835000	 0.083626833	25.884472805	146.157044494	163.329700045	 0.209285008	         0.001282922	         0.000047065	         0.001329987
 20167	     -834000	 0.084064112	25.333225608	152.522128996	162.389623632	 0.193847863	         0.001011164	         0.000013924	         0.001025088
 20168	     -833000	 0.084400384	24.772880266	158.824757845	161.417282886	 0.179322460	         0.000779169	         0.000000000	         0.000779169
 20169	     -832000	 0.084707083	24.206502685	165.111402042	160.414685844	 0.165746440	         0.000585480	         0.000000000	         0.000585480
 20170	     -831000	 0.084792630	23.635829403	171.317898338	159.376398927	 0.153106777	         0.000422315	         0.000000000	         0.000422315
 20171	     -830000	 0.084708751	23.062544931	177.398875924	158.227615702	 0.141379678	         0.000281646	         0.000000000	         0.000281646
 20172	     -829000	 0.084591202	22.490182413	-176.515129761	157.197050568	 0.130567539	         0.000185818	         0.000000000	         0.000185818
 20173	     -828000	 0.084169778	21.919372656	-170.343291267	156.121954768	 0.120608297	         0.000112212	         0.000000000	         0.000112212
 20174	     -827000	 0.083634200	21.354348530	-164.297670919	155.043028128	 0.111498342	         0.000060013	         0.000000000	         0.000060013
 20175	     -826000	 0.083043102	20.798154194	-158.225598301	153.950613300	 0.103203081	         0.000026472	         0.000000000	         0.000026472
 20176	     -825000	 0.082300766	20.250804459	-152.006631104	152.811119168	 0.095642482	         0.000006977	         0.000000000	         0.000006977
 20177	     -824000	 0.081511406	19.717523999	-145.894270835	151.621779065	 0.088809277	         0.000000000	         0.000000000	         0.000000000
 20178	     -823000	 0.080746631	19.200349729	-139.790571355	150.334064214	 0.082649096	         0.000000000	         0.000000000	         0.000000000
 20179	     -822000	 0.080091199	18.700142264	-133.597135928	148.803733140	 0.077097824	         0.000000000	         0.000000000	         0.000000000
 20180	     -821000	 0.079219792	18.221936744	-127.535737336	146.332790545	 0.072139698	         0.000000000	         0.000000000	         0.000000000
 20181	     -820000	 0.078533454	17.766197982	-121.553464628	146.328121192	 0.067711552	         0.000000000	         0.000000000	         0.000000000
 20182	     -819000	 0.077916038	17.335831984	-115.720567956	146.323676502	 0.063779762	         0.000000000	         0.000000000	         0.000000000
 20183	     -818000	 0.077239277	16.935039946	-109.871771750	146.319388461	 0.060323746	         0.000000000	         0.000000000	         0.000000000
 20184	     -817000	 0.076550963	16.563869704	-104.272600395	146.315489308	 0.057290406	         0.000000000	         0.000000000	         0.000000000
 20185	     -816000	 0.075740347	16.226827549	-98.784852574	146.311942477	 0.054668316	         0.000000000	         0.000000000	         0.000000000
 20186	     -815000	 0.075039490	15.926673798	-93.418627655	146.308705723	 0.052434404	         0.000000000	         0.000000000	         0.000000000
 20187	     -814000	 0.074094649	15.664713209	-88.088192401	146.305885593	 0.050559477	         0.000000000	         0.000000000	         0.000000000
 20188	     -813000	 0.073099862	15.445388704	-82.869296121	146.303484198	 0.049041374	         0.000000000	         0.000000000	         0.000000000
 20189	     -812000	 0.072091337	15.269413704	-77.721908135	146.301474128	 0.047856348	         0.000000000	         0.000000000	         0.000000000
 20190	     -811000	 0.070879173	15.139206850	-72.384729534	146.299864721	 0.046997999	         0.000000000	         0.000000000	         0.000000000
 20191	     -810000	 0.069667766	15.057950428	-67.243437472	146.298731424	 0.046470160	         0.000000000	         0.000000000	         0.000000000
 20192	     -809000	 0.068414389	15.024106692	-61.914505266	146.297970064	 0.046252065	         0.000000000	         0.000000000	         0.000000000
 20193	     -808000	 0.067190075	15.039617865	-56.350012561	146.297573040	 0.046351894	         0.000000000	         0.000000000	         0.000000000
 20194	     -807000	 0.065719259	15.104673595	-50.697398530	146.297781368	 0.046772944	         0.000000000	         0.000000000	         0.000000000
 20195	     -806000	 0.064476988	15.217413884	-44.908905017	146.298299874	 0.047511691	         0.000000000	         0.000000000	         0.000000000
 20196	     -805000	 0.063268352	15.377647792	-38.841294124	146.299276616	 0.048581768	         0.000000000	         0.000000000	         0.000000000
 20197	     -804000	 0.062180175	15.582152274	-32.424331119	146.300709747	 0.049982575	         0.000000000	         0.000000000	         0.000000000
 20198	     -803000	 0.061103556	15.830157719	-25.959460533	146.302653060	 0.051735655	         0.000000000	         0.000000000	         0.000000000
 20199	     -802000	 0.060189411	16.118501234	-19.255251883	146.305046432	 0.053851322	         0.000000000	         0.000000000	         0.000000000
 20200	     -801000	 0.059454520	16.442634526	-12.335917656	146.307891003	 0.056333055	         0.000000000	         0.000000000	         0.000000000
 20201	     -800000	 0.058840613	16.801498673	-5.285817489	146.311187381	 0.059214331	         0.000000000	         0.000000000	         0.000000000
 20202	     -799000	 0.058315862	17.189809176	 1.869513571	146.314912035	 0.062498262	         0.000000000	         0.000000000	         0.000000000
 20203	     -798000	 0.057990360	17.604196210	 9.104319982	146.318966928	 0.066203846	         0.000000000	         0.000000000	         0.000000000
 20204	     -797000	 0.057541460	18.042772394	16.544492800	146.323488908	 0.070365328	         0.000000000	         0.000000000	         0.000000000
 20205	     -796000	 0.057152564	18.498856179	23.894938236	146.786677729	 0.074970619	         0.000000000	         0.000000000	         0.000000000
 20206	     -795000	 0.056877468	18.971162534	31.315762326	149.351020278	 0.080057640	         0.000000000	         0.000000000	         0.000000000
 20207	     -794000	 0.056625257	19.457448530	39.117193936	150.805866874	 0.085656116	         0.000000000	         0.000000000	         0.000000000
 20208	     -793000	 0.056191305	19.951605527	46.950068288	152.069314283	 0.091746418	         0.000000000	         0.000000000	         0.000000000
 20209	     -792000	 0.055892107	20.453377899	54.848946416	153.250026825	 0.098373829	         0.000001721	         0.000000000	         0.000001721
 20210	     -791000	 0.055767354	20.960433477	62.971929180	154.364804968	 0.105557469	         0.000011808	         0.000000000	         0.000011808
 20211	     -790000	 0.055644426	21.470099053	71.337331859	155.441322836	 0.113306785	         0.000030415	         0.000000000	         0.000030415
 20212	     -789000	 0.055733930	21.981220499	79.748766641	156.478718857	 0.121649618	         0.000060307	         0.000000000	         0.000060307
 20213	     -788000	 0.055928744	22.491358148	88.235657766	157.453848415	 0.130588879	         0.000102949	         0.000000000	         0.000102949
 20214	     -787000	 0.056417806	23.001340385	96.833298008	158.391516849	 0.140182002	         0.000163299	         0.000000000	         0.000163299
 20215	     -786000	 0.056962600	23.509378718	105.218327417	159.274254749	 0.150439186	         0.000248229	         0.000000000	         0.000248229
 20216	     -785000	 0.057704394	24.012849213	113.611976058	160.104273358	 0.161344418	         0.000363746	         0.000000000	         0.000363746
 20217	     -784000	 0.058634201	24.513743012	121.842206281	160.950104492	 0.172978197	         0.000529229	         0.000000000	         0.000529229
 20218	     -783000	 0.059479755	25.010308516	130.072016515	161.739538274	 0.185339293	         0.000755573	         0.000001074	         0.000756647
 20219	     -782000	 0.060353602	25.500322340	138.034569541	162.446337544	 0.198402954	         0.001059053	         0.000020083	         0.001079136
 20220	     -781000	 0.061262411	25.984734841	145.866511504	163.097790428	 0.212222111	         0.001459996	         0.000061956	         0.001521951
 20221	     -780000	 0.062321235	26.461514365	153.765788608	163.705902081	 0.226763081	         0.002008816	         0.000140877	         0.002149692
 20222	     -779000	 0.063014028	26.929865154	161.493482235	164.261829329	 0.242016652	         0.002735214	         0.000270220	         0.003005435
 20223	     -778000	 0.063848287	27.388615417	169.150051031	164.771176681	 0.257951820	         0.003682885	         0.000469557	         0.004152441
 20224	     -777000	 0.064739662	27.835969407	176.740100670	165.233164126	 0.274501034	         0.004900312	         0.000761842	         0.005662154
 20225	     -776000	 0.065449335	28.272456487	-175.566928354	165.655591929	 0.291586868	         0.006462081	         0.001183399	         0.007645481
 20226	     -775000	 0.066244151	28.695459713	-168.084939489	166.062239097	 0.308753346	         0.008461558	         0.001795655	         0.010257213
 20227	     -774000	 0.067052120	29.104356242	-160.530075640	166.434075027	 0.325875870	         0.010960703	         0.002657304	         0.013618007
 20228	     -773000	 0.067879336	29.499693898	-153.035129904	166.784614341	 0.342908553	         0.014082533	         0.003883057	         0.017965591
 20229	     -772000	 0.068642754	29.878864813	-145.650871838	167.105471343	 0.359669398	         0.017735945	         0.005516304	         0.023252249
 20230	     -771000	 0.069461531	30.242884566	-138.327017374	167.415335388	 0.376134754	         0.022196645	         0.007848624	         0.030045269
 20231	     -770000	 0.070378287	30.591791731	-130.993827064	167.720332532	 0.392243847	         0.027397883	         0.011115306	         0.038513189
 20232	     -769000	 0.071181117	30.923712860	-123.701099711	168.006820489	 0.407849922	         0.033344993	         0.015793956	         0.049138950
 20233	     -768000	 0.071999051	31.240850773	-116.556178276	168.295515443	 0.423001796	         0.040098340	         0.021300481	         0.061398821
 20234	     -767000	 0.072910293	31.542429827	-109.488982108	168.571457166	 0.437614400	         0.047599265	         0.027648729	         0.075247995
 20235	     -766000	 0.073855982	31.827734065	-102.379578026	168.847398949	 0.451608562	         0.055874663	         0.034934107	         0.090808770
 20236	     -765000	 0.074629353	32.099010349	-95.427939890	169.124915830	 0.465056257	         0.064649292	         0.042960296	         0.107609588
 20237	     -764000	 0.075472396	32.354596946	-88.609493110	169.401269013	 0.477841971	         0.073812414	         0.051613772	         0.125426186
 20238	     -763000	 0.076433590	32.595208736	-81.773022520	169.691134342	 0.489972013	         0.083500468	         0.061006153	         0.144506621
 20239	     -762000	 0.077129319	32.821981083	-75.037940056	169.999393010	 0.501479289	         0.093419156	         0.070878444	         0.164297600
 20240	     -761000	 0.077821239	33.033042517	-68.421228819	170.324801808	 0.512247849	         0.104485352	         0.082248687	         0.186734039
 20241	     -760000	 0.078617173	33.229938944	-61.866460277	170.687648733	 0.522338840	         0.118337340	         0.096918556	         0.215255896
 20242	     -759000	 0.079109357	33.412218320	-55.286030864	171.004960620	 0.531714839	         0.125938090	         0.104773372	         0.230711462
 20243	     -758000	 0.079618202	33.578557628	-48.848006386	171.303402576	 0.540295819	         0.130307436	         0.109126567	         0.239434003
 20244	     -757000	 0.079981389	33.730612457	-42.357260108	171.617434072	 0.548157758	         0.132656483	         0.111279574	         0.243936057
 20245	     -756000	 0.080377891	33.866574403	-35.856708706	171.923288299	 0.555199871	         0.132774421	         0.111043028	         0.243817449
 20246	     -755000	 0.080536228	33.986123229	-29.375283824	172.223204924	 0.561399867	         0.130499593	         0.108296391	         0.238795984
 20247	     -754000	 0.080791328	34.090238356	-22.858307623	172.530713208	 0.566804478	         0.127201691	         0.104485637	         0.231687329
 20248	     -753000	 0.081095428	34.176724306	-16.389372260	172.825416228	 0.571296864	         0.122393391	         0.099232490	         0.221625881
 20249	     -752000	 0.081284652	34.246539786	-9.762048924	173.128296046	 0.574924881	         0.116352998	         0.092804324	         0.209157323
 20250	     -751000	 0.081481148	34.299307848	-3.272478566	173.439829214	 0.577667760	         0.110162601	         0.086369189	         0.196531790
 20251	     -750000	 0.081743305	34.333871173	 3.187358555	173.723279525	 0.579464643	         0.103032415	         0.079194642	         0.182227057
 20252	     -749000	 0.082153464	34.351865753	 9.761536785	174.010229873	 0.580400224	         0.095728864	         0.072018378	         0.167747241
 20253	     -748000	 0.082332408	34.351885448	16.213049147	174.265338822	 0.580401248	         0.088180649	         0.064820520	         0.153001169
 20254	     -747000	 0.082600670	34.334455738	22.638478460	174.526112742	 0.579495035	         0.081295123	         0.058440002	         0.139735125
 20255	     -746000	 0.082963847	34.300938678	29.028593851	174.754307892	 0.577752539	         0.074602533	         0.052402086	         0.127004619
 20256	     -745000	 0.083109263	34.250035720	35.440054856	174.951102922	 0.575106581	         0.068095737	         0.046703236	         0.114798973
 20257	     -744000	 0.083258894	34.183506226	41.704834175	175.101944674	 0.571649236	         0.062133946	         0.041622144	         0.103756090
 20258	     -743000	 0.083415136	34.101511717	48.074111499	175.223897667	 0.567389919	         0.056582981	         0.037020870	         0.093603851
 20259	     -742000	 0.083463438	34.003445027	54.442302119	175.312588114	 0.562298742	         0.051723764	         0.033104066	         0.084827830
 20260	     -741000	 0.083386187	33.891686958	60.717969215	175.345568489	 0.556501676	         0.047255095	         0.029572700	         0.076827796
 20261	     -740000	 0.083310163	33.765026831	67.045520587	175.326900956	 0.549939229	         0.043221652	         0.026455563	         0.069677215
 20262	     -739000	 0.083251876	33.623721923	73.412597633	175.252344884	 0.542629366	         0.039447048	         0.023567492	         0.063014539
 20263	     -738000	 0.083017214	33.469629969	79.804062177	175.116007617	 0.534674040	         0.036083531	         0.021019378	         0.057102910
 20264	     -737000	 0.082679642	33.300861540	86.170546801	174.906489160	 0.525983270	         0.032849301	         0.018565634	         0.051414936
 20265	     -736000	 0.082465383	33.118358957	92.514735265	174.607989403	 0.516615310	         0.029194944	         0.015738675	         0.044933619
 20266	     -735000	 0.082117411	32.922551147	99.036123054	174.229991483	 0.506603839	         0.025560358	         0.012906787	         0.038467145
 20267	     -734000	 0.081609386	32.711798848	105.486595280	173.839795568	 0.495879642	         0.023184237	         0.011089587	         0.034273824
 20268	     -733000	 0.081154564	32.487271623	111.929521399	173.413617397	 0.484519910	         0.021235281	         0.009586496	         0.030821777
 20269	     -732000	 0.080694959	32.248046859	118.560323495	172.950156403	 0.472498812	         0.019722109	         0.008399567	         0.028121676
 20270	     -731000	 0.080074214	31.993591463	125.141856410	172.442917502	 0.459814785	         0.018333825	         0.007235051	         0.025568876
 20271	     -730000	 0.079523868	31.724994292	131.822771056	171.907862883	 0.446550935	         0.017239242	         0.006418285	         0.023657527
 20272	     -729000	 0.079075222	31.440345591	138.536923118	171.330925070	 0.432646658	         0.016109860	         0.005654247	         0.021764107
 20273	     -728000	 0.078447369	31.140705719	145.392554869	170.718356503	 0.418192682	         0.015157807	         0.005049312	         0.020207119
 20274	     -727000	 0.077978875	30.826614551	152.110199953	170.090579429	 0.403257201	         0.014214660	         0.004490169	         0.018704829
 20275	     -726000	 0.077472472	30.496464249	158.913611570	169.434625499	 0.387811746	         0.013280265	         0.003968938	         0.017249203
 20276	     -725000	 0.077075932	30.152521510	165.815839218	168.763982569	 0.372014206	         0.012325596	         0.003464235	         0.015789830
 20277	     -724000	 0.076490457	29.794323999	172.595100915	168.077454544	 0.355897254	         0.011416452	         0.003021736	         0.014438188
 20278	     -723000	 0.075933914	29.422111829	179.438115855	167.390308605	 0.339529786	         0.010498330	         0.002602125	         0.013100455
 20279	     -722000	 0.075420737	29.038179992	-173.770270634	166.689961942	 0.323070184	         0.009560839	         0.002205248	         0.011766087
 20280	     -721000	 0.074745606	28.641229539	-166.858693887	165.972058953	 0.306521136	         0.008568640	         0.001811088	         0.010379728
 20281	     -720000	 0.073903428	28.233544869	-160.008946761	165.269698760	 0.290036229	         0.007623667	         0.001466158	         0.009089825
 20282	     -719000	 0.073060220	27.816721059	-153.138327868	164.565549544	 0.273767582	         0.006717428	         0.001160639	         0.007878067
 20283	     -718000	 0.072200488	27.389163960	-146.032365489	163.853439984	 0.257971489	         0.005808015	         0.000875109	         0.006683124
 20284	     -717000	 0.071035377	26.954166231	-138.993391342	163.149373841	 0.242835531	         0.004956024	         0.000634184	         0.005590207
 20285	     -716000	 0.069997354	26.512336696	-131.789668301	162.437717993	 0.228370676	         0.004138843	         0.000424017	         0.004562860
 20286	     -715000	 0.068966504	26.062527565	-124.431872852	161.738324705	 0.214529361	         0.003420090	         0.000265331	         0.003685422
 20287	     -714000	 0.067789893	25.607689204	-116.978820902	161.022581625	 0.201386124	         0.002736931	         0.000138131	         0.002875061
 20288	     -713000	 0.066764041	25.147052315	-109.506052394	160.317715637	 0.188895802	         0.002163675	         0.000057226	         0.002220901
 20289	     -712000	 0.065826818	24.681132871	-101.873692435	159.601098997	 0.177050101	         0.001661738	         0.000010765	         0.001672503
 20290	     -711000	 0.064887274	24.211810779	-94.106448632	158.874667503	 0.165868777	         0.001242554	         0.000000000	         0.001242554
 20291	     -710000	 0.063973446	23.737423771	-86.401031191	158.141121243	 0.155284231	         0.000900554	         0.000000000	         0.000900554
 20292	     -709000	 0.063199609	23.260140291	-78.692867440	157.379055718	 0.145316595	         0.000622788	         0.000000000	         0.000622788
 20293	     -708000	 0.062581604	22.780884505	-70.873713857	156.593749892	 0.135951503	         0.000410188	         0.000000000	         0.000410188
 20294	     -707000	 0.061887985	22.298865673	-63.047165931	155.637496953	 0.127141115	         0.000237776	         0.000000000	         0.000237776
 20295	     -706000	 0.061233433	21.817230601	-55.295828274	154.861232679	 0.118908029	         0.000139332	         0.000000000	         0.000139332
 20296	     -705000	 0.060698452	21.336598937	-47.604054585	154.063352735	 0.111223594	         0.000073390	         0.000000000	         0.000073390
 20297	     -704000	 0.060233297	20.858181577	-39.815536608	153.219188480	 0.104067790	         0.000032305	         0.000000000	         0.000032305
 20298	     -703000	 0.059708800	20.385901017	-32.095679081	152.347141778	 0.097455467	         0.000009650	         0.000000000	         0.000009650
 20299	     -702000	 0.059235053	19.920273553	-24.456249711	151.403758601	 0.091347718	         0.000000146	         0.000000000	         0.000000146
 20300	     -701000	 0.058961337	19.464583655	-16.663830500	150.404654578	 0.085741110	         0.000000000	         0.000000000	         0.000000000
 20301	     -700000	 0.058428294	19.023032635	-9.051399652	149.258404609	 0.080636937	         0.000000000	         0.000000000	         0.000000000
 20302	     -699000	 0.058115899	18.597166308	-1.427726895	147.613766630	 0.076002132	         0.000000000	         0.000000000	         0.000000000
 20303	     -698000	 0.057977373	18.190551225	 6.205098188	146.317355962	 0.071825668	         0.000000000	         0.000000000	         0.000000000
 20304	     -697000	 0.057751432	17.806019380	14.006824840	146.321900642	 0.068087386	         0.000000000	         0.000000000	         0.000000000
 20305	     -696000	 0.057707248	17.447618553	21.540370336	146.326544051	 0.064778532	         0.000000000	         0.000000000	         0.000000000
 20306	     -695000	 0.057793697	17.118126394	29.165940466	146.331445676	 0.061878628	         0.000000000	         0.000000000	         0.000000000
 20307	     -694000	 0.058238701	16.818832912	36.643525878	146.336370458	 0.059357178	         0.000000000	         0.000000000	         0.000000000
 20308	     -693000	 0.058670475	16.554723219	44.133270159	146.341396945	 0.057217615	         0.000000000	         0.000000000	         0.000000000
 20309	     -692000	 0.059381132	16.327783918	51.402026190	146.346303494	 0.055440881	         0.000000000	         0.000000000	         0.000000000
 20310	     -691000	 0.060289152	16.138651781	58.394113261	146.351017790	 0.054002367	         0.000000000	         0.000000000	         0.000000000
 20311	     -690000	 0.061377134	15.990731480	65.288337355	146.355619043	 0.052903365	         0.000000000	         0.000000000	         0.000000000
 20312	     -689000	 0.062533639	15.884783654	71.821927289	146.359879497	 0.052129980	         0.000000000	         0.000000000	         0.000000000
 20313	     -688000	 0.063775498	15.822358148	78.157340498	146.363873150	 0.051679597	         0.000000000	         0.000000000	         0.000000000
 20314	     -687000	 0.065112656	15.804346646	84.377299081	146.367621135	 0.051550374	         0.000000000	         0.000000000	         0.000000000
 20315	     -686000	 0.066187153	15.829464639	90.441736203	146.370902181	 0.051730671	         0.000000000	         0.000000000	         0.000000000
 20316	     -685000	 0.067355527	15.899731221	96.332627597	146.373849106	 0.052238403	         0.000000000	         0.000000000	         0.000000000
 20317	     -684000	 0.068577367	16.013668522	102.233086813	146.376499045	 0.053072304	         0.000000000	         0.000000000	         0.000000000
 20318	     -683000	 0.069667057	16.169442083	108.345815258	146.378762975	 0.054233984	         0.000000000	         0.000000000	         0.000000000
 20319	     -682000	 0.070619385	16.367335836	114.318946357	146.380503009	 0.055746519	         0.000000000	         0.000000000	         0.000000000
 20320	     -681000	 0.071755734	16.604591701	120.446038758	146.381945038	 0.057615609	         0.000000000	         0.000000000	         0.000000000
 20321	     -680000	 0.072940715	16.880478772	126.656718111	146.382961135	 0.059867981	         0.000000000	         0.000000000	         0.000000000
 20322	     -679000	 0.074141872	17.192636286	132.976602651	146.383499214	 0.062522827	         0.000000000	         0.000000000	         0.000000000
 20323	     -678000	 0.075501227	17.537731250	139.356046365	146.383614544	 0.065595029	         0.000000000	         0.000000000	         0.000000000
 20324	     -677000	 0.076994649	17.915908753	145.703864112	146.383287862	 0.069135379	         0.000000000	         0.000000000	         0.000000000
 20325	     -676000	 0.078475238	18.323555795	152.131323781	147.411010444	 0.073165905	         0.000000000	         0.000000000	         0.000000000
 20326	     -675000	 0.080025550	18.757499814	158.502165860	149.759161825	 0.077714958	         0.000000000	         0.000000000	         0.000000000
 20327	     -674000	 0.081624007	19.216654021	164.782424991	151.066850115	 0.082836616	         0.000000000	         0.000000000	         0.000000000
 20328	     -673000	 0.083269563	19.697314691	171.175702082	152.172798482	 0.088560153	         0.000000000	         0.000000000	         0.000000000
 20329	     -672000	 0.084627328	20.197367297	177.492152230	153.169147189	 0.094934704	         0.000001854	         0.000000000	         0.000001854
 20330	     -671000	 0.085989909	20.713016797	-176.241228712	154.093219844	 0.101988964	         0.000016529	         0.000000000	         0.000016529
 20331	     -670000	 0.087385349	21.241377067	-169.982296186	154.972191234	 0.109761155	         0.000048443	         0.000000000	         0.000048443
 20332	     -669000	 0.088410898	21.781066712	-163.593121975	155.786358839	 0.118311805	         0.000106545	         0.000000000	         0.000106545
 20333	     -668000	 0.089398657	22.326357575	-157.253669956	156.558650801	 0.127627898	         0.000203515	         0.000000000	         0.000203515
 20334	     -667000	 0.090247718	22.875773355	-150.900428972	157.474230570	 0.137756519	         0.000384438	         0.000000000	         0.000384438
 20335	     -666000	 0.091087216	23.427813109	-144.366157357	158.227385055	 0.148743196	         0.000646444	         0.000000000	         0.000646444
 20336	     -665000	 0.091649965	23.976887213	-137.913205146	158.922024258	 0.160539915	         0.001026547	         0.000000000	         0.001026547
 20337	     -664000	 0.092261843	24.523472866	-131.317399518	159.595092056	 0.173212300	         0.001587416	         0.000005536	         0.001592952
 20338	     -663000	 0.092853924	25.065636884	-124.719227325	160.227115114	 0.186770167	         0.002353653	         0.000066879	         0.002420531
 20339	     -662000	 0.093257028	25.599520689	-118.016549873	160.834606305	 0.201157595	         0.003367731	         0.000205169	         0.003572900
 20340	     -661000	 0.093758045	26.126831706	-111.317628477	161.426558534	 0.216455479	         0.004732906	         0.000465883	         0.005198788
 20341	     -660000	 0.094193396	26.645238343	-104.606587285	162.004131192	 0.232628651	         0.006439174	         0.000869191	         0.007308364
 20342	     -659000	 0.094721292	27.153688799	-97.812822341	162.558840404	 0.249664501	         0.008542990	         0.001457893	         0.010000883
 20343	     -658000	 0.095059114	27.653433020	-91.068087135	163.110265513	 0.267623855	         0.011084941	         0.002285616	         0.013370557
 20344	     -657000	 0.095509598	28.141815571	-84.356403291	163.662512757	 0.286399993	         0.014057700	         0.003390831	         0.017448531
 20345	     -656000	 0.096087827	28.620023779	-77.660974498	164.213510437	 0.305650763	         0.017484226	         0.004846364	         0.022330590
 20346	     -655000	 0.096325903	29.087914669	-70.933815512	164.762535970	 0.325177561	         0.021171316	         0.006638657	         0.027809974
 20347	     -654000	 0.096701473	29.542541434	-64.364681197	165.329431116	 0.344782071	         0.025299237	         0.008957591	         0.034256828
 20348	     -653000	 0.097012710	29.985514889	-57.825671783	165.903126961	 0.364456215	         0.029669242	         0.011865112	         0.041534354
 20349	     -652000	 0.097160415	30.415406216	-51.250051834	166.499293389	 0.384061139	         0.034190111	         0.015622649	         0.049812760
 20350	     -651000	 0.097112351	30.829856057	-44.808653498	167.107796335	 0.403410163	         0.038740634	         0.019506317	         0.058246951
 20351	     -650000	 0.097015260	31.229157966	-38.385804969	167.741638201	 0.422439150	         0.043390686	         0.023523987	         0.066914673
 20352	     -649000	 0.096772633	31.610827613	-31.927271930	168.383620302	 0.440954723	         0.047790953	         0.027386653	         0.075177606
 20353	     -648000	 0.096287591	31.974301342	-25.467494709	169.040987815	 0.458857791	         0.051990316	         0.031136929	         0.083127244
 20354	     -647000	 0.095760488	32.318366985	-19.001920196	169.721126474	 0.476023122	         0.056084627	         0.034866037	         0.090950664
 20355	     -646000	 0.095188079	32.640467841	-12.520668094	170.410935423	 0.492263073	         0.059990936	         0.038482366	         0.098473302
 20356	     -645000	 0.094428829	32.941487346	-5.939859509	171.131929943	 0.507570107	         0.064265175	         0.042527632	         0.106792807
 20357	     -644000	 0.093723577	33.219638457	 0.646519836	171.910778581	 0.521809945	         0.070758062	         0.048853964	         0.119612026
 20358	     -643000	 0.093005087	33.473755782	 7.221854324	172.607490255	 0.534886804	         0.073028122	         0.051019899	         0.124048021
 20359	     -642000	 0.092403098	33.705003043	13.931494596	173.263101207	 0.546832555	         0.073224704	         0.051217535	         0.124442239
 20360	     -641000	 0.091622469	33.911717016	20.592708936	173.876187186	 0.557540238	         0.072165201	         0.050255311	         0.122420512
 20361	     -640000	 0.090953525	34.094898540	27.205465277	174.442547972	 0.567046482	         0.070328957	         0.048613246	         0.118942202
 20362	     -639000	 0.090539635	34.255189639	33.817011553	174.964210653	 0.575374460	         0.068070706	         0.046632306	         0.114703013
 20363	     -638000	 0.089809648	34.391244065	40.464794885	175.447557563	 0.582447750	         0.065737611	         0.044623143	         0.110360754
 20364	     -637000	 0.089184193	34.505536596	47.006654544	175.874607132	 0.588391334	         0.063304008	         0.042563459	         0.105867467
 20365	     -636000	 0.088530252	34.598047914	53.482371267	176.247196704	 0.593202462	         0.061307760	         0.040917228	         0.102224988
 20366	     -635000	 0.087808420	34.668251661	60.023442684	176.554768070	 0.596853180	         0.059223880	         0.039207450	         0.098431330
 20367	     -634000	 0.086912947	34.718428526	66.437599008	176.805410086	 0.599462139	         0.057684647	         0.037972013	         0.095656659
 20368	     -633000	 0.086046658	34.747881977	72.952006633	176.985701503	 0.600993404	         0.056367330	         0.036928947	         0.093296277
 20369	     -632000	 0.085128838	34.757172080	79.397690207	177.101393336	 0.601476359	         0.055399251	         0.036175094	         0.091574344
 20370	     -631000	 0.083961998	34.747343289	85.928437574	177.150220659	 0.600965399	         0.054834873	         0.035742379	         0.090577251
 20371	     -630000	 0.082889918	34.717286015	92.413763861	177.124325114	 0.599402737	         0.054559528	         0.035550414	         0.090109942
 20372	     -629000	 0.081777782	34.668392173	98.921278844	177.040494132	 0.596860486	         0.054573701	         0.035589398	         0.090163099
 20373	     -628000	 0.080614470	34.600662487	105.574260630	176.892791276	 0.593338431	         0.054900472	         0.035881105	         0.090781576
 20374	     -627000	 0.079304195	34.513079308	112.173279501	176.676894792	 0.588783602	         0.055509785	         0.036406146	         0.091915932
 20375	     -626000	 0.078047827	34.407096495	118.784174338	176.400858518	 0.583272068	         0.056089649	         0.036907459	         0.092997108
 20376	     -625000	 0.076915308	34.282283713	125.514971501	176.082468953	 0.576782785	         0.056852182	         0.037569931	         0.094422113
 20377	     -624000	 0.075542565	34.138463250	132.341698269	175.696580398	 0.569309161	         0.057581943	         0.038199949	         0.095781891
 20378	     -623000	 0.074282634	33.976485191	139.095466155	175.276548511	 0.560899778	         0.058186927	         0.038748282	         0.096935209
 20379	     -622000	 0.073112756	33.796109576	145.966791375	174.802416353	 0.551548845	         0.058231203	         0.038801672	         0.097032876
 20380	     -621000	 0.071859227	33.598482585	152.975727006	174.282068314	 0.541325120	         0.057954541	         0.038573109	         0.096527650
 20381	     -620000	 0.070658082	33.383820793	159.916997367	173.720768215	 0.530252163	         0.056502950	         0.037265905	         0.093768855
 20382	     -619000	 0.069592721	33.152439858	166.958365452	173.104165299	 0.518362142	         0.053369705	         0.034367495	         0.087737200
 20383	     -618000	 0.068489513	32.906418961	174.106988056	172.419458008	 0.505780991	         0.048083251	         0.029428794	         0.077512045
 20384	     -617000	 0.067394046	32.645836974	-178.799486612	171.790381975	 0.492535053	         0.044827853	         0.026466310	         0.071294163
 20385	     -616000	 0.066364066	32.371687526	-171.637102645	171.164130957	 0.478700681	         0.041778035	         0.023735481	         0.065513516
 20386	     -615000	 0.065490448	32.085844192	-164.478146856	170.559338810	 0.464400573	         0.039056061	         0.021316209	         0.060372270
 20387	     -614000	 0.064390761	31.788331664	-157.197968782	169.955364051	 0.449666507	         0.036278949	         0.018906542	         0.055185492
 20388	     -613000	 0.063329433	31.481049190	-149.924862595	169.364913758	 0.434624852	         0.033439099	         0.016466044	         0.049905143
 20389	     -612000	 0.062321146	31.164962211	-142.689475857	168.785249456	 0.419355476	         0.030600903	         0.014054353	         0.044655256
 20390	     -611000	 0.061321103	30.839931099	-135.193289499	168.219010562	 0.403885750	         0.027819070	         0.011672822	         0.039491893
 20391	     -610000	 0.060134230	30.508174689	-127.637648592	167.668302928	 0.388354974	         0.025052678	         0.009584804	         0.034637482
 20392	     -609000	 0.059021060	30.169884969	-119.980120903	167.127541675	 0.372804298	         0.022278627	         0.007816587	         0.030095214
 20393	     -608000	 0.058101598	29.824853466	-112.180225148	166.602550984	 0.357257160	         0.019669634	         0.006333250	         0.026002885
 20394	     -607000	 0.056983036	29.474423101	-104.093331514	166.086199350	 0.341806069	         0.017204436	         0.005093037	         0.022297472
 20395	     -606000	 0.056119906	29.119008302	-95.988512315	165.576293404	 0.326498859	         0.014855189	         0.004008560	         0.018863749
 20396	     -605000	 0.055383007	28.758730759	-87.724843860	165.074051360	 0.311369244	         0.012673683	         0.003100913	         0.015774596
 20397	     -604000	 0.054752788	28.393459232	-79.196492317	164.585586897	 0.296439722	         0.010684688	         0.002351007	         0.013035695
 20398	     -603000	 0.054211621	28.023693361	-70.825431375	164.104596753	 0.281757416	         0.008848954	         0.001721695	         0.010570649
 20399	     -602000	 0.053937135	27.650554668	-62.265965209	163.621893856	 0.267516803	         0.007261354	         0.001233409	         0.008494763
 20400	     -601000	 0.053803624	27.273554787	-53.730359847	163.140946434	 0.253859101	         0.005861646	         0.000844911	         0.006706557
 20401	     -600000	 0.053659892	26.892945034	-45.111506335	162.660418576	 0.240777829	         0.004673904	         0.000553728	         0.005227631
 20402	     -599000	 0.053679358	26.510293726	-36.614762214	162.186525358	 0.228305834	         0.003690914	         0.000344120	         0.004035034
 20403	     -598000	 0.053845009	26.125756355	-28.151225132	161.710056440	 0.216423127	         0.002875586	         0.000195170	         0.003070756
 20404	     -597000	 0.054193626	25.740036071	-19.536578246	161.227761201	 0.205125153	         0.002201606	         0.000095543	         0.002297149
 20405	     -596000	 0.054418889	25.353937612	-11.018870352	160.757460532	 0.194406749	         0.001668528	         0.000036989	         0.001705517
 20406	     -595000	 0.054843844	24.968939475	-2.573573355	160.270612421	 0.184276596	         0.001241714	         0.000006680	         0.001248394
 20407	     -594000	 0.055466653	24.586188341	 5.820010152	159.784255194	 0.174728870	         0.000913066	         0.000000000	         0.000913066
 20408	     -593000	 0.056063844	24.205688666	14.341600595	159.201449730	 0.165727687	         0.000647250	         0.000000000	         0.000647250
 20409	     -592000	 0.056838643	23.829672343	22.623735955	158.740190055	 0.157288191	         0.000462662	         0.000000000	         0.000462662
 20410	     -591000	 0.057803281	23.459103068	30.871228475	158.306030872	 0.149391534	         0.000331340	         0.000000000	         0.000331340
 20411	     -590000	 0.058734867	23.094315225	39.177264636	157.851104967	 0.142005401	         0.000229439	         0.000000000	         0.000229439
 20412	     -589000	 0.059760884	22.737421230	47.245079643	157.400640413	 0.135132642	         0.000157845	         0.000000000	         0.000157845
 20413	     -588000	 0.061017782	22.388289331	55.151171676	156.942236138	 0.128731327	         0.000105911	         0.000000000	         0.000105911
 20414	     -587000	 0.062380298	22.047513255	63.127900080	156.475392770	 0.122775762	         0.000067564	         0.000000000	         0.000067564
 20415	     -586000	 0.063696579	21.717267007	70.939111365	156.001223748	 0.117267235	         0.000041406	         0.000000000	         0.000041406
 20416	     -585000	 0.065198184	21.396557281	78.583352336	155.531279346	 0.112154428	         0.000023665	         0.000000000	         0.000023665
 20417	     -584000	 0.066796152	21.086241518	85.978266904	155.032307586	 0.107419620	         0.000011462	         0.000000000	         0.000011462
 20418	     -583000	 0.068552946	20.787640097	93.401112771	154.536872118	 0.103052365	         0.000003963	         0.000000000	         0.000003963
 20419	     -582000	 0.070324732	20.500156316	100.584626386	154.030277627	 0.099015560	         0.000000267	         0.000000000	         0.000000267
 20420	     -581000	 0.072098345	20.225350905	107.559782835	153.506516791	 0.095304693	         0.000000000	         0.000000000	         0.000000000
 20421	     -580000	 0.074079434	19.962995780	114.372830689	152.989896916	 0.091891790	         0.000000000	         0.000000000	         0.000000000
 20422	     -579000	 0.075857267	19.713790483	121.064908425	152.445905834	 0.088763201	         0.000000000	         0.000000000	         0.000000000
 20423	     -578000	 0.077716753	19.480053721	127.533578451	151.923637283	 0.085925681	         0.000000000	         0.000000000	         0.000000000
 20424	     -577000	 0.079575585	19.260880069	133.857828969	151.375127823	 0.083347416	         0.000000000	         0.000000000	         0.000000000
 20425	     -576000	 0.081243015	19.057815871	140.241434319	150.819958961	 0.081027750	         0.000000000	         0.000000000	         0.000000000
 20426	     -575000	 0.082835463	18.873431398	146.367989331	150.272586849	 0.078977440	         0.000000000	         0.000000000	         0.000000000
 20427	     -574000	 0.084408644	18.707434847	152.470876127	149.720105978	 0.077176015	         0.000000000	         0.000000000	         0.000000000
 20428	     -573000	 0.086082776	18.561956876	158.581050860	149.145003734	 0.075631078	         0.000000000	         0.000000000	         0.000000000
 20429	     -572000	 0.087420162	18.438398638	164.681011229	148.560016420	 0.074343236	         0.000000000	         0.000000000	         0.000000000
 20430	     -571000	 0.088982258	18.337621806	170.674939278	147.871644296	 0.073309097	         0.000000000	         0.000000000	         0.000000000
 20431	     -570000	 0.090427848	18.261954664	176.606807742	146.376735222	 0.072542092	         0.000000000	         0.000000000	         0.000000000
 20432	     -569000	 0.091929995	18.210960578	-177.382968952	146.373414273	 0.072029719	         0.000000000	         0.000000000	         0.000000000
 20433	     -568000	 0.093432320	18.186296435	-171.530588455	146.369783511	 0.071783201	         0.000000000	         0.000000000	         0.000000000
 20434	     -567000	 0.094858889	18.189110265	-165.704357045	146.365763447	 0.071811283	         0.000000000	         0.000000000	         0.000000000
 20435	     -566000	 0.096375560	18.218311748	-159.922971781	146.361439959	 0.072103358	         0.000000000	         0.000000000	         0.000000000
 20436	     -565000	 0.097702922	18.275356648	-154.184185895	146.356772503	 0.072677355	         0.000000000	         0.000000000	         0.000000000
 20437	     -564000	 0.099013513	18.359000161	-148.563524110	147.598928593	 0.073527266	         0.000000000	         0.000000000	         0.000000000
 20438	     -563000	 0.100336739	18.468522061	-142.964088773	148.178567167	 0.074655175	         0.000000000	         0.000000000	         0.000000000
 20439	     -562000	 0.101434802	18.604693375	-137.257774339	148.693039267	 0.076081692	         0.000000000	         0.000000000	         0.000000000
 20440	     -561000	 0.102371241	18.764378515	-131.735431890	149.162818593	 0.077789300	         0.000000000	         0.000000000	         0.000000000
 20441	     -560000	 0.103285007	18.947511112	-126.166392106	149.625211822	 0.079794879	         0.000000000	         0.000000000	         0.000000000
 20442	     -559000	 0.104099997	19.153784227	-120.512553953	150.088966261	 0.082115869	         0.000000000	         0.000000000	         0.000000000
 20443	     -558000	 0.104664216	19.379456278	-114.883679443	150.563731335	 0.084732540	         0.000000000	         0.000000000	         0.000000000
 20444	     -557000	 0.105179285	19.625468220	-109.245946299	151.020502917	 0.087680135	         0.000000543	         0.000000000	         0.000000543
 20445	     -556000	 0.105661476	19.890248378	-103.530761591	151.518808713	 0.090967273	         0.000005860	         0.000000000	         0.000005860
 20446	     -555000	 0.105852632	20.170988955	-97.736121675	151.994755249	 0.094587255	         0.000015853	         0.000000000	         0.000015853
 20447	     -554000	 0.106049877	20.469172700	-91.923616565	152.476192528	 0.098590044	         0.000032697	         0.000000000	         0.000032697
 20448	     -553000	 0.106103567	20.782471636	-86.085411621	152.984307608	 0.102978357	         0.000058970	         0.000000000	         0.000058970
 20449	     -552000	 0.106104388	21.109817510	-80.068613798	153.482858545	 0.107772219	         0.000097014	         0.000000000	         0.000097014
 20450	     -551000	 0.105965910	21.452036599	-74.054452471	154.006291727	 0.113022664	         0.000151100	         0.000000000	         0.000151100
 20451	     -550000	 0.105740115	21.806813843	-67.962738445	154.732705155	 0.118735984	         0.000247092	         0.000000000	         0.000247092
 20452	     -549000	 0.105602581	22.174700125	-61.830937867	155.306314078	 0.124965612	         0.000352975	         0.000000000	         0.000352975
 20453	     -548000	 0.105239348	22.555039192	-55.552640286	155.891899314	 0.131749939	         0.000483912	         0.000000000	         0.000483912
 20454	     -547000	 0.104949455	22.945376772	-49.309717182	156.486845983	 0.139095765	         0.000644932	         0.000000000	         0.000644932
 20455	     -546000	 0.104639378	23.346979079	-43.081205310	157.104643242	 0.147081282	         0.000841397	         0.000000000	         0.000841397
 20456	     -545000	 0.104258699	23.757840274	-36.641184616	157.744049515	 0.155725537	         0.001069432	         0.000000000	         0.001069432
 20457	     -544000	 0.103743764	24.175741228	-30.397091944	158.401269213	 0.165039248	         0.001327621	         0.000000000	         0.001327621
 20458	     -543000	 0.103212041	24.600615821	-24.079003760	159.081709800	 0.175079626	         0.001614553	         0.000003849	         0.001618402
 20459	     -542000	 0.102669406	25.029877710	-17.724024383	159.787469810	 0.185844124	         0.001922540	         0.000029409	         0.001951949
 20460	     -541000	 0.101777607	25.462528817	-11.362108049	160.528308107	 0.197363417	         0.002255104	         0.000074759	         0.002329862
 20461	     -540000	 0.100931722	25.895960902	-5.002811746	161.291931562	 0.209619471	         0.002607008	         0.000139392	         0.002746400
 20462	     -539000	 0.099867863	26.327553409	 1.349927577	162.068446895	 0.222579692	         0.002968021	         0.000219558	         0.003187578
 20463	     -538000	 0.098739280	26.757660189	 7.841011013	162.868266637	 0.236292406	         0.003325487	         0.000312721	         0.003638208
 20464	     -537000	 0.097396266	27.182869012	14.325452138	163.690289686	 0.250679209	         0.003712476	         0.000425135	         0.004137611
 20465	     -536000	 0.096001215	27.601031061	20.887318304	164.497455371	 0.265681599	         0.004078517	         0.000542449	         0.004620966
 20466	     -535000	 0.094633215	28.012650966	27.572445097	165.313508229	 0.281325719	         0.004457194	         0.000671028	         0.005128222
 20467	     -534000	 0.093078989	28.415151105	34.318708554	166.125412297	 0.297314601	         0.004883048	         0.000822509	         0.005705557
 20468	     -533000	 0.091654019	28.808015817	41.117940721	166.927883625	 0.313415485	         0.005335572	         0.000988617	         0.006324188
 20469	     -532000	 0.090290261	29.190630039	47.962594285	167.702095235	 0.329553395	         0.005831715	         0.001176987	         0.007008702
 20470	     -531000	 0.088853666	29.561639603	54.993757675	168.443390344	 0.345618847	         0.006389569	         0.001394686	         0.007784255
 20471	     -530000	 0.087389728	29.922404667	61.884400615	169.149287343	 0.361619838	         0.007066925	         0.001662015	         0.008728940
 20472	     -529000	 0.086075623	30.270954373	68.799111296	169.805517745	 0.377419121	         0.007860955	         0.001985398	         0.009846353
 20473	     -528000	 0.084753763	30.606899900	75.867077371	170.419866101	 0.392948362	         0.008815646	         0.002387900	         0.011203546
 20474	     -527000	 0.083282891	30.931482674	82.899692778	170.986949713	 0.408218391	         0.010003677	         0.002906401	         0.012910078
 20475	     -526000	 0.081871419	31.242600658	89.854147342	171.490060077	 0.423086024	         0.011430528	         0.003561880	         0.014992408
 20476	     -525000	 0.080445575	31.540388524	96.899389481	171.947113956	 0.437514855	         0.013195797	         0.004425578	         0.017621376
 20477	     -524000	 0.078882790	31.824425065	103.962950736	172.343558084	 0.451445357	         0.015395967	         0.005601493	         0.020997460
 20478	     -523000	 0.077405106	32.092906575	111.084540024	172.688346203	 0.464752248	         0.018054897	         0.007227035	         0.025281932
 20479	     -522000	 0.075774948	32.346238374	118.179533565	172.975976458	 0.477422163	         0.021330998	         0.009470252	         0.030801250
 20480	     -521000	 0.074228113	32.582428647	125.492288408	173.207710179	 0.489325594	         0.025307703	         0.012245058	         0.037552761
 20481	     -520000	 0.072554492	32.799880969	132.701584030	173.395124204	 0.500354866	         0.030212810	         0.015817266	         0.046030076
 20482	     -519000	 0.070913927	32.999029192	140.002950145	173.549344895	 0.510508913	         0.036397154	         0.020554618	         0.056951773
 20483	     -518000	 0.069457364	33.177532973	147.419269215	173.696958899	 0.519649073	         0.044831481	         0.027449582	         0.072281062
 20484	     -517000	 0.067772531	33.335138823	155.011353642	173.735493962	 0.527746343	         0.052864037	         0.034168561	         0.087032598
 20485	     -516000	 0.066227880	33.471178992	162.549719266	173.723702189	 0.534753920	         0.060847953	         0.041034562	         0.101882515
 20486	     -515000	 0.064781654	33.584244700	170.148484103	173.657990901	 0.540589577	         0.068699130	         0.047985629	         0.116684760
 20487	     -514000	 0.063437159	33.675650796	178.038080061	173.549128000	 0.545314190	         0.076876997	         0.055463975	         0.132340972
 20488	     -513000	 0.062045740	33.743675975	-174.137209187	173.421130884	 0.548833910	         0.084775558	         0.062876100	         0.147651658
 20489	     -512000	 0.060827926	33.788532294	-166.206321423	173.257691272	 0.551156405	         0.091900878	         0.069758139	         0.161659017
 20490	     -511000	 0.059797766	33.812048805	-158.174215958	173.079317601	 0.552374472	         0.098716558	         0.076485477	         0.175202036
 20491	     -510000	 0.058701021	33.812616455	-150.034862461	172.887757632	 0.552403878	         0.104579401	         0.082388911	         0.186968312
 20492	     -509000	 0.057915808	33.791479006	-141.984162695	172.688362513	 0.551309016	         0.109311937	         0.087249628	         0.196561565
 20493	     -508000	 0.057151734	33.749810371	-133.826435080	172.474167063	 0.549151455	         0.112534711	         0.090637725	         0.203172436
 20494	     -507000	 0.056478174	33.686641557	-125.619194656	172.255284244	 0.545882666	         0.114507666	         0.092766297	         0.207273962
 20495	     -506000	 0.055866156	33.603977998	-117.534552166	172.030362384	 0.541609058	         0.114181595	         0.092519087	         0.206700682
 20496	     -505000	 0.055302836	33.501482197	-109.426767462	171.785237436	 0.536316983	         0.111970250	         0.090285635	         0.202255885
 20497	     -504000	 0.054888167	33.378938648	-101.220059236	171.536492754	 0.530000768	         0.107933976	         0.086164708	         0.194098684
 20498	     -503000	 0.054373344	33.238452796	-92.891439818	171.274091654	 0.522776076	         0.101333078	         0.079386208	         0.180719286
 20499	     -502000	 0.053919947	33.078448367	-84.708112084	170.961553678	 0.514571245	         0.090015844	         0.067703231	         0.157719075
 20500	     -501000	 0.053660704	32.899914091	-76.409671397	170.639846679	 0.505449288	         0.079057221	         0.056714062	         0.135771282
 20501	     -500000	 0.053483653	32.703763755	-67.814367410	170.353571521	 0.495471909	         0.069835894	         0.047827275	         0.117663169
 20502	     -499000	 0.053288153	32.488620538	-59.367825181	170.070392546	 0.484587942	         0.061030317	         0.039648133	         0.100678450
 20503	     -498000	 0.053377802	32.256228450	-50.865905620	169.783917981	 0.472908448	         0.052901477	         0.032389359	         0.085290836
 20504	     -497000	 0.053647700	32.006039467	-42.223229794	169.505795699	 0.460432689	         0.045385614	         0.025917582	         0.071303196
 20505	     -496000	 0.054047376	31.738155109	-33.689989970	169.210207302	 0.447197684	         0.038422621	         0.020164479	         0.058587100
 20506	     -495000	 0.054631131	31.454701396	-25.262552658	168.920073475	 0.433343958	         0.032264389	         0.015276828	         0.047541217
 20507	     -494000	 0.055503104	31.154095440	-16.914646569	168.619132409	 0.418834389	         0.026794575	         0.011068848	         0.037863423
 20508	     -493000	 0.056285559	30.837897089	-8.625617696	168.325579133	 0.403789716	         0.022016735	         0.007996844	         0.030013579
 20509	     -492000	 0.057273798	30.508467070	-0.601773950	168.028567106	 0.388368542	         0.017972866	         0.005843833	         0.023816699
 20510	     -491000	 0.058303969	30.164542217	 7.329286080	167.726156215	 0.372561100	         0.014496945	         0.004229120	         0.018726065
 20511	     -490000	 0.059484652	29.808813997	15.267923373	167.416943758	 0.356542373	         0.011584668	         0.003034078	         0.014618746
 20512	     -489000	 0.060538153	29.442650094	23.011034297	167.094774553	 0.340422544	         0.009213991	         0.002166510	         0.011380502
 20513	     -488000	 0.061639490	29.066784175	30.704745155	166.761541797	 0.324281300	         0.007282102	         0.001530718	         0.008812820
 20514	     -487000	 0.062886122	28.683922654	38.224408913	166.401722619	 0.308277694	         0.005715504	         0.001061981	         0.006777484
 20515	     -486000	 0.064104852	28.293832465	45.936134667	166.030896384	 0.292440767	         0.004457049	         0.000721849	         0.005178899
 20516	     -485000	 0.065275801	27.899601971	53.414207966	165.644041399	 0.276939744	         0.003487184	         0.000485144	         0.003972328
 20517	     -484000	 0.066523121	27.502929228	60.816856720	165.232856980	 0.262083313	         0.002729153	         0.000318615	         0.003047769
 20518	     -483000	 0.067980414	27.102757701	68.326978207	164.810252762	 0.247903262	         0.002128116	         0.000200234	         0.002328349
 20519	     -482000	 0.069279862	26.702831910	75.589135537	164.352183413	 0.234498435	         0.001662588	         0.000118932	         0.001781520
 20520	     -481000	 0.070766927	26.303573924	82.822812481	163.882918864	 0.221839036	         0.001304674	         0.000065890	         0.001370564
 20521	     -480000	 0.072297673	25.904594183	90.011690551	163.374616417	 0.209871171	         0.001023616	         0.000031575	         0.001055191
 20522	     -479000	 0.073750478	25.509120825	97.135510913	162.842411347	 0.198645747	         0.000806097	         0.000010792	         0.000816889
 20523	     -478000	 0.075291017	25.116205047	104.020098171	162.274652777	 0.188087594	         0.000636634	         0.000001094	         0.000637728
 20524	     -477000	 0.076898065	24.726864180	110.918557181	161.653631742	 0.178179131	         0.000499196	         0.000000000	         0.000499196
 20525	     -476000	 0.078610144	24.343391493	117.769152026	161.076793905	 0.168930383	         0.000399070	         0.000000000	         0.000399070
 20526	     -475000	 0.080147059	23.964548390	124.453057477	160.464297466	 0.160264809	         0.000317582	         0.000000000	         0.000317582
 20527	     -474000	 0.081736300	23.592875073	131.020021714	159.843443797	 0.152195353	         0.000253141	         0.000000000	         0.000253141
 20528	     -473000	 0.083438263	23.229283684	137.468539094	159.222628377	 0.144694657	         0.000202133	         0.000000000	         0.000202133
 20529	     -472000	 0.085024744	22.873732872	143.925470048	158.578690449	 0.137717454	         0.000160550	         0.000000000	         0.000160550
 20530	     -471000	 0.086547933	22.529770671	150.195334867	157.930053348	 0.131288002	         0.000126466	         0.000000000	         0.000126466
 20531	     -470000	 0.088039061	22.197244271	156.361051185	157.280669101	 0.125357823	         0.000098342	         0.000000000	         0.000098342
 20532	     -469000	 0.089502226	21.877494687	162.561079922	156.642152629	 0.119908271	         0.000075717	         0.000000000	         0.000075717
 20533	     -468000	 0.090729618	21.573982193	168.627502878	156.009297435	 0.114954777	         0.000057072	         0.000000000	         0.000057072
 20534	     -467000	 0.091988770	21.286308398	174.612217699	155.393692505	 0.110448809	         0.000042153	         0.000000000	         0.000042153
 20535	     -466000	 0.093237521	21.016546235	-179.294602679	154.798653838	 0.106384002	         0.000030281	         0.000000000	         0.000030281
 20536	     -465000	 0.094204887	20.766837482	-173.280920725	154.221425981	 0.102754812	         0.000021287	         0.000000000	         0.000021287
 20537	     -464000	 0.095244397	20.537205881	-167.314968424	153.677949110	 0.099526794	         0.000014189	         0.000000000	         0.000014189
 20538	     -463000	 0.096312874	20.329546983	-161.363161225	153.169742330	 0.096695059	         0.000009018	         0.000000000	         0.000009018
 20539	     -462000	 0.097278858	20.143863604	-155.323193101	152.719151810	 0.094231293	         0.000005517	         0.000000000	         0.000005517
 20540	     -461000	 0.098254956	19.980760304	-149.424423734	152.295840237	 0.092118976	         0.000003010	         0.000000000	         0.000003010
 20541	     -460000	 0.099104240	19.841112321	-143.506292126	151.912625526	 0.090348091	         0.000001324	         0.000000000	         0.000001324
 20542	     -459000	 0.100206210	19.723633083	-137.617000694	151.592840728	 0.088884723	         0.000000435	         0.000000000	         0.000000435
 20543	     -458000	 0.101029490	19.628903216	-131.780502330	151.315420646	 0.087722009	         0.000000036	         0.000000000	         0.000000036
 20544	     -457000	 0.101843791	19.556180600	-125.984251201	151.080071860	 0.086839743	         0.000000000	         0.000000000	         0.000000000
 20545	     -456000	 0.102644204	19.504268931	-120.267447087	150.900717325	 0.086215387	         0.000000000	         0.000000000	         0.000000000
 20546	     -455000	 0.103279566	19.473503825	-114.469057938	150.756530471	 0.085847487	         0.000000000	         0.000000000	         0.000000000
 20547	     -454000	 0.103740329	19.461807786	-108.793202614	150.673628961	 0.085708034	         0.000000000	         0.000000000	         0.000000000
 20548	     -453000	 0.104099069	19.468549107	-103.074824993	150.641370622	 0.085788383	         0.000000000	         0.000000000	         0.000000000
 20549	     -452000	 0.104512313	19.493756510	-97.261009048	150.633867695	 0.086089498	         0.000000000	         0.000000000	         0.000000000
 20550	     -451000	 0.104488019	19.535143430	-91.476132378	150.661654849	 0.086586180	         0.000000033	         0.000000000	         0.000000033
 20551	     -450000	 0.104580432	19.592772102	-85.643813392	150.745933569	 0.087282554	         0.000000484	         0.000000000	         0.000000484
 20552	     -449000	 0.104597861	19.666035783	-79.761277806	150.853177845	 0.088175950	         0.000001293	         0.000000000	         0.000001293
 20553	     -448000	 0.104415746	19.753339038	-73.738059487	150.999309755	 0.089252498	         0.000002666	         0.000000000	         0.000002666
 20554	     -447000	 0.104213875	19.855322745	-67.798218820	151.168443511	 0.090526728	         0.000004707	         0.000000000	         0.000004707
 20555	     -446000	 0.103913767	19.970649858	-61.716485987	151.372886358	 0.091989608	         0.000007492	         0.000000000	         0.000007492
 20556	     -445000	 0.103632189	20.098451812	-55.561593016	151.589860328	 0.093638356	         0.000010720	         0.000000000	         0.000010720
 20557	     -444000	 0.103142396	20.239479855	-49.397543857	151.854219799	 0.095492048	         0.000015357	         0.000000000	         0.000015357
 20558	     -443000	 0.102594499	20.392340109	-43.180589867	152.130510215	 0.097542732	         0.000020833	         0.000000000	         0.000020833
 20559	     -442000	 0.102094276	20.556316961	-36.906770136	152.435166035	 0.099791533	         0.000027995	         0.000000000	         0.000027995
 20560	     -441000	 0.101418020	20.731396369	-30.501263454	152.782826426	 0.102249855	         0.000037056	         0.000000000	         0.000037056
 20561	     -440000	 0.100612810	20.916451762	-24.131887082	153.148499863	 0.104914116	         0.000047418	         0.000000000	         0.000047418
 20562	     -439000	 0.099801682	21.110735354	-17.707785438	153.538678930	 0.107785969	         0.000059153	         0.000000000	         0.000059153
 20563	     -438000	 0.098991063	21.313165946	-11.120461420	153.966034933	 0.110861907	         0.000072680	         0.000000000	         0.000072680
 20564	     -437000	 0.097988888	21.522641323	-4.589955745	154.412875283	 0.114137336	         0.000086850	         0.000000000	         0.000086850
 20565	     -436000	 0.097012296	21.738411815	 1.999400543	154.891322940	 0.117612406	         0.000102214	         0.000000000	         0.000102214
 20566	     -435000	 0.096112405	21.959199964	 8.708213249	155.393751270	 0.121277835	         0.000118691	         0.000000000	         0.000118691
 20567	     -434000	 0.094871947	22.183936174	15.425421999	155.911770994	 0.125126147	         0.000134732	         0.000000000	         0.000134732
 20568	     -433000	 0.093717211	22.411455413	22.149081502	156.450822262	 0.129146521	         0.000151751	         0.000000000	         0.000151751
 20569	     -432000	 0.092570945	22.641216795	28.915953590	157.003403020	 0.133337621	         0.000169522	         0.000000000	         0.000169522
 20570	     -431000	 0.091280719	22.872575902	35.851098345	157.568080138	 0.137695308	         0.000187120	         0.000000000	         0.000187120
 20571	     -430000	 0.089880819	23.104270285	42.752121722	158.129141990	 0.142202038	         0.000206307	         0.000000000	         0.000206307
 20572	     -429000	 0.088407314	23.336253064	49.761852521	158.691500923	 0.146862159	         0.000227512	         0.000000000	         0.000227512
 20573	     -428000	 0.087055942	23.568404303	56.828114803	159.237273878	 0.151678550	         0.000250672	         0.000000000	         0.000250672
 20574	     -427000	 0.085523656	23.800273683	64.050375750	159.787389214	 0.156646758	         0.000280371	         0.000000000	         0.000280371
 20575	     -426000	 0.084054184	24.031816180	71.371111583	160.295488427	 0.161770349	         0.000313340	         0.000000000	         0.000313340
 20576	     -425000	 0.082640209	24.262875673	78.704281287	160.784966446	 0.167050305	         0.000356329	         0.000000000	         0.000356329
 20577	     -424000	 0.081254428	24.494013611	86.283114421	161.234406760	 0.172504474	         0.000407200	         0.000000000	         0.000407200
 20578	     -423000	 0.079854296	24.725194202	93.752355689	161.654062787	 0.178137776	         0.000472825	         0.000000000	         0.000472825
 20579	     -422000	 0.078553475	24.955606627	101.346534410	162.035253593	 0.183935398	         0.000554502	         0.000000000	         0.000554502
 20580	     -421000	 0.077463566	25.186350218	109.066419876	162.459666104	 0.189930451	         0.000665621	         0.000002403	         0.000668024
 20581	     -420000	 0.076046534	25.417401988	116.810454550	162.790364097	 0.196129304	         0.000800573	         0.000009507	         0.000810080
 20582	     -419000	 0.074886169	25.647626042	124.541382536	163.080440697	 0.202507171	         0.000965171	         0.000021347	         0.000986517
 20583	     -418000	 0.073764864	25.877504820	132.342403219	163.333038016	 0.209082403	         0.001167546	         0.000039394	         0.001206940
 20584	     -417000	 0.072698089	26.106626624	140.330293506	163.554240775	 0.215848415	         0.001425067	         0.000067057	         0.001492124
 20585	     -416000	 0.071481174	26.334548067	148.230073918	163.751728758	 0.222796202	         0.001741335	         0.000107060	         0.001848395
 20586	     -415000	 0.070438602	26.560782398	156.299431877	163.921846556	 0.229913703	         0.002124232	         0.000161901	         0.002286134
 20587	     -414000	 0.069487040	26.784373933	164.407454804	164.072526500	 0.237171440	         0.002589812	         0.000237357	         0.002827170
 20588	     -413000	 0.068557237	27.005600883	172.584617908	164.206300708	 0.244577884	         0.003150488	         0.000338552	         0.003489039
 20589	     -412000	 0.067751789	27.223425841	-179.159080626	164.321574445	 0.252096379	         0.003804623	         0.000467779	         0.004272403
 20590	     -411000	 0.067111113	27.436839030	-170.906675002	164.434053957	 0.259686700	         0.004585338	         0.000638157	         0.005223495
 20591	     -410000	 0.066482115	27.646315655	-162.509726288	164.538456746	 0.267359222	         0.005490227	         0.000853224	         0.006343451
 20592	     -409000	 0.065904691	27.850601462	-154.211828413	164.651566552	 0.275059897	         0.006517792	         0.001117500	         0.007635292
 20593	     -408000	 0.065517944	28.049456228	-145.949687243	164.752081583	 0.282766136	         0.007655135	         0.001434757	         0.009089892
 20594	     -407000	 0.065332851	28.243228828	-137.516629651	164.853657644	 0.290421685	         0.008942061	         0.001821901	         0.010763962
 20595	     -406000	 0.064967014	28.430711575	-129.093539419	164.957493626	 0.297943105	         0.010306387	         0.002265182	         0.012571569
 20596	     -405000	 0.064812231	28.612340545	-120.827735272	165.066900931	 0.305335758	         0.011724109	         0.002756075	         0.014480184
 20597	     -404000	 0.064847606	28.788137444	-112.516470610	165.186534867	 0.312589263	         0.013199313	         0.003304247	         0.016503560
 20598	     -403000	 0.064893803	28.957411961	-104.127488074	165.304264646	 0.319663801	         0.014709283	         0.003907147	         0.018616430
 20599	     -402000	 0.065050817	29.120604728	-95.852665171	165.433003880	 0.326566776	         0.016168768	         0.004526869	         0.020695637
 20600	     -401000	 0.065326528	29.277183504	-87.650634931	165.576875478	 0.333265153	         0.017497679	         0.005111622	         0.022609301
 20601	     -400000	 0.065761510	29.427107531	-79.415707434	165.719483168	 0.339746826	         0.018705834	         0.005684435	         0.024390269
 20602	     -399000	 0.066134286	29.570418567	-71.395309280	165.877123710	 0.346003844	         0.019690935	         0.006175845	         0.025866780
 20603	     -398000	 0.066677957	29.705890532	-63.372382483	166.050486513	 0.351972807	         0.020462931	         0.006577936	         0.027040867
 20604	     -397000	 0.067321109	29.833968797	-55.517321169	166.240020235	 0.357663698	         0.021105781	         0.006948355	         0.028054135
 20605	     -396000	 0.067841888	29.954156486	-47.623770726	166.428464748	 0.363045503	         0.021415040	         0.007154048	         0.028569088
 20606	     -395000	 0.068446604	30.064871194	-39.894880808	166.652822026	 0.368038153	         0.021584407	         0.007300414	         0.028884821
 20607	     -394000	 0.069056594	30.166494758	-32.261133437	166.863040560	 0.372649969	         0.021365956	         0.007233331	         0.028599287
 20608	     -393000	 0.069830315	30.258005064	-24.580012009	167.091887121	 0.376826353	         0.020952687	         0.007072208	         0.028024894
 20609	     -392000	 0.070364828	30.338292323	-16.949489692	167.330442752	 0.380508648	         0.020289283	         0.006790852	         0.027080135
 20610	     -391000	 0.071069537	30.407452813	-9.422837673	167.581077744	 0.383694033	         0.019482950	         0.006446644	         0.025929595
 20611	     -390000	 0.071974637	30.464168161	-1.989558957	167.832313535	 0.386315382	         0.018529621	         0.006038282	         0.024567903
 20612	     -389000	 0.072694139	30.508252531	 5.597531740	168.102869254	 0.388358586	         0.017460884	         0.005593889	         0.023054774
 20613	     -388000	 0.073599872	30.539450689	12.910982524	168.350214317	 0.389807511	         0.016282545	         0.005101711	         0.021384256
 20614	     -387000	 0.074543853	30.556607757	20.224631820	168.596531453	 0.390605372	         0.015091604	         0.004619053	         0.019710657
 20615	     -386000	 0.075566540	30.560587332	27.486301600	168.827934249	 0.390790541	         0.013893390	         0.004148998	         0.018042387
 20616	     -385000	 0.076485975	30.550826221	34.596577097	169.050592905	 0.390336429	         0.012793834	         0.003734891	         0.016528724
 20617	     -384000	 0.077541059	30.526875215	41.661964832	169.245947521	 0.389223178	         0.011689768	         0.003324425	         0.015014194
 20618	     -383000	 0.078573765	30.489771046	48.661430888	169.415182341	 0.387501415	         0.010644477	         0.002942277	         0.013586753
 20619	     -382000	 0.079500041	30.438760556	55.635630547	169.577923326	 0.385140042	         0.009782658	         0.002646040	         0.012428698
 20620	     -381000	 0.080402545	30.374413693	62.482195433	169.677858703	 0.382170782	         0.008943629	         0.002355441	         0.011299070
 20621	     -380000	 0.081375338	30.297212191	69.296712439	169.751257284	 0.378622448	         0.008194786	         0.002096897	         0.010291683
 20622	     -379000	 0.082284373	30.206346938	76.185991488	169.789033151	 0.374466038	         0.007559283	         0.001884024	         0.009443307
 20623	     -378000	 0.083049984	30.103098249	82.990154027	169.765849975	 0.369769700	         0.006985546	         0.001689579	         0.008675125
 20624	     -377000	 0.083857725	29.987064110	89.737708666	169.700518973	 0.364525979	         0.006515071	         0.001532029	         0.008047100
 20625	     -376000	 0.084810534	29.857578588	96.491010331	169.593642420	 0.358717753	         0.006114399	         0.001397389	         0.007511787
 20626	     -375000	 0.085547898	29.716190947	103.293678277	169.426004983	 0.352428780	         0.005786874	         0.001284004	         0.007070878
 20627	     -374000	 0.086310245	29.561732534	109.980901135	169.212344954	 0.345622921	         0.005508230	         0.001183536	         0.006691766
 20628	     -373000	 0.087220885	29.394130740	116.615450043	168.946923934	 0.338315484	         0.005253966	         0.001088693	         0.006342659
 20629	     -372000	 0.087896304	29.214470266	123.340123235	168.633327783	 0.330573537	         0.005078843	         0.001018386	         0.006097229
 20630	     -371000	 0.088614506	29.021319542	129.933008314	168.281084929	 0.322357462	         0.004929298	         0.000954279	         0.005883577
 20631	     -370000	 0.089361930	28.815628023	136.537886158	167.872047465	 0.313732200	         0.004769980	         0.000884631	         0.005654611
 20632	     -369000	 0.090081311	28.597684364	143.171191562	167.423714306	 0.304735380	         0.004627566	         0.000818219	         0.005445785
 20633	     -368000	 0.090634649	28.366654751	149.716933363	166.946592028	 0.295360704	         0.004510703	         0.000760804	         0.005271507
 20634	     -367000	 0.091311248	28.124317198	156.301421281	166.438475051	 0.285709411	         0.004378980	         0.000698820	         0.005077800
 20635	     -366000	 0.092003515	27.870318059	162.767453622	165.913214827	 0.275814762	         0.004243650	         0.000637505	         0.004881155
 20636	     -365000	 0.092570801	27.604992693	169.371806482	165.350212774	 0.265827942	         0.004095031	         0.000573185	         0.004668216
 20637	     -364000	 0.093119552	27.330446081	175.827157039	164.780451257	 0.255874550	         0.003911136	         0.000501185	         0.004412321
 20638	     -363000	 0.093640067	27.046354091	-177.781266293	164.212006296	 0.245967275	         0.003744221	         0.000439155	         0.004183376
 20639	     -362000	 0.094269015	26.754330361	-171.315876311	163.609552496	 0.236183064	         0.003523559	         0.000365909	         0.003889468
 20640	     -361000	 0.094618814	26.456094150	-164.938958484	163.021381776	 0.226592300	         0.003294606	         0.000297851	         0.003592457
 20641	     -360000	 0.094987851	26.151951376	-158.573095958	162.438482627	 0.217212583	         0.003059855	         0.000233339	         0.003293194
 20642	     -359000	 0.095369622	25.844145517	-152.287201787	161.856804211	 0.208115144	         0.002811214	         0.000173967	         0.002985181
 20643	     -358000	 0.095473227	25.533561207	-145.888910310	161.285431348	 0.199321737	         0.002552630	         0.000119559	         0.002672189
 20644	     -357000	 0.095574329	25.221545497	-139.631422876	160.715346551	 0.190861895	         0.002287712	         0.000074298	         0.002362010
 20645	     -356000	 0.095678737	24.909951733	-133.296845744	160.158069039	 0.182771835	         0.002028177	         0.000037921	         0.002066098
 20646	     -355000	 0.095681203	24.598901010	-126.900619621	159.610940857	 0.175037900	         0.001778267	         0.000012738	         0.001791005
 20647	     -354000	 0.095478796	24.290557143	-120.577278446	159.070553298	 0.167694307	         0.001529073	         0.000000085	         0.001529158
 20648	     -353000	 0.095458718	23.985774359	-114.221628093	158.541277348	 0.160738354	         0.001308891	         0.000000000	         0.001308891
 20649	     -352000	 0.095398327	23.684513463	-107.865729250	158.030458780	 0.154146377	         0.001103144	         0.000000000	         0.001103144
 20650	     -351000	 0.095240376	23.389076636	-101.504116105	157.529817815	 0.147944460	         0.000913152	         0.000000000	         0.000913152
 20651	     -350000	 0.095096122	23.099399909	-95.173340010	157.032081218	 0.142105802	         0.000743979	         0.000000000	         0.000743979
 20652	     -349000	 0.094999252	22.816321285	-88.960469101	156.559018532	 0.136622813	         0.000600827	         0.000000000	         0.000600827
 20653	     -348000	 0.094841717	22.541726797	-82.657752735	156.067146254	 0.131506372	         0.000468623	         0.000000000	         0.000468623
 20654	     -347000	 0.094512503	22.274971487	-76.439575247	155.610539872	 0.126719542	         0.000363537	         0.000000000	         0.000363537
 20655	     -346000	 0.094194371	22.018276072	-70.308865275	155.147495223	 0.122277818	         0.000274702	         0.000000000	         0.000274702
 20656	     -345000	 0.093922140	21.772953009	-64.118712122	154.544336401	 0.118178447	         0.000187667	         0.000000000	         0.000187667
 20657	     -344000	 0.093300355	21.538672378	-57.930101235	154.164553836	 0.114391953	         0.000138820	         0.000000000	         0.000138820
 20658	     -343000	 0.092740138	21.318387692	-51.778747605	153.794330868	 0.110942402	         0.000100352	         0.000000000	         0.000100352
 20659	     -342000	 0.092169739	21.112794739	-45.610535095	153.459056188	 0.107816828	         0.000072142	         0.000000000	         0.000072142
 20660	     -341000	 0.091377557	20.922768657	-39.328442599	153.143546892	 0.105006276	         0.000050539	         0.000000000	         0.000050539
 20661	     -340000	 0.090607702	20.750964575	-33.105355782	152.854071530	 0.102528351	         0.000034678	         0.000000000	         0.000034678
 20662	     -339000	 0.089785060	20.597291952	-26.824862298	152.595986554	 0.100361519	         0.000023288	         0.000000000	         0.000023288
 20663	     -338000	 0.089049690	20.463408482	-20.398322624	152.378430598	 0.098511083	         0.000015355	         0.000000000	         0.000015355
 20664	     -337000	 0.088048229	20.351022249	-14.044232772	152.212551926	 0.096984131	         0.000009989	         0.000000000	         0.000009989
 20665	     -336000	 0.087204422	20.259465468	-7.571065312	152.088663158	 0.095757694	         0.000006214	         0.000000000	         0.000006214
 20666	     -335000	 0.086352283	20.189926936	-1.136674931	152.001420332	 0.094836573	         0.000003581	         0.000000000	         0.000003581
 20667	     -334000	 0.085383380	20.142635458	 5.477337224	151.993621141	 0.094215208	         0.000002077	         0.000000000	         0.000002077
 20668	     -333000	 0.084411295	20.117211449	12.081443414	152.021036322	 0.093882845	         0.000001075	         0.000000000	         0.000001075
 20669	     -332000	 0.083401064	20.113433214	18.708944067	152.104203375	 0.093833553	         0.000000498	         0.000000000	         0.000000498
 20670	     -331000	 0.082572941	20.130037738	25.472619980	152.237037485	 0.094050373	         0.000000220	         0.000000000	         0.000000220
 20671	     -330000	 0.081443003	20.167200157	32.335478137	152.421093115	 0.094537455	         0.000000133	         0.000000000	         0.000000133
 20672	     -329000	 0.080500513	20.223389509	39.240100701	152.668603612	 0.095278713	         0.000000146	         0.000000000	         0.000000146
 20673	     -328000	 0.079634605	20.296732395	46.215668489	152.929887520	 0.096255016	         0.000000228	         0.000000000	         0.000000228
 20674	     -327000	 0.078577853	20.387222098	53.398058906	153.251900417	 0.097473364	         0.000000486	         0.000000000	         0.000000486
 20675	     -326000	 0.077702044	20.492955878	60.513165202	153.602330274	 0.098916509	         0.000001033	         0.000000000	         0.000001033
 20676	     -325000	 0.076874934	20.612533407	67.807439301	153.973714725	 0.100574367	         0.000001960	         0.000000000	         0.000001960
 20677	     -324000	 0.076026922	20.745428963	75.252809962	154.353034768	 0.102449491	         0.000003289	         0.000000000	         0.000003289
 20678	     -323000	 0.075078032	20.889668314	82.739643953	154.737574742	 0.104524258	         0.000005555	         0.000000000	         0.000005555
 20679	     -322000	 0.074308601	21.044950268	90.312211677	155.125647312	 0.106804853	         0.000008946	         0.000000000	         0.000008946
 20680	     -321000	 0.073626079	21.210308968	98.027457036	155.500786336	 0.109288178	         0.000013241	         0.000000000	         0.000013241
 20681	     -320000	 0.072921001	21.384036563	105.993114824	155.872843315	 0.111959406	         0.000019899	         0.000000000	         0.000019899
 20682	     -319000	 0.072286571	21.566437244	113.968884955	156.229807192	 0.114834281	         0.000029041	         0.000000000	         0.000029041
 20683	     -318000	 0.071782063	21.755805647	122.015917729	156.555801065	 0.117897106	         0.000040889	         0.000000000	         0.000040889
 20684	     -317000	 0.071469228	21.951345971	130.242333881	156.881286715	 0.121145508	         0.000057451	         0.000000000	         0.000057451
 20685	     -316000	 0.071218657	22.152891551	138.541792199	157.167885783	 0.124587366	         0.000078726	         0.000000000	         0.000078726
 20686	     -315000	 0.071131593	22.358069468	146.863863896	157.432431372	 0.128191717	         0.000106217	         0.000000000	         0.000106217
 20687	     -314000	 0.071302845	22.566777481	155.194778428	157.674236891	 0.131965081	         0.000141974	         0.000000000	         0.000141974
 20688	     -313000	 0.071340423	22.778135986	163.633579606	157.904095604	 0.135899573	         0.000188910	         0.000000000	         0.000188910
 20689	     -312000	 0.071574712	22.989331129	171.928930362	158.106173180	 0.139948193	         0.000246715	         0.000000000	         0.000246715
 20690	     -311000	 0.072007583	23.200444603	-179.819118955	158.300524292	 0.144115791	         0.000318919	         0.000000000	         0.000318919
 20691	     -310000	 0.072435633	23.410285427	-171.337237843	158.605844195	 0.148381247	         0.000426576	         0.000000000	         0.000426576
 20692	     -309000	 0.072815138	23.616440169	-163.052700210	158.805668452	 0.152694694	         0.000548058	         0.000000000	         0.000548058
 20693	     -308000	 0.073357752	23.818722798	-154.748857363	158.982786367	 0.157048983	         0.000691997	         0.000000000	         0.000691997
 20694	     -307000	 0.074042058	24.015747619	-146.486384403	159.154296842	 0.161409433	         0.000867170	         0.000000000	         0.000867170
 20695	     -306000	 0.074696154	24.206766854	-138.105292044	159.304519536	 0.165752526	         0.001066786	         0.000000000	         0.001066786
 20696	     -305000	 0.075557625	24.391201100	-129.823929953	159.431731700	 0.170056755	         0.001286691	         0.000000000	         0.001286691
 20697	     -304000	 0.076377067	24.567896569	-121.626986070	159.572890645	 0.174285176	         0.001543044	         0.000004708	         0.001547752
 20698	     -303000	 0.077451680	24.737473639	-113.380141953	159.703921542	 0.178442089	         0.001818872	         0.000018118	         0.001836990
 20699	     -302000	 0.078480766	24.899335336	-105.303738132	159.825695080	 0.182502321	         0.002105807	         0.000038669	         0.002144476
 20700	     -301000	 0.079630201	25.052921120	-97.282718187	159.943518056	 0.186440344	         0.002399180	         0.000065535	         0.002464716
 20701	     -300000	 0.080903243	25.199214132	-89.348119639	160.068937077	 0.190270367	         0.002697102	         0.000098463	         0.002795565
 20702	     -299000	 0.081999178	25.337839010	-81.409543892	160.197279582	 0.193972210	         0.002966088	         0.000132513	         0.003098601
 20703	     -298000	 0.083175234	25.468650731	-73.690182950	160.324585826	 0.197531434	         0.003192839	         0.000163794	         0.003356633
 20704	     -297000	 0.084359125	25.592347749	-66.029577308	160.447939771	 0.200957133	         0.003373614	         0.000191436	         0.003565050
 20705	     -296000	 0.085667785	25.708550321	-58.264456530	160.603351954	 0.204229380	         0.003552483	         0.000226350	         0.003778833
 20706	     -295000	 0.086664229	25.817485501	-50.699569976	160.750655527	 0.207345351	         0.003642244	         0.000249492	         0.003891736
 20707	     -294000	 0.087846039	25.919110591	-43.181819527	160.920820991	 0.210295072	         0.003701288	         0.000268645	         0.003969934
 20708	     -293000	 0.089044832	26.013157496	-35.710862504	161.085093200	 0.213062206	         0.003684944	         0.000275910	         0.003960854
 20709	     -292000	 0.090119097	26.100038179	-28.243035392	161.273908355	 0.215650833	         0.003633344	         0.000279485	         0.003912829
 20710	     -291000	 0.091281225	26.179124500	-20.941232881	161.472911343	 0.218034560	         0.003537687	         0.000277472	         0.003815159
 20711	     -290000	 0.092364043	26.250520815	-13.661842040	161.684749319	 0.220209127	         0.003386888	         0.000264345	         0.003651233
 20712	     -289000	 0.093427792	26.314615124	-6.410964304	161.910066887	 0.222179759	         0.003204616	         0.000248847	         0.003453464
 20713	     -288000	 0.094440530	26.370908672	 0.704580500	162.155520946	 0.223925092	         0.003010442	         0.000231068	         0.003241510
 20714	     -287000	 0.095354683	26.419936858	 7.739381168	162.395792815	 0.225456335	         0.002785791	         0.000208917	         0.002994708
 20715	     -286000	 0.096341535	26.462101023	14.778502088	162.667630779	 0.226781573	         0.002576164	         0.000189542	         0.002765706
 20716	     -285000	 0.097090557	26.497298816	21.797651190	162.925156966	 0.227893819	         0.002349211	         0.000167780	         0.002516991
 20717	     -284000	 0.097818075	26.526481003	28.676732487	163.187834217	 0.228820108	         0.002147353	         0.000149797	         0.002297150
 20718	     -283000	 0.098556954	26.549898790	35.504944491	163.468203823	 0.229566147	         0.001962665	         0.000134334	         0.002096999
 20719	     -282000	 0.099219108	26.567924135	42.440036648	163.735084775	 0.230142052	         0.001780693	         0.000117160	         0.001897854
 20720	     -281000	 0.099755963	26.581636015	49.212976555	163.993050309	 0.230581109	         0.001631288	         0.000105341	         0.001736629
 20721	     -280000	 0.100294624	26.591081442	55.921878912	164.241400477	 0.230884041	         0.001500206	         0.000094357	         0.001594563
 20722	     -279000	 0.100914162	26.596933314	62.698414615	164.478500392	 0.231071921	         0.001388442	         0.000085942	         0.001474384
 20723	     -278000	 0.101266408	26.599884661	69.343949588	164.692405040	 0.231166735	         0.001305557	         0.000080027	         0.001385585
 20724	     -277000	 0.101672351	26.599985363	75.957946959	164.866617097	 0.231169971	         0.001232945	         0.000074082	         0.001307026
 20725	     -276000	 0.102092817	26.597920752	82.496887004	165.018622773	 0.231103639	         0.001187593	         0.000071091	         0.001258684
 20726	     -275000	 0.102279340	26.593967959	89.067544626	165.128617390	 0.230976697	         0.001157204	         0.000068682	         0.001225886
 20727	     -274000	 0.102499611	26.588266270	95.512695399	165.210369639	 0.230793712	         0.001149041	         0.000068349	         0.001217389
 20728	     -273000	 0.102528135	26.581350400	101.965558904	165.239817997	 0.230571955	         0.001155340	         0.000068540	         0.001223880
 20729	     -272000	 0.102638078	26.573195321	108.422531329	165.241183733	 0.230310737	         0.001183357	         0.000071225	         0.001254582
 20730	     -271000	 0.102473106	26.564087181	114.838346049	165.203746060	 0.230019341	         0.001228495	         0.000074788	         0.001303283
 20731	     -270000	 0.102354550	26.554255164	121.253168846	165.122704114	 0.229705200	         0.001285964	         0.000079023	         0.001364987
 20732	     -269000	 0.102296248	26.543607091	127.609299467	165.026471028	 0.229365469	         0.001367321	         0.000085978	         0.001453299
 20733	     -268000	 0.102037441	26.532518769	134.094495346	164.886661150	 0.229012225	         0.001465030	         0.000094120	         0.001559149
 20734	     -267000	 0.101773466	26.520840546	140.399582108	164.731106170	 0.228640778	         0.001575231	         0.000103185	         0.001678415
 20735	     -266000	 0.101483838	26.508664689	146.712390923	164.561381009	 0.228254143	         0.001712620	         0.000116476	         0.001829095
 20736	     -265000	 0.101260566	26.496190185	153.120811776	164.366865446	 0.227858703	         0.001865815	         0.000131257	         0.001997072
 20737	     -264000	 0.100774896	26.483131370	159.399299417	164.162304132	 0.227445475	         0.002028321	         0.000146233	         0.002174554
 20738	     -263000	 0.100357253	26.469649072	165.672694153	163.957617676	 0.227019632	         0.002215091	         0.000165962	         0.002381053
 20739	     -262000	 0.099913047	26.455669016	171.973360935	163.731327563	 0.226578910	         0.002409523	         0.000186254	         0.002595777
 20740	     -261000	 0.099306396	26.440969158	178.286988099	163.519536287	 0.226116418	         0.002619739	         0.000208692	         0.002828431
 20741	     -260000	 0.098684159	26.425632013	-175.482433393	163.294204109	 0.225634883	         0.002833521	         0.000232666	         0.003066187
 20742	     -259000	 0.098000006	26.409433762	-169.185655810	163.091680837	 0.225127424	         0.003077379	         0.000263583	         0.003340963
 20743	     -258000	 0.097239175	26.392335359	-162.822195829	162.884977707	 0.224593004	         0.003320757	         0.000294296	         0.003615053
 20744	     -257000	 0.096463176	26.374245346	-156.512997135	162.691263094	 0.224028972	         0.003568703	         0.000327728	         0.003896432
 20745	     -256000	 0.095611291	26.354847716	-150.189586488	162.502666206	 0.223425743	         0.003795922	         0.000356745	         0.004152667
 20746	     -255000	 0.094905072	26.334264963	-143.802229612	162.316134286	 0.222787435	         0.004014097	         0.000384978	         0.004399075
 20747	     -254000	 0.093973777	26.312121915	-137.376640101	162.137666906	 0.222102775	         0.004203123	         0.000408032	         0.004611155
 20748	     -253000	 0.093064129	26.288292216	-131.032088052	161.988686731	 0.221368315	         0.004398379	         0.000435943	         0.004834322
 20749	     -252000	 0.092270861	26.262756341	-124.693317508	161.834386692	 0.220583964	         0.004555135	         0.000456703	         0.005011838
 20750	     -251000	 0.091319608	26.234987488	-118.200660637	161.692779870	 0.219734179	         0.004679103	         0.000472678	         0.005151781
 20751	     -250000	 0.090287261	26.205101319	-111.797498010	161.565582969	 0.218823258	         0.004756848	         0.000479229	         0.005236077
 20752	     -249000	 0.089277888	26.172698150	-105.413547627	161.449595230	 0.217839885	         0.004798491	         0.000481373	         0.005279864
 20753	     -248000	 0.088256798	26.137283786	-98.874069580	161.335402512	 0.216770182	         0.004776627	         0.000470170	         0.005246797
 20754	     -247000	 0.087061563	26.099049544	-92.388261084	161.228646738	 0.215621200	         0.004692068	         0.000446624	         0.005138692
 20755	     -246000	 0.085937024	26.057439325	-85.807785548	161.137640927	 0.214377686	         0.004577109	         0.000421687	         0.004998796
 20756	     -245000	 0.084837261	26.012087405	-79.205416717	161.047465839	 0.213030517	         0.004413308	         0.000387793	         0.004801101
 20757	     -244000	 0.083570284	25.963060743	-72.432099440	160.970136316	 0.211583712	         0.004193512	         0.000344660	         0.004538172
 20758	     -243000	 0.082473098	25.909767900	-65.770256756	160.907191933	 0.210022153	         0.003953766	         0.000301120	         0.004254886
 20759	     -242000	 0.081257461	25.852258478	-59.000409889	160.846743772	 0.208349969	         0.003688905	         0.000258513	         0.003947418
 20760	     -241000	 0.080212915	25.790305687	-52.102418923	160.785475505	 0.206563479	         0.003410458	         0.000218018	         0.003628476
 20761	     -240000	 0.078985752	25.723396119	-45.225849260	160.737587099	 0.204651256	         0.003112109	         0.000176320	         0.003288429
 20762	     -239000	 0.077809760	25.652017403	-38.305855899	160.692875078	 0.202630819	         0.002832176	         0.000142978	         0.002975154
 20763	     -238000	 0.076746489	25.575793674	-31.354512297	160.657060860	 0.200495259	         0.002554328	         0.000111573	         0.002665901
 20764	     -237000	 0.075574847	25.494512236	-24.181605469	160.614707155	 0.198242788	         0.002258547	         0.000079631	         0.002338178
 20765	     -236000	 0.074357476	25.408542225	-17.128978698	160.588946001	 0.195887918	         0.002008845	         0.000058754	         0.002067599
 20766	     -235000	 0.073234805	25.317848233	-9.946566947	160.559855820	 0.193433964	         0.001756775	         0.000037852	         0.001794627
 20767	     -234000	 0.072168182	25.222592556	-2.545388764	160.546304103	 0.190889675	         0.001535339	         0.000023841	         0.001559181
 20768	     -233000	 0.070952499	25.122773472	 4.818408780	160.521427479	 0.188259399	         0.001330543	         0.000013053	         0.001343595
 20769	     -232000	 0.069936016	25.018740658	12.301997103	160.494103651	 0.185556651	         0.001145236	         0.000005240	         0.001150476
 20770	     -231000	 0.068973301	24.911019289	19.959323455	160.469180793	 0.182798958	         0.000988222	         0.000001271	         0.000989493
 20771	     -230000	 0.067997009	24.799561091	27.664641583	160.432558004	 0.179988736	         0.000847475	         0.000000000	         0.000847475
 20772	     -229000	 0.067151105	24.684901400	35.390531236	160.340130013	 0.177142868	         0.000720562	         0.000000000	         0.000720562
 20773	     -228000	 0.066404574	24.567622096	43.214197110	160.316694807	 0.174278527	         0.000623283	         0.000000000	         0.000623283
 20774	     -227000	 0.065653857	24.447706677	51.243808581	160.282926769	 0.171397686	         0.000539751	         0.000000000	         0.000539751
 20775	     -226000	 0.064951709	24.325966181	59.206724666	160.238744877	 0.168521709	         0.000471702	         0.000000000	         0.000471702
 20776	     -225000	 0.064316222	24.202554775	67.232864090	160.167036743	 0.165655510	         0.000413564	         0.000000000	         0.000413564
 20777	     -224000	 0.063895073	24.077650183	75.403386954	160.090458319	 0.162804266	         0.000366619	         0.000000000	         0.000366619
 20778	     -223000	 0.063424803	23.952189204	83.740377449	159.979625055	 0.159989722	         0.000328136	         0.000000000	         0.000328136
 20779	     -222000	 0.063026532	23.826103948	92.021320640	159.844355590	 0.157210194	         0.000296363	         0.000000000	         0.000296363
 20780	     -221000	 0.062815824	23.699807263	100.345313738	159.687954470	 0.154474416	         0.000271199	         0.000000000	         0.000271199
 20781	     -220000	 0.062794824	23.573951502	108.899672022	159.507813971	 0.151795548	         0.000251058	         0.000000000	         0.000251058
 20782	     -219000	 0.062824091	23.448913282	117.361595541	159.300793850	 0.149180089	         0.000234999	         0.000000000	         0.000234999
 20783	     -218000	 0.063038376	23.325311978	125.783973139	159.075602916	 0.146638979	         0.000221825	         0.000000000	         0.000221825
 20784	     -217000	 0.063548061	23.203501937	134.368671742	158.829252046	 0.144177049	         0.000211864	         0.000000000	         0.000211864
 20785	     -216000	 0.063922666	23.084272426	142.734028062	158.559753086	 0.141807307	         0.000203883	         0.000000000	         0.000203883
 20786	     -215000	 0.064617805	22.968865474	151.067261629	158.296834436	 0.139550645	         0.000198924	         0.000000000	         0.000198924
 20787	     -214000	 0.065394522	22.857430117	159.352650667	158.012699506	 0.137405728	         0.000194073	         0.000000000	         0.000194073
 20788	     -213000	 0.066235999	22.750743597	167.744935617	157.729287838	 0.135383114	         0.000191651	         0.000000000	         0.000191651
 20789	     -212000	 0.067152140	22.650412830	175.864595794	157.453291246	 0.133508168	         0.000190094	         0.000000000	         0.000190094
 20790	     -211000	 0.068139249	22.556723721	-175.963985569	157.175806739	 0.131780792	         0.000189059	         0.000000000	         0.000189059
 20791	     -210000	 0.069443814	22.470342526	-167.940219215	156.909551614	 0.130207963	         0.000190740	         0.000000000	         0.000190740
 20792	     -209000	 0.070617138	22.392214097	-159.815565426	156.657081485	 0.128801575	         0.000192369	         0.000000000	         0.000192369
 20793	     -208000	 0.071985370	22.322864136	-151.888184450	156.424985645	 0.127565938	         0.000194490	         0.000000000	         0.000194490
 20794	     -207000	 0.073458104	22.262747901	-144.068381244	156.211420620	 0.126504419	         0.000199473	         0.000000000	         0.000199473
 20795	     -206000	 0.075120855	22.212035729	-136.251320771	156.116844839	 0.125615826	         0.000213185	         0.000000000	         0.000213185
 20796	     -205000	 0.076737766	22.170958981	-128.643093562	155.973914596	 0.124900645	         0.000223784	         0.000000000	         0.000223784
 20797	     -204000	 0.078482218	22.139849133	-121.130412554	155.862584643	 0.124361707	         0.000236933	         0.000000000	         0.000236933
 20798	     -203000	 0.080369184	22.118414728	-113.637767311	155.739399104	 0.123991737	         0.000245712	         0.000000000	         0.000245712
 20799	     -202000	 0.082010663	22.106386947	-106.283407002	155.640791011	 0.123784613	         0.000257326	         0.000000000	         0.000257326
 20800	     -201000	 0.083790603	22.103921105	-99.101902423	155.566692040	 0.123742193	         0.000269496	         0.000000000	         0.000269496
 20801	     -200000	 0.085686492	22.110667977	-91.904583528	155.506255263	 0.123858295	         0.000281915	         0.000000000	         0.000281915
 20802	     -199000	 0.087488192	22.126492948	-84.673451494	155.469294883	 0.124131042	         0.000295258	         0.000000000	         0.000295258
 20803	     -198000	 0.089182195	22.151081704	-77.634370465	155.440222617	 0.124556028	         0.000305159	         0.000000000	         0.000305159
 20804	     -197000	 0.090949752	22.184204048	-70.570546328	155.437567554	 0.125130806	         0.000316085	         0.000000000	         0.000316085
 20805	     -196000	 0.092820032	22.225967428	-63.566359241	155.453778808	 0.125859317	         0.000324346	         0.000000000	         0.000324346
 20806	     -195000	 0.094580526	22.275899917	-56.587194676	155.480393302	 0.126735897	         0.000331637	         0.000000000	         0.000331637
 20807	     -194000	 0.096340585	22.333865163	-49.627717610	155.400139560	 0.127761154	         0.000318263	         0.000000000	         0.000318263
 20808	     -193000	 0.098168556	22.399929310	-42.788044175	155.506938328	 0.128939777	         0.000329766	         0.000000000	         0.000329766
 20809	     -192000	 0.099890725	22.473573327	-35.889283201	155.637605032	 0.130266450	         0.000339754	         0.000000000	         0.000339754
 20810	     -191000	 0.101491539	22.554538609	-29.109355819	155.801277023	 0.131740772	         0.000349192	         0.000000000	         0.000349192
 20811	     -190000	 0.103119931	22.642429967	-22.371864886	155.985338395	 0.133360107	         0.000357234	         0.000000000	         0.000357234
 20812	     -189000	 0.104762165	22.736553467	-15.542574495	156.207427986	 0.135116343	         0.000362182	         0.000000000	         0.000362182
 20813	     -188000	 0.106077970	22.836500981	-8.811766849	156.465194695	 0.137006575	         0.000366931	         0.000000000	         0.000366931
 20814	     -187000	 0.107434669	22.941096784	-2.088670295	156.735543810	 0.139013039	         0.000364781	         0.000000000	         0.000364781
 20815	     -186000	 0.108857953	23.049636574	 4.601140026	157.057176940	 0.141126233	         0.000365210	         0.000000000	         0.000365210
 20816	     -185000	 0.109993015	23.161433163	11.391258749	157.400336702	 0.143336425	         0.000358442	         0.000000000	         0.000358442
 20817	     -184000	 0.111154276	23.274779793	18.075142745	157.771263813	 0.145612600	         0.000352361	         0.000000000	         0.000352361
 20818	     -183000	 0.112174784	23.389163525	24.767088913	158.164748186	 0.147946247	         0.000342708	         0.000000000	         0.000342708
 20819	     -182000	 0.113292991	23.503736141	31.529888471	158.578276367	 0.150321240	         0.000331033	         0.000000000	         0.000331033
 20820	     -181000	 0.114098547	23.616823358	38.170783280	159.001896194	 0.152702827	         0.000318098	         0.000000000	         0.000318098
 20821	     -180000	 0.114960379	23.728200033	44.897340348	159.444085227	 0.155085268	         0.000305778	         0.000000000	         0.000305778
 20822	     -179000	 0.115733283	23.837101090	51.534811325	159.884905979	 0.157450690	         0.000293591	         0.000000000	         0.000293591
 20823	     -178000	 0.116291999	23.942451895	58.238455679	160.298486273	 0.159773325	         0.000280251	         0.000000000	         0.000280251
 20824	     -177000	 0.116752823	24.044306989	64.896406369	160.728759869	 0.162051462	         0.000273814	         0.000000000	         0.000273814
 20825	     -176000	 0.117113408	24.141974794	71.546340623	161.125383544	 0.164266445	         0.000269860	         0.000000000	         0.000269860
 20826	     -175000	 0.117516548	24.235187222	78.283318756	161.486294670	 0.166408615	         0.000268757	         0.000000000	         0.000268757
 20827	     -174000	 0.117497825	24.323989648	84.966749026	161.793625660	 0.168475416	         0.000271924	         0.000000000	         0.000271924
 20828	     -173000	 0.117583481	24.407713955	91.663245088	162.061763022	 0.170447532	         0.000282499	         0.000000000	         0.000282499
 20829	     -172000	 0.117702337	24.486545874	98.375414067	162.272492562	 0.172325504	         0.000297745	         0.000000000	         0.000297745
 20830	     -171000	 0.117448939	24.560379233	105.125170560	162.428413961	 0.174103159	         0.000321115	         0.000000000	         0.000321115
 20831	     -170000	 0.117294616	24.628515563	111.794927404	162.527793480	 0.175759915	         0.000351758	         0.000000000	         0.000351758
 20832	     -169000	 0.117051204	24.691056478	118.488750371	162.565913082	 0.177294489	         0.000388319	         0.000000000	         0.000388319
 20833	     -168000	 0.116694469	24.747679595	125.220845564	162.562715242	 0.178695411	         0.000438575	         0.000000000	         0.000438575
 20834	     -167000	 0.116144314	24.797742697	131.875763886	162.500184133	 0.179943248	         0.000493237	         0.000000000	         0.000493237
 20835	     -166000	 0.115557965	24.841092169	138.527230329	162.468332506	 0.181030783	         0.000566985	         0.000000000	         0.000566985
 20836	     -165000	 0.114953875	24.877326778	145.204853870	162.372566239	 0.181944865	         0.000648264	         0.000000061	         0.000648325
 20837	     -164000	 0.114064495	24.906202684	151.887366120	162.224961900	 0.182676614	         0.000736604	         0.000000298	         0.000736903
 20838	     -163000	 0.113160022	24.927437228	158.570460530	162.054696400	 0.183216599	         0.000837478	         0.000001884	         0.000839362
 20839	     -162000	 0.112205950	24.940877468	165.212851485	161.867133469	 0.183559203	         0.000944200	         0.000003811	         0.000948011
 20840	     -161000	 0.111128841	24.946788821	171.954724633	161.654541785	 0.183710091	         0.001053653	         0.000005307	         0.001058960
 20841	     -160000	 0.109982723	24.945086042	178.648317645	161.446456467	 0.183666615	         0.001177734	         0.000008294	         0.001186027
 20842	     -159000	 0.108782538	24.936099830	-174.666274991	161.229664241	 0.183437343	         0.001300551	         0.000011572	         0.001312123
 20843	     -158000	 0.107715009	24.920407394	-167.903733872	161.005806274	 0.183037657	         0.001424495	         0.000014661	         0.001439156
 20844	     -157000	 0.106270321	24.898263706	-161.189282645	160.771829323	 0.182475138	         0.001529863	         0.000016123	         0.001545986
 20845	     -156000	 0.104922200	24.870426901	-154.498520536	160.559623804	 0.181770448	         0.001643212	         0.000019388	         0.001662600
 20846	     -155000	 0.103729263	24.837516634	-147.811480016	160.354973098	 0.180940834	         0.001749875	         0.000022397	         0.001772272
 20847	     -154000	 0.102168826	24.799988809	-141.049107898	160.144461318	 0.179999437	         0.001833486	         0.000023945	         0.001857431
 20848	     -153000	 0.100670931	24.758772243	-134.374251356	159.951804524	 0.178971150	         0.001903313	         0.000024948	         0.001928261
 20849	     -152000	 0.099050831	24.714288333	-127.673192223	159.769452772	 0.177867939	         0.001944526	         0.000022576	         0.001967102
 20850	     -151000	 0.097504847	24.666984470	-120.928289197	159.591537774	 0.176702251	         0.001974677	         0.000021746	         0.001996423
 20851	     -150000	 0.095713095	24.617669046	-114.195970824	159.428866084	 0.175495127	         0.001982108	         0.000020016	         0.002002124
 20852	     -149000	 0.094027396	24.566731161	-107.364459453	159.275258864	 0.174256946	         0.001967259	         0.000016636	         0.001983896
 20853	     -148000	 0.092350801	24.514663224	-100.601377313	159.127936272	 0.173000324	         0.001928822	         0.000012986	         0.001941808
 20854	     -147000	 0.090555507	24.461999598	-93.694027070	159.001445261	 0.171738543	         0.001870031	         0.000008491	         0.001878522
 20855	     -146000	 0.088844758	24.409155167	-86.883208268	158.886104906	 0.170481681	         0.001795012	         0.000004931	         0.001799943
 20856	     -145000	 0.087160066	24.356869149	-80.031519317	158.784588381	 0.169247153	         0.001715563	         0.000002095	         0.001717658
 20857	     -144000	 0.085545294	24.305603580	-73.072406637	158.691696702	 0.168045399	         0.001614409	         0.000000053	         0.001614462
 20858	     -143000	 0.083716342	24.255741123	-66.165386214	158.620691738	 0.166884723	         0.001508402	         0.000000000	         0.001508402
 20859	     -142000	 0.082025317	24.208367750	-59.274259003	158.556051530	 0.165789415	         0.001397532	         0.000000000	         0.001397532
 20860	     -141000	 0.080457978	24.164038814	-52.329228644	158.510726460	 0.164771007	         0.001291893	         0.000000000	         0.001291893
 20861	     -140000	 0.078696245	24.123134581	-45.216632012	158.477717845	 0.163836829	         0.001182299	         0.000000000	         0.001182299
 20862	     -139000	 0.076969496	24.086768000	-38.227399418	158.458768557	 0.163010731	         0.001081164	         0.000000000	         0.001081164
 20863	     -138000	 0.075366589	24.055487843	-31.109108763	158.462314726	 0.162303508	         0.000989551	         0.000000000	         0.000989551
 20864	     -137000	 0.073717305	24.029761119	-23.857142940	158.482901549	 0.161724145	         0.000899151	         0.000000000	         0.000899151
 20865	     -136000	 0.072128219	24.010365752	-16.608955727	158.522034762	 0.161288731	         0.000822815	         0.000000000	         0.000822815
 20866	     -135000	 0.070672647	23.997586095	-9.235159750	158.567157943	 0.161002476	         0.000746383	         0.000000000	         0.000746383
 20867	     -134000	 0.069340845	23.991884948	-1.796399738	158.560554484	 0.160874939	         0.000667820	         0.000000000	         0.000667820
 20868	     -133000	 0.067942036	23.993669277	 5.696256998	158.689069906	 0.160914844	         0.000618681	         0.000000000	         0.000618681
 20869	     -132000	 0.066729839	24.002764835	13.248810693	158.846847964	 0.161118415	         0.000576642	         0.000000000	         0.000576642
 20870	     -131000	 0.065701973	24.019470099	20.755278576	159.008232944	 0.161492972	         0.000539721	         0.000000000	         0.000539721
 20871	     -130000	 0.064694497	24.043863929	28.501796313	159.201424927	 0.162041482	         0.000511065	         0.000000000	         0.000511065
 20872	     -129000	 0.063656618	24.075520037	36.212048969	159.395353122	 0.162756068	         0.000485179	         0.000000000	         0.000485179
 20873	     -128000	 0.062814077	24.114552563	43.884172650	159.600414442	 0.163641504	         0.000467563	         0.000000000	         0.000467563
 20874	     -127000	 0.062190036	24.160709998	51.712946281	159.806485301	 0.164694784	         0.000451346	         0.000000000	         0.000451346
 20875	     -126000	 0.061444730	24.213616146	59.658084167	160.035225753	 0.165910407	         0.000447057	         0.000000000	         0.000447057
 20876	     -125000	 0.060905279	24.273210693	67.612219870	160.238137849	 0.167290457	         0.000442823	         0.000000000	         0.000442823
 20877	     -124000	 0.060605483	24.338983445	75.549732808	160.441693419	 0.168826908	         0.000447719	         0.000000000	         0.000447719
 20878	     -123000	 0.060322707	24.410708946	83.744650553	160.641083016	 0.170518505	         0.000457347	         0.000000000	         0.000457347
 20879	     -122000	 0.060240268	24.488082597	91.730660396	160.836101543	 0.172362318	         0.000477460	         0.000000000	         0.000477460
 20880	     -121000	 0.060310521	24.570445804	99.843564380	161.010873400	 0.174346944	         0.000501429	         0.000000000	         0.000501429
 20881	     -120000	 0.060615009	24.657823538	107.946702881	161.181982925	 0.176477387	         0.000538567	         0.000000000	         0.000538567
 20882	     -119000	 0.060830186	24.749662816	115.985485139	161.396170823	 0.178744678	         0.000590288	         0.000000000	         0.000590288
 20883	     -118000	 0.061370590	24.845188461	123.980184656	161.549703995	 0.181133889	         0.000652490	         0.000000000	         0.000652490
 20884	     -117000	 0.061949112	24.944408877	131.926993379	161.669932491	 0.183649328	         0.000723701	         0.000000457	         0.000724158
 20885	     -116000	 0.062656318	25.046557463	139.966530563	161.781179500	 0.186275501	         0.000814628	         0.000002473	         0.000817102
 20886	     -115000	 0.063344079	25.150981367	147.884613261	161.852869577	 0.188998993	         0.000918530	         0.000006565	         0.000925095
 20887	     -114000	 0.064212536	25.257231565	155.720333812	161.928844828	 0.191810991	         0.001043437	         0.000011689	         0.001055127
 20888	     -113000	 0.065340905	25.364427051	163.588820020	161.986131319	 0.194690407	         0.001199766	         0.000021244	         0.001221011
 20889	     -112000	 0.066309641	25.472179031	171.506143729	162.014312621	 0.197628334	         0.001378547	         0.000033684	         0.001412231
 20890	     -111000	 0.067510544	25.579401868	179.246661016	162.038417432	 0.200595840	         0.001582547	         0.000049884	         0.001632431
 20891	     -110000	 0.068855438	25.685201799	-173.098507467	162.042120278	 0.203567639	         0.001809423	         0.000069224	         0.001878647
 20892	     -109000	 0.070223869	25.789257696	-165.346901108	162.049617401	 0.206533391	         0.002090817	         0.000098364	         0.002189181
 20893	     -108000	 0.071659924	25.890183728	-157.827053040	162.044017849	 0.209451208	         0.002394785	         0.000133642	         0.002528428
 20894	     -107000	 0.073248299	25.987304624	-150.343952519	162.035157022	 0.212297931	         0.002737042	         0.000176947	         0.002913989
 20895	     -106000	 0.074795665	26.080124831	-142.820398658	162.025755005	 0.215054746	         0.003125441	         0.000231865	         0.003357306
 20896	     -105000	 0.076303131	26.167376330	-135.424019480	162.004019174	 0.217678802	         0.003525128	         0.000292993	         0.003818121
 20897	     -104000	 0.077944678	26.249028824	-128.132242408	161.977036461	 0.220163463	         0.003941025	         0.000360719	         0.004301744
 20898	     -103000	 0.079653700	26.324399442	-120.835778795	161.949351001	 0.222482134	         0.004369804	         0.000434661	         0.004804465
 20899	     -102000	 0.081245405	26.392558106	-113.497879067	161.915807984	 0.224599958	         0.004791538	         0.000513513	         0.005305050
 20900	     -101000	 0.082905851	26.454010751	-106.255601474	161.891564603	 0.226526690	         0.005217614	         0.000596507	         0.005814122
 20901	     -100000	 0.084561943	26.508018289	-99.117519156	161.860795065	 0.228233635	         0.005598333	         0.000675567	         0.006273901
 20902	      -99000	 0.086389596	26.554242789	-91.905895043	161.831977825	 0.229704805	         0.005932328	         0.000743759	         0.006676088
 20903	      -98000	 0.088081511	26.593184343	-84.744085779	161.798966754	 0.230951539	         0.006187564	         0.000799554	         0.006987118
 20904	      -97000	 0.089787700	26.624056541	-77.666208382	161.777830025	 0.231944736	         0.006347229	         0.000830816	         0.007178045
 20905	      -96000	 0.091655547	26.647071155	-70.662619373	161.761785565	 0.232687923	         0.006454357	         0.000852934	         0.007307291
 20906	      -95000	 0.093266542	26.662376195	-63.605205688	161.754721380	 0.233183470	         0.006452754	         0.000851398	         0.007304152
 20907	      -94000	 0.094958482	26.669034293	-56.669115065	161.758019786	 0.233399376	         0.006359068	         0.000830605	         0.007189672
 20908	      -93000	 0.096624922	26.667533742	-49.773580760	161.766263199	 0.233350699	         0.006186261	         0.000794593	         0.006980855
 20909	      -92000	 0.098202523	26.657526368	-42.752537474	161.787017960	 0.233026328	         0.005921271	         0.000740293	         0.006661564
 20910	      -91000	 0.099606850	26.638211146	-35.896984838	161.809448054	 0.232401535	         0.005559172	         0.000662722	         0.006221895
 20911	      -90000	 0.101130171	26.610110151	-28.990237958	161.841073096	 0.231495536	         0.005159395	         0.000583678	         0.005743074
 20912	      -89000	 0.102664151	26.572540978	-22.129805873	161.877311705	 0.230289791	         0.004714508	         0.000498783	         0.005213291
 20913	      -88000	 0.103938334	26.525369198	-15.179889311	161.927787195	 0.228784748	         0.004243255	         0.000416654	         0.004659908
 20914	      -87000	 0.105376627	26.469033618	-8.342102924	161.992809092	 0.227000212	         0.003779747	         0.000340406	         0.004120153
 20915	      -86000	 0.106668109	26.402954897	-1.543456330	162.059820842	 0.224924774	         0.003304579	         0.000266567	         0.003571145
 20916	      -85000	 0.108043764	26.327790236	 5.312996708	162.141696973	 0.222587019	         0.002875463	         0.000208907	         0.003084370
 20917	      -84000	 0.109259935	26.244140463	12.093140301	162.213565460	 0.220013917	         0.002455828	         0.000154491	         0.002610320
 20918	      -83000	 0.110408185	26.151993854	18.843266466	162.304540907	 0.217213866	         0.002092151	         0.000113754	         0.002205905
 20919	      -82000	 0.111609594	26.052463392	25.574114090	162.393751084	 0.214229461	         0.001759279	         0.000079460	         0.001838739
 20920	      -81000	 0.112501109	25.946124628	32.336435922	162.489020335	 0.211086205	         0.001482451	         0.000055940	         0.001538391
 20921	      -80000	 0.113406621	25.833775016	38.994944817	162.499981028	 0.207815363	         0.001223270	         0.000034132	         0.001257402
 20922	      -79000	 0.114262012	25.716485790	45.670824323	162.605603115	 0.204454775	         0.001025462	         0.000021754	         0.001047215
 20923	      -78000	 0.114959478	25.594536256	52.460908210	162.708566958	 0.201018274	         0.000859539	         0.000013269	         0.000872808
 20924	      -77000	 0.115469999	25.469291967	59.116301864	162.785524597	 0.197549041	         0.000725828	         0.000007331	         0.000733159
 20925	      -76000	 0.116021941	25.341276495	65.800550868	162.840091382	 0.194064914	         0.000615752	         0.000003183	         0.000618935
 20926	      -75000	 0.116517503	25.210584791	72.546362805	162.866015869	 0.190571331	         0.000527012	         0.000000828	         0.000527840
 20927	      -74000	 0.116826335	25.078499544	79.258085071	162.860905030	 0.187104394	         0.000458288	         0.000000000	         0.000458288
 20928	      -73000	 0.117170715	24.945015705	85.940955413	162.811288449	 0.183664819	         0.000406455	         0.000000000	         0.000406455
 20929	      -72000	 0.117469291	24.810374084	92.589489467	162.728672620	 0.180259463	         0.000367606	         0.000000000	         0.000367606
 20930	      -71000	 0.117543929	24.675477741	99.298374357	162.586566182	 0.176910983	         0.000338694	         0.000000000	         0.000338694
 20931	      -70000	 0.117618325	24.539939096	105.940208940	162.404851758	 0.173609203	         0.000318576	         0.000000000	         0.000318576
 20932	      -69000	 0.117522174	24.404474741	112.524463742	162.172993694	 0.170370805	         0.000304821	         0.000000000	         0.000304821
 20933	      -68000	 0.117449283	24.269751992	119.183202480	161.892961733	 0.167210050	         0.000295878	         0.000000000	         0.000295878
 20934	      -67000	 0.117090878	24.135524532	125.821109120	161.587943843	 0.164119232	         0.000293579	         0.000000000	         0.000293579
 20935	      -66000	 0.116695719	24.003138132	132.442937564	161.250388481	 0.161126775	         0.000294096	         0.000000000	         0.000294096
 20936	      -65000	 0.116303997	23.872912780	139.025205085	160.895823423	 0.158236406	         0.000298643	         0.000000000	         0.000298643
 20937	      -64000	 0.115626432	23.745097477	145.748638834	160.522148800	 0.155449952	         0.000304772	         0.000000000	         0.000304772
 20938	      -63000	 0.114999642	23.621418574	152.379810965	160.130841266	 0.152800395	         0.000309950	         0.000000000	         0.000309950
 20939	      -62000	 0.114283649	23.501979354	159.003532598	159.746494521	 0.150284537	         0.000317408	         0.000000000	         0.000317408
 20940	      -61000	 0.113531030	23.387438017	165.788285431	159.358182483	 0.147910767	         0.000326703	         0.000000000	         0.000326703
 20941	      -60000	 0.112551005	23.279325931	172.409679135	158.976005330	 0.145704644	         0.000332406	         0.000000000	         0.000332406
 20942	      -59000	 0.111658036	23.177564718	179.133667452	158.718328119	 0.143658187	         0.000355292	         0.000000000	         0.000355292
 20943	      -58000	 0.110711029	23.082932068	-174.188779185	158.386307047	 0.141780890	         0.000364951	         0.000000000	         0.000364951
 20944	      -57000	 0.109515538	22.996088468	-167.406446767	158.082551617	 0.140079704	         0.000379186	         0.000000000	         0.000379186
 20945	      -56000	 0.108363066	22.916897378	-160.680149192	157.796070488	 0.138546224	         0.000391145	         0.000000000	         0.000391145
 20946	      -55000	 0.107077802	22.845945713	-153.941067852	157.538536175	 0.137186557	         0.000402912	         0.000000000	         0.000402912
 20947	      -54000	 0.105870971	22.782890099	-147.097706932	157.292241547	 0.135989408	         0.000415336	         0.000000000	         0.000415336
 20948	      -53000	 0.104417335	22.727644816	-140.251906593	157.081605157	 0.134949132	         0.000428127	         0.000000000	         0.000428127
 20949	      -52000	 0.102994626	22.680345848	-133.366406660	156.882499135	 0.134064812	         0.000437430	         0.000000000	         0.000437430
 20950	      -51000	 0.101645415	22.640205081	-126.436007151	156.710911260	 0.133318871	         0.000447000	         0.000000000	         0.000447000
 20951	      -50000	 0.100119271	22.607092644	-119.417466034	156.559598956	 0.132706664	         0.000455821	         0.000000000	         0.000455821
 20952	      -49000	 0.098719944	22.580843085	-112.431172354	156.428051769	 0.132223341	         0.000463440	         0.000000000	         0.000463440
 20953	      -48000	 0.097327639	22.560765671	-105.413531728	156.315828318	 0.131854851	         0.000466737	         0.000000000	         0.000466737
 20954	      -47000	 0.095885444	22.546799816	-98.199139184	156.227466359	 0.131599136	         0.000469843	         0.000000000	         0.000469843
 20955	      -46000	 0.094317785	22.538581050	-91.111280432	156.152598162	 0.131448882	         0.000467335	         0.000000000	         0.000467335
 20956	      -45000	 0.092896913	22.535811908	-83.975039159	156.089669729	 0.131398296	         0.000460159	         0.000000000	         0.000460159
 20957	      -44000	 0.091485680	22.538513383	-76.684787866	156.055296960	 0.131447645	         0.000453982	         0.000000000	         0.000453982
 20958	      -43000	 0.089945496	22.546225509	-69.303197442	156.025370845	 0.131588631	         0.000439140	         0.000000000	         0.000439140
 20959	      -42000	 0.088494078	22.558982839	-61.940482079	156.009024865	 0.131822180	         0.000421779	         0.000000000	         0.000421779
 20960	      -41000	 0.087043053	22.576574128	-54.500406596	156.023134411	 0.132144905	         0.000404939	         0.000000000	         0.000404939
 20961	      -40000	 0.085663300	22.598675755	-46.906747096	155.893981846	 0.132551495	         0.000362328	         0.000000000	         0.000362328
 20962	      -39000	 0.084406687	22.625248227	-39.268699058	155.970376208	 0.133041989	         0.000349753	         0.000000000	         0.000349753
 20963	      -38000	 0.083106709	22.655842399	-31.584854197	156.081602137	 0.133608966	         0.000338917	         0.000000000	         0.000338917
 20964	      -37000	 0.082107173	22.690279986	-23.777141751	156.193084671	 0.134250062	         0.000323262	         0.000000000	         0.000323262
 20965	      -36000	 0.080938392	22.728272811	-15.967998783	156.336460911	 0.134960913	         0.000306991	         0.000000000	         0.000306991
 20966	      -35000	 0.079978433	22.769121224	-8.166579713	156.507958593	 0.135729391	         0.000293869	         0.000000000	         0.000293869
 20967	      -34000	 0.079200362	22.812710091	-0.359243973	156.696443661	 0.136554251	         0.000278870	         0.000000000	         0.000278870
 20968	      -33000	 0.078368383	22.858599208	 7.685635996	156.919813727	 0.137428058	         0.000264939	         0.000000000	         0.000264939
 20969	      -32000	 0.077598151	22.906127907	15.553126894	157.132382880	 0.138338981	         0.000250210	         0.000000000	         0.000250210
 20970	      -31000	 0.076900570	22.955183869	23.468249189	157.376286823	 0.139285507	         0.000236709	         0.000000000	         0.000236709
 20971	      -30000	 0.076487262	23.005260569	31.480229612	157.631607129	 0.140258409	         0.000225015	         0.000000000	         0.000225015
 20972	      -29000	 0.075902330	23.056244648	39.540608954	157.893675961	 0.141255921	         0.000214250	         0.000000000	         0.000214250
 20973	      -28000	 0.075595269	23.107801237	47.564478212	158.153891376	 0.142271848	         0.000204901	         0.000000000	         0.000204901
 20974	      -27000	 0.075350067	23.159537581	55.577029363	158.400314767	 0.143298663	         0.000196077	         0.000000000	         0.000196077
 20975	      -26000	 0.075234139	23.211862617	63.692760471	158.652836071	 0.144344699	         0.000190924	         0.000000000	         0.000190924
 20976	      -25000	 0.075264147	23.264376467	71.597343917	158.878953919	 0.145402187	         0.000186867	         0.000000000	         0.000186867
 20977	      -24000	 0.075386364	23.316994403	79.578954515	159.115007205	 0.146469542	         0.000188439	         0.000000000	         0.000188439
 20978	      -23000	 0.075664484	23.370248521	87.487799704	159.304285815	 0.147557779	         0.000189917	         0.000000000	         0.000189917
 20979	      -22000	 0.075904585	23.423836015	95.314103165	159.484998145	 0.148660991	         0.000196676	         0.000000000	         0.000196676
 20980	      -21000	 0.076213925	23.477962509	103.033806906	159.617410776	 0.149783672	         0.000205536	         0.000000000	         0.000205536
 20981	      -20000	 0.076713896	23.533051402	110.676182490	159.744685533	 0.150935022	         0.000218807	         0.000000000	         0.000218807
 20982	      -19000	 0.077230707	23.588964380	118.452530545	159.840944414	 0.152112644	         0.000237607	         0.000000000	         0.000237607
 20983	      -18000	 0.077641295	23.646252412	125.960268988	159.893890323	 0.153328758	         0.000259641	         0.000000000	         0.000259641
 20984	      -17000	 0.078233217	23.705011777	133.450221427	159.935420371	 0.154586207	         0.000287455	         0.000000000	         0.000287455
 20985	      -16000	 0.079013665	23.765397277	140.960763547	159.954435732	 0.155889200	         0.000321993	         0.000000000	         0.000321993
 20986	      -15000	 0.079622813	23.828158458	148.371787505	159.951131850	 0.157255096	         0.000361923	         0.000000000	         0.000361923
 20987	      -14000	 0.080432836	23.893156113	155.665201935	159.939867044	 0.158682282	         0.000410678	         0.000000000	         0.000410678
 20988	      -13000	 0.081318133	23.960901417	162.914934246	160.018427168	 0.160183587	         0.000479512	         0.000000000	         0.000479512
 20989	      -12000	 0.082179039	24.031878352	170.097559659	160.006641796	 0.161771747	         0.000551248	         0.000000000	         0.000551248
 20990	      -11000	 0.083078657	24.105961246	177.133908653	159.998829510	 0.163446201	         0.000636854	         0.000000000	         0.000636854
 20991	      -10000	 0.084058613	24.183811399	-175.917851386	159.983748183	 0.165224485	         0.000735227	         0.000000000	         0.000735227
 20992	       -9000	 0.085022293	24.265555248	-168.930289777	159.965804826	 0.167112537	         0.000849498	         0.000000000	         0.000849498
 20993	       -8000	 0.085893190	24.351202710	-162.124041770	159.953377125	 0.169113901	         0.000978424	         0.000000000	         0.000978424
 20994	       -7000	 0.086789046	24.441161342	-155.329110324	159.939290947	 0.171241819	         0.001126370	         0.000000000	         0.001126370
 20995	       -6000	 0.087816822	24.535253348	-148.611102880	159.948560011	 0.173496165	         0.001300409	         0.000001324	         0.001301733
 20996	       -5000	 0.088700617	24.633724519	-141.855828162	159.954441809	 0.175887219	         0.001495640	         0.000006623	         0.001502264
 20997	       -4000	 0.089582487	24.736458153	-135.201045521	159.977080194	 0.178416903	         0.001714408	         0.000016327	         0.001730736
 20998	       -3000	 0.090497330	24.843270758	-128.653555394	160.004086845	 0.181085612	         0.001953541	         0.000029932	         0.001983473
 20999	       -2000	 0.091571466	24.954662590	-121.964549131	160.033675778	 0.183911264	         0.002217126	         0.000049273	         0.002266400
 21000	       -1000	 0.092413567	25.070009643	-115.454439254	160.087518855	 0.186883723	         0.002506945	         0.000074910	         0.002581855
 21001	           0	 0.093315101	25.189417000	-108.955069177	160.152691398	 0.190011433	         0.002829861	         0.000110868	         0.002940729
