LaskarTimestep	time_years	ecc	obl	Lsp	Tsurf	SF12	ForcedConv	FreeConv	TotalSubl
 16001	    -5000000	 0.092827547	32.484497352	159.274770107	172.582445316	 0.484380001	         0.024882809	         0.010780826	         0.035663635
 16002	    -4999000	 0.092275808	32.615709286	165.338189729	172.534937007	 0.491009417	         0.028814557	         0.013550009	         0.042364566
 16003	    -4998000	 0.091663779	32.746938556	171.328949162	172.481938068	 0.497663782	         0.033256341	         0.016784107	         0.050040448
 16004	    -4997000	 0.090992911	32.877596078	177.365988226	172.430584048	 0.504311616	         0.038467358	         0.020767688	         0.059235046
 16005	    -4996000	 0.090430449	33.006656617	-176.538338462	172.374418957	 0.510898752	         0.044472602	         0.025575290	         0.070047892
 16006	    -4995000	 0.089618964	33.133310611	-170.328405364	172.315321076	 0.517381513	         0.051387599	         0.031379561	         0.082767160
 16007	    -4994000	 0.088784784	33.256812893	-164.196266208	172.264290089	 0.523719216	         0.058912659	         0.037962184	         0.096874842
 16008	    -4993000	 0.088020384	33.376218881	-157.960615736	172.216346789	 0.529860729	         0.067288450	         0.045576239	         0.112864690
 16009	    -4992000	 0.087078297	33.491311517	-151.543522568	172.177556339	 0.535792289	         0.076847461	         0.054617950	         0.131465412
 16010	    -4991000	 0.086108242	33.601368412	-145.194582052	172.150820580	 0.541474223	         0.086926783	         0.064491062	         0.151417846
 16011	    -4990000	 0.085164936	33.705775613	-138.732044359	172.136181980	 0.546872526	         0.098339797	         0.076066798	         0.174406595
 16012	    -4989000	 0.084203271	33.804699106	-132.095069935	172.148759937	 0.551993751	         0.111901784	         0.090342470	         0.202244254
 16013	    -4988000	 0.083143454	33.897521417	-125.477588033	172.163722296	 0.556804173	         0.125308951	         0.104757790	         0.230066741
 16014	    -4987000	 0.082176009	33.984197081	-118.782966583	172.176753405	 0.561299921	         0.136612614	         0.116981550	         0.253594164
 16015	    -4986000	 0.081268297	34.064930187	-111.973155058	172.175274241	 0.565490352	         0.145420641	         0.126509630	         0.271930271
 16016	    -4985000	 0.080169953	34.139316339	-105.063599374	172.198241701	 0.569353475	         0.153780356	         0.135624269	         0.289404625
 16017	    -4984000	 0.079150407	34.207605264	-98.151965759	172.237397588	 0.572901465	         0.160202491	         0.142621525	         0.302824015
 16018	    -4983000	 0.078143238	34.269898523	-91.216066969	172.285149785	 0.576138995	         0.164738469	         0.147515117	         0.312253586
 16019	    -4982000	 0.077116411	34.325994728	-84.048685288	172.352534727	 0.579055143	         0.167139266	         0.149965733	         0.317104999
 16020	    -4981000	 0.076017675	34.376251153	-76.869904156	172.436521758	 0.581668151	         0.166826034	         0.149353503	         0.316179537
 16021	    -4980000	 0.074832441	34.420596261	-69.601446511	172.531696646	 0.583974069	         0.164171689	         0.146129703	         0.310301392
 16022	    -4979000	 0.073860810	34.459040231	-62.266359252	172.644487697	 0.585973274	         0.160386417	         0.141715900	         0.302102317
 16023	    -4978000	 0.072717324	34.491955794	-54.649300232	172.791227571	 0.587685052	         0.155440037	         0.136036728	         0.291476765
 16024	    -4977000	 0.071715916	34.519263572	-47.068960685	172.940259703	 0.589105222	         0.148221161	         0.127938447	         0.276159608
 16025	    -4976000	 0.070751469	34.541347433	-39.398865468	173.119926552	 0.590253722	         0.141210340	         0.120113783	         0.261324123
 16026	    -4975000	 0.069872582	34.558550776	-31.422221550	173.328584036	 0.591148402	         0.133272294	         0.111416603	         0.244688897
 16027	    -4974000	 0.068980430	34.571022949	-23.611043777	173.529346557	 0.591797027	         0.124596695	         0.102152353	         0.226749048
 16028	    -4973000	 0.068298981	34.579329925	-15.637280917	173.764071989	 0.592229035	         0.115950869	         0.093046619	         0.208997487
 16029	    -4972000	 0.067690078	34.583886640	-7.523006992	174.004095569	 0.592466008	         0.107029996	         0.083894587	         0.190924582
 16030	    -4971000	 0.066980778	34.585119423	 0.652649633	174.266106356	 0.592530119	         0.098846175	         0.075714872	         0.174561047
 16031	    -4970000	 0.066493018	34.583743484	 8.818185746	174.517995125	 0.592458563	         0.090713943	         0.067797439	         0.158511382
 16032	    -4969000	 0.066022485	34.580263530	17.039586287	174.783789887	 0.592277587	         0.083525366	         0.060987009	         0.144512375
 16033	    -4968000	 0.065800036	34.575207686	25.487852481	175.061665958	 0.592014656	         0.076957201	         0.054937522	         0.131894722
 16034	    -4967000	 0.065461477	34.569224690	33.891878566	175.319074054	 0.591703507	         0.071163926	         0.049736170	         0.120900096
 16035	    -4966000	 0.065326753	34.562822481	42.359138265	175.567877170	 0.591370556	         0.066094110	         0.045303444	         0.111397555
 16036	    -4965000	 0.065409308	34.556572664	50.822975093	175.812211706	 0.591045528	         0.061952224	         0.041779573	         0.103731797
 16037	    -4964000	 0.065576904	34.550921768	59.413124416	176.016027091	 0.590751647	         0.058312057	         0.038729387	         0.097041444
 16038	    -4963000	 0.065912714	34.546346194	67.878654740	176.217625513	 0.590513689	         0.055725431	         0.036615624	         0.092341054
 16039	    -4962000	 0.066440606	34.543268249	76.312610604	176.367629011	 0.590353617	         0.053681555	         0.034972333	         0.088653888
 16040	    -4961000	 0.067052679	34.542032327	84.848511773	176.489493151	 0.590289341	         0.052375592	         0.033930777	         0.086306369
 16041	    -4960000	 0.067674999	34.542991418	93.159383901	176.567845534	 0.590339220	         0.052097475	         0.033744117	         0.085841592
 16042	    -4959000	 0.068503296	34.546460357	101.356078101	176.614732980	 0.590519626	         0.052253581	         0.033884032	         0.086137613
 16043	    -4958000	 0.069546401	34.552721593	109.662105844	176.620209925	 0.590845249	         0.053203172	         0.034672260	         0.087875432
 16044	    -4957000	 0.070419754	34.561999192	117.896061455	176.578825801	 0.591327740	         0.055066658	         0.036210034	         0.091276691
 16045	    -4956000	 0.071460216	34.574505330	125.932725749	176.498295550	 0.591978130	         0.057650825	         0.038367613	         0.096018438
 16046	    -4955000	 0.072606121	34.590408204	133.965814598	176.387022560	 0.592805162	         0.061081629	         0.041258564	         0.102340193
 16047	    -4954000	 0.073892478	34.609889211	141.980392233	176.245318912	 0.593818257	         0.065618491	         0.045179373	         0.110797864
 16048	    -4953000	 0.075217895	34.632974759	149.871173805	176.071069914	 0.595018771	         0.071135288	         0.050042965	         0.121178253
 16049	    -4952000	 0.076537186	34.659723781	157.697390625	175.883074729	 0.596409739	         0.077830987	         0.056103308	         0.133934296
 16050	    -4951000	 0.078115188	34.690039059	165.429367573	175.665280184	 0.597986062	         0.085573946	         0.063301147	         0.148875093
 16051	    -4950000	 0.079549330	34.723757044	173.049429106	175.440717579	 0.599739175	         0.094645651	         0.071988994	         0.166634645
 16052	    -4949000	 0.081048959	34.760640447	-179.425618874	175.209002533	 0.601656661	         0.105052589	         0.082258303	         0.187310892
 16053	    -4948000	 0.082634958	34.800457417	-172.044981253	174.966102735	 0.603726367	         0.116425445	         0.093805749	         0.210231194
 16054	    -4947000	 0.084175176	34.842915515	-164.557392806	174.732842127	 0.605932970	         0.129713262	         0.107657655	         0.237370917
 16055	    -4946000	 0.085567093	34.887301358	-157.338095969	174.502082171	 0.608239263	         0.143576369	         0.122497888	         0.266074258
 16056	    -4945000	 0.087000330	34.933362554	-150.108061341	174.286812543	 0.610631993	         0.158787504	         0.139140139	         0.297927644
 16057	    -4944000	 0.088599238	34.980684235	-142.922076580	174.070991083	 0.613089466	         0.174554402	         0.156750452	         0.331304854
 16058	    -4943000	 0.089876471	35.028406523	-135.727350029	173.889066815	 0.615566897	         0.191365233	         0.175757386	         0.367122619
 16059	    -4942000	 0.091269388	35.076208684	-128.661521067	173.718965563	 0.618047533	         0.207911879	         0.194680996	         0.402592874
 16060	    -4941000	 0.092663958	35.123691641	-121.640263680	173.560746344	 0.620510580	         0.224111703	         0.213433723	         0.437545426
 16061	    -4940000	 0.094030034	35.170143503	-114.560123785	173.412488018	 0.622919066	         0.239362261	         0.231095227	         0.470457488
 16062	    -4939000	 0.095332787	35.215260914	-107.686917628	173.304979891	 0.625257262	         0.253874818	         0.247910412	         0.501785229
 16063	    -4938000	 0.096571865	35.258485919	-100.761113819	173.220858032	 0.627496296	         0.266748540	         0.262813062	         0.529561603
 16064	    -4937000	 0.097856408	35.299374450	-93.915814129	173.148057495	 0.629613257	         0.277010425	         0.274720822	         0.551731247
 16065	    -4936000	 0.098877700	35.337717270	-87.131273442	173.112947756	 0.631597441	         0.283775506	         0.282380647	         0.566156153
 16066	    -4935000	 0.099905615	35.372702551	-80.380853855	173.100474085	 0.633407012	         0.287154557	         0.286088240	         0.573242797
 16067	    -4934000	 0.100868795	35.404063271	-73.689700779	173.127459433	 0.635028372	         0.287848626	         0.286593665	         0.574442291
 16068	    -4933000	 0.101780904	35.431476499	-66.920642886	173.149218714	 0.636445057	         0.283400774	         0.281190541	         0.564591314
 16069	    -4932000	 0.102377536	35.454176876	-60.281052241	173.225423106	 0.637617756	         0.276258322	         0.272613823	         0.548872146
 16070	    -4931000	 0.103050645	35.471812985	-53.648763953	173.337809923	 0.638528561	         0.267712314	         0.262301480	         0.530013794
 16071	    -4930000	 0.103742831	35.483755148	-46.959020523	173.452531663	 0.639145166	         0.255337413	         0.247674429	         0.503011842
 16072	    -4929000	 0.104128328	35.489440556	-40.332435125	173.615863603	 0.639438678	         0.241700761	         0.231523190	         0.473223952
 16073	    -4928000	 0.104579161	35.488476318	-33.752266710	173.794199948	 0.639388901	         0.226232986	         0.213349590	         0.439582576
 16074	    -4927000	 0.105067368	35.479993133	-27.175573528	173.999729516	 0.638950935	         0.209907424	         0.194320456	         0.404227880
 16075	    -4926000	 0.105310838	35.463653525	-20.581042739	174.219303337	 0.638107202	         0.192294506	         0.174120693	         0.366415199
 16076	    -4925000	 0.105516806	35.439145265	-14.097408228	174.461903816	 0.636841269	         0.175104398	         0.154749534	         0.329853932
 16077	    -4924000	 0.105682708	35.405941143	-7.642209209	174.729849013	 0.635125436	         0.158645249	         0.136505867	         0.295151116
 16078	    -4923000	 0.105777591	35.363971060	-1.142212372	174.987315864	 0.632955465	         0.142087322	         0.118705133	         0.260792455
 16079	    -4922000	 0.105660849	35.312833323	 5.283012830	175.257062645	 0.630309844	         0.126702298	         0.102595503	         0.229297801
 16080	    -4921000	 0.105497264	35.252937992	11.717067080	175.536826107	 0.627208978	         0.112463749	         0.088155371	         0.200619120
 16081	    -4920000	 0.105347728	35.184374653	18.108660246	175.788438825	 0.623656712	         0.099440196	         0.075426006	         0.174866203
 16082	    -4919000	 0.104952097	35.106795017	24.532274153	176.046971951	 0.619634237	         0.088102411	         0.064707767	         0.152810178
 16083	    -4918000	 0.104583654	35.021389185	30.947060510	176.276659593	 0.615202659	         0.077739059	         0.055274308	         0.133013367
 16084	    -4917000	 0.104121709	34.928285851	37.282892581	176.487611316	 0.610368308	         0.068911056	         0.047507374	         0.116418430
 16085	    -4916000	 0.103723756	34.827394440	43.763072756	176.667223965	 0.605126369	         0.061145438	         0.040925241	         0.102070678
 16086	    -4915000	 0.103009069	34.719978027	50.082884316	176.797308168	 0.599542700	         0.054538146	         0.035496767	         0.090034913
 16087	    -4914000	 0.102360523	34.606002627	56.422035703	176.892374018	 0.593616140	         0.048938548	         0.031028351	         0.079966899
 16088	    -4913000	 0.101844286	34.485822694	62.775105910	176.952691592	 0.587366096	         0.044165699	         0.027322267	         0.071487966
 16089	    -4912000	 0.100943882	34.360359715	69.132454194	176.928964041	 0.580841861	         0.040174998	         0.024277775	         0.064452773
 16090	    -4911000	 0.100107045	34.229291282	75.425458751	176.864588708	 0.574028436	         0.036723242	         0.021669274	         0.058392516
 16091	    -4910000	 0.099222876	34.093496528	81.712770152	176.742518443	 0.566973675	         0.033816188	         0.019487558	         0.053303747
 16092	    -4909000	 0.098280636	33.953339813	88.062177788	176.559503328	 0.559699001	         0.031176202	         0.017483622	         0.048659823
 16093	    -4908000	 0.097193999	33.808593963	94.316140618	176.275886864	 0.552195505	         0.028323701	         0.015241232	         0.043564933
 16094	    -4907000	 0.096095770	33.660528679	100.669483915	175.943739897	 0.544532158	         0.025744297	         0.013177294	         0.038921592
 16095	    -4906000	 0.095070895	33.509078620	106.993771712	175.599570881	 0.536708927	         0.024177610	         0.011912231	         0.036089842
 16096	    -4905000	 0.093829364	33.354591001	113.336998116	175.237338028	 0.528747356	         0.023143703	         0.011015379	         0.034159082
 16097	    -4904000	 0.092725805	33.198454398	119.657103076	174.844333282	 0.520722547	         0.022453043	         0.010358528	         0.032811571
 16098	    -4903000	 0.091616952	33.040641415	125.968816361	174.440011832	 0.512636522	         0.021981194	         0.009830799	         0.031811992
 16099	    -4902000	 0.090500607	32.882100084	132.368987357	174.008115796	 0.504541161	         0.021747749	         0.009445666	         0.031193415
 16100	    -4901000	 0.089203067	32.723973823	138.645826489	173.564025764	 0.496497614	         0.021704241	         0.009206957	         0.030911198
 16101	    -4900000	 0.088011415	32.566796395	144.882261986	173.116464914	 0.488535226	         0.021739294	         0.008979135	         0.030718429
 16102	    -4899000	 0.086864591	32.411851385	151.235937603	172.668490517	 0.480720480	         0.021891965	         0.008822647	         0.030714612
 16103	    -4898000	 0.085469324	32.259613916	157.596572187	172.212285454	 0.473077983	         0.022147346	         0.008744261	         0.030891607
 16104	    -4897000	 0.084113850	32.111320583	163.878650206	171.773712477	 0.465669585	         0.022475775	         0.008763739	         0.031239514
 16105	    -4896000	 0.082846263	31.968254401	170.241198715	171.344159936	 0.458557936	         0.022835907	         0.008797309	         0.031633216
 16106	    -4895000	 0.081396426	31.830295162	176.687210035	170.916345777	 0.451734894	         0.023119770	         0.008790305	         0.031910074
 16107	    -4894000	 0.080057704	31.698983336	-176.893843415	170.531818850	 0.445273689	         0.023668384	         0.008988064	         0.032656448
 16108	    -4893000	 0.078725591	31.575055177	-170.386707465	170.140882503	 0.439206541	         0.023965303	         0.009012030	         0.032977333
 16109	    -4892000	 0.077441710	31.458334279	-163.775697561	169.789911344	 0.433520484	         0.024463449	         0.009183025	         0.033646475
 16110	    -4891000	 0.076114292	31.350152448	-157.239360571	169.460844738	 0.428275625	         0.024892222	         0.009359111	         0.034251333
 16111	    -4890000	 0.074867727	31.250488293	-150.608043526	169.158677483	 0.423465768	         0.025300769	         0.009493477	         0.034794246
 16112	    -4889000	 0.073857030	31.159496125	-143.960181889	168.890046708	 0.419093331	         0.025679124	         0.009631985	         0.035311109
 16113	    -4888000	 0.072636505	31.078041475	-137.210757052	168.636230035	 0.415194823	         0.026002396	         0.009745568	         0.035747964
 16114	    -4887000	 0.071516479	31.005545385	-130.484060188	168.422531106	 0.411737718	         0.026223899	         0.009795789	         0.036019688
 16115	    -4886000	 0.070463169	30.942437702	-123.802806855	168.225797146	 0.408738151	         0.026373023	         0.009815743	         0.036188766
 16116	    -4885000	 0.069560542	30.889016761	-116.900753571	168.065934686	 0.406206253	         0.026622976	         0.009937408	         0.036560384
 16117	    -4884000	 0.068445152	30.844670522	-110.032299629	167.932416856	 0.404109555	         0.026576503	         0.009847329	         0.036423832
 16118	    -4883000	 0.067499482	30.809852957	-103.079151266	167.821402501	 0.402466646	         0.026600866	         0.009822940	         0.036423807
 16119	    -4882000	 0.066737020	30.784221397	-96.061423247	167.741069714	 0.401259041	         0.026527319	         0.009755230	         0.036282549
 16120	    -4881000	 0.065819470	30.767596437	-88.873722316	167.682126153	 0.400476616	         0.026311888	         0.009615150	         0.035927037
 16121	    -4880000	 0.065151700	30.760215604	-81.747735852	167.656390199	 0.400129464	         0.025991540	         0.009397816	         0.035389356
 16122	    -4879000	 0.064596550	30.761293351	-74.472237865	167.657131038	 0.400180147	         0.025588912	         0.009159534	         0.034748446
 16123	    -4878000	 0.064087742	30.770910890	-67.075979064	167.683223558	 0.400632552	         0.025005024	         0.008825311	         0.033830336
 16124	    -4877000	 0.063654928	30.789069873	-59.805824006	167.728117968	 0.401487351	         0.024415345	         0.008509194	         0.032924538
 16125	    -4876000	 0.063369884	30.814979465	-52.385609586	167.810693120	 0.402708365	         0.023835379	         0.008232912	         0.032068292
 16126	    -4875000	 0.063254657	30.848654148	-44.936382116	167.919409211	 0.404297711	         0.023174513	         0.007909683	         0.031084196
 16127	    -4874000	 0.063055291	30.889729996	-37.381438592	168.063129163	 0.406240013	         0.022486381	         0.007597251	         0.030083631
 16128	    -4873000	 0.062997502	30.937698972	-29.898130061	168.217355126	 0.408513288	         0.021661925	         0.007205012	         0.028866937
 16129	    -4872000	 0.063094729	30.992364500	-22.359614019	168.410160830	 0.411110457	         0.020960509	         0.006906450	         0.027866959
 16130	    -4871000	 0.063361841	31.052897340	-14.656031717	168.631547251	 0.413994422	         0.020158960	         0.006564143	         0.026723103
 16131	    -4870000	 0.063518831	31.119063997	-6.996365517	168.883239274	 0.417156343	         0.019349836	         0.006231681	         0.025581516
 16132	    -4869000	 0.063911090	31.190245170	 0.631944167	169.153796476	 0.420568869	         0.018587350	         0.005939002	         0.024526351
 16133	    -4868000	 0.064517739	31.265501880	 8.327838840	169.451277226	 0.424188960	         0.017832244	         0.005652741	         0.023484985
 16134	    -4867000	 0.065093131	31.344468463	16.044601559	169.760408883	 0.428000738	         0.017066833	         0.005374489	         0.022441322
 16135	    -4866000	 0.065848036	31.426248688	23.659949496	170.089858449	 0.431962352	         0.016359368	         0.005118513	         0.021477881
 16136	    -4865000	 0.066844855	31.510278598	31.241066970	170.426080560	 0.436047511	         0.015697658	         0.004893227	         0.020590884
 16137	    -4864000	 0.067690937	31.595972239	38.888592406	170.769411322	 0.440228437	         0.015118377	         0.004710953	         0.019829329
 16138	    -4863000	 0.068674697	31.682283720	46.341159302	171.114249725	 0.444454362	         0.014660841	         0.004582741	         0.019243582
 16139	    -4862000	 0.069799097	31.768984937	53.777408371	171.458659638	 0.448714026	         0.014274699	         0.004480871	         0.018755570
 16140	    -4861000	 0.070997179	31.855607409	61.281392307	171.786248876	 0.452984135	         0.013962215	         0.004413744	         0.018375959
 16141	    -4860000	 0.072095883	31.941215082	68.691124678	172.104442817	 0.457217917	         0.013831017	         0.004422721	         0.018253738
 16142	    -4859000	 0.073322905	32.025827517	76.100829774	172.398631491	 0.461415508	         0.013789668	         0.004463956	         0.018253624
 16143	    -4858000	 0.074683742	32.109099577	83.345432210	172.661288587	 0.465558910	         0.013856103	         0.004544221	         0.018400324
 16144	    -4857000	 0.076054346	32.190601904	90.764351447	172.893785808	 0.469625746	         0.014113867	         0.004716236	         0.018830103
 16145	    -4856000	 0.077477284	32.270250348	98.040754080	173.096179006	 0.473610749	         0.014558763	         0.004972179	         0.019530942
 16146	    -4855000	 0.078900366	32.347733476	105.236981890	173.244844880	 0.477497246	         0.015149456	         0.005289915	         0.020439371
 16147	    -4854000	 0.080583030	32.423240496	112.437451936	173.374841102	 0.481293677	         0.015964169	         0.005723237	         0.021687406
 16148	    -4853000	 0.082034138	32.496521832	119.557121423	173.439903629	 0.484986491	         0.017022877	         0.006291877	         0.023314753
 16149	    -4852000	 0.083677451	32.567339269	126.590049967	173.474225073	 0.488562668	         0.018415244	         0.007086288	         0.025501532
 16150	    -4851000	 0.085344325	32.636007192	133.567919081	173.470643855	 0.492037144	         0.020063881	         0.008092288	         0.028156169
 16151	    -4850000	 0.086825649	32.702352495	140.602382634	173.412749799	 0.495400305	         0.022087549	         0.009379949	         0.031467498
 16152	    -4849000	 0.088317009	32.766234461	147.462418411	173.340400393	 0.498644180	         0.024626675	         0.011043177	         0.035669851
 16153	    -4848000	 0.089893209	32.827940502	154.325509106	173.226747168	 0.501782602	         0.027525872	         0.012986880	         0.040512752
 16154	    -4847000	 0.091503093	32.887398337	161.254313649	173.083193936	 0.504811217	         0.030937966	         0.015348740	         0.046286706
 16155	    -4846000	 0.092828937	32.944697912	168.089139750	172.918191700	 0.507733977	         0.035034376	         0.018327259	         0.053361635
 16156	    -4845000	 0.094361110	33.000013210	174.928056745	172.731032721	 0.510559203	         0.039699782	         0.021863274	         0.061563056
 16157	    -4844000	 0.095845157	33.053388770	-178.343216104	172.530066851	 0.513288675	         0.045010805	         0.026071641	         0.071082445
 16158	    -4843000	 0.097273106	33.105270338	-171.519860210	172.328125465	 0.515944773	         0.051143856	         0.031152561	         0.082296417
 16159	    -4842000	 0.098702523	33.155747579	-164.806476910	172.124282615	 0.518531745	         0.057909119	         0.036980760	         0.094889878
 16160	    -4841000	 0.100062230	33.205055507	-158.135537365	171.918862714	 0.521061340	         0.065306594	         0.043626291	         0.108932885
 16161	    -4840000	 0.101456633	33.253618247	-151.459520402	171.712248527	 0.523555087	         0.073477510	         0.051275539	         0.124753049
 16162	    -4839000	 0.102619079	33.301583246	-144.809385032	171.523402152	 0.526020380	         0.082243007	         0.059766044	         0.142009051
 16163	    -4838000	 0.103795103	33.349345438	-138.266232816	171.351919558	 0.528477385	         0.091419240	         0.068928990	         0.160348230
 16164	    -4837000	 0.105032695	33.397242497	-131.656842038	171.190989426	 0.530943390	         0.101111378	         0.078890178	         0.180001556
 16165	    -4836000	 0.105914041	33.445428942	-125.015990248	171.051499251	 0.533426298	         0.111101881	         0.089434940	         0.200536821
 16166	    -4835000	 0.106845061	33.494323236	-118.466280968	170.934193948	 0.535947652	         0.120945534	         0.100035653	         0.220981187
 16167	    -4834000	 0.107745836	33.544160531	-111.931673685	170.836295308	 0.538519592	         0.130632350	         0.110591726	         0.241224076
 16168	    -4833000	 0.108574033	33.595119468	-105.281191860	170.761922409	 0.541151365	         0.140384703	         0.121390385	         0.261775088
 16169	    -4832000	 0.109256637	33.647546990	-98.733627721	170.730194709	 0.543860940	         0.149734266	         0.131857248	         0.281591514
 16170	    -4831000	 0.109932271	33.701648842	-92.167462352	170.710489481	 0.546659017	         0.158048834	         0.141206454	         0.299255288
 16171	    -4830000	 0.110638531	33.757747257	-85.599404734	170.732329312	 0.549562340	         0.165772299	         0.149937331	         0.315709630
 16172	    -4829000	 0.111051589	33.815976945	-79.033904767	170.807725472	 0.552577966	         0.173747154	         0.158944495	         0.332691650
 16173	    -4828000	 0.111533555	33.876651625	-72.477032851	170.889492693	 0.555722223	         0.178008202	         0.163629009	         0.341637212
 16174	    -4827000	 0.111901330	33.940019984	-65.994849587	171.015392317	 0.559008081	         0.180275280	         0.165969573	         0.346244854
 16175	    -4826000	 0.112120275	34.006075712	-59.408798343	171.171108273	 0.562435266	         0.180381747	         0.165797480	         0.346179227
 16176	    -4825000	 0.112223596	34.075130314	-52.883549112	171.362523082	 0.566019965	         0.178021127	         0.162753966	         0.340775092
 16177	    -4824000	 0.112162689	34.147004458	-46.344835128	171.595042640	 0.569752848	         0.174069474	         0.157932194	         0.332001668
 16178	    -4823000	 0.112216033	34.221639257	-39.794422858	171.851334385	 0.573630765	         0.168407137	         0.151127658	         0.319534795
 16179	    -4822000	 0.111847426	34.299215305	-33.153666947	172.148700016	 0.577662949	         0.160053963	         0.141296434	         0.301350396
 16180	    -4821000	 0.111629107	34.378956826	-26.565226200	172.486650883	 0.581808838	         0.152273906	         0.132285294	         0.284559200
 16181	    -4820000	 0.111350874	34.460720970	-19.992147334	172.865901481	 0.586060679	         0.144128646	         0.122961295	         0.267089940
 16182	    -4819000	 0.110858493	34.544443258	-13.255063742	173.267870649	 0.590414724	         0.133868445	         0.111602753	         0.245471198
 16183	    -4818000	 0.110340233	34.628907671	-6.677114513	173.689250436	 0.594807274	         0.124174049	         0.101126181	         0.225300230
 16184	    -4817000	 0.109784734	34.713949546	-0.015904336	174.156949668	 0.599229267	         0.115310084	         0.091749403	         0.207059487
 16185	    -4816000	 0.109188147	34.798964730	 6.671785248	174.621652739	 0.603648782	         0.106179410	         0.082404958	         0.188584368
 16186	    -4815000	 0.108308095	34.882915202	13.354839465	175.112119902	 0.608011382	         0.097766131	         0.074036243	         0.171802374
 16187	    -4814000	 0.107489733	34.965715236	20.056661475	175.608025456	 0.612312193	         0.090222492	         0.066771986	         0.156994478
 16188	    -4813000	 0.106579912	35.046363822	26.731973184	176.097338627	 0.616498885	         0.083305312	         0.060295602	         0.143600914
 16189	    -4812000	 0.105565424	35.124275916	33.551293531	176.577742677	 0.620540881	         0.076999822	         0.054563845	         0.131563667
 16190	    -4811000	 0.104405032	35.199346329	40.318160006	177.032330121	 0.624432622	         0.071808324	         0.049978968	         0.121787293
 16191	    -4810000	 0.103232117	35.270482161	47.136587071	177.463771765	 0.628117497	         0.067478654	         0.046253406	         0.113732060
 16192	    -4809000	 0.102048786	35.337556961	54.039861702	177.847393618	 0.631589147	         0.063807606	         0.043155931	         0.106963537
 16193	    -4808000	 0.100742469	35.400449725	60.968294310	178.192373099	 0.634841587	         0.061222384	         0.041033811	         0.102256195
 16194	    -4807000	 0.099460525	35.458128662	67.912283247	178.481414188	 0.637821865	         0.059287500	         0.039459279	         0.098746778
 16195	    -4806000	 0.098291218	35.510748171	74.888231009	178.712589829	 0.640538462	         0.058154076	         0.038554543	         0.096708619
 16196	    -4805000	 0.096830078	35.557821721	82.004888009	178.882841485	 0.642966803	         0.057879632	         0.038346168	         0.096225800
 16197	    -4804000	 0.095437941	35.598540975	89.010946308	178.983902354	 0.645065805	         0.058442832	         0.038817803	         0.097260636
 16198	    -4803000	 0.094112771	35.632839337	96.025624923	179.027853598	 0.646832664	         0.059688519	         0.039842211	         0.099530731
 16199	    -4802000	 0.092703058	35.659828814	103.232727746	178.999748245	 0.648222241	         0.061839997	         0.041615885	         0.103455882
 16200	    -4801000	 0.091107654	35.679007302	110.398560135	178.900782132	 0.649209240	         0.064794157	         0.044084419	         0.108878575
 16201	    -4800000	 0.089609552	35.689731527	117.599845923	178.755963478	 0.649760994	         0.068596913	         0.047308223	         0.115905136
 16202	    -4799000	 0.088065740	35.690864049	124.857334979	178.560658576	 0.649819255	         0.073196254	         0.051280476	         0.124476730
 16203	    -4798000	 0.086465190	35.682125524	132.224545445	178.296990991	 0.649369682	         0.078512203	         0.055986390	         0.134498594
 16204	    -4797000	 0.084972930	35.662624184	139.696164809	178.005973702	 0.648366123	         0.084723175	         0.061618341	         0.146341516
 16205	    -4796000	 0.083450007	35.631290595	147.126935849	177.688369512	 0.646752905	         0.091499593	         0.067914752	         0.159414345
 16206	    -4795000	 0.082037068	35.588040891	154.802647628	177.314109198	 0.644524686	         0.098914129	         0.075012238	         0.173926367
 16207	    -4794000	 0.080602943	35.532029688	162.343048137	176.936458598	 0.641636525	         0.106566404	         0.082531083	         0.189097487
 16208	    -4793000	 0.079264342	35.463150616	169.985649392	176.538581666	 0.638081229	         0.114518154	         0.090579909	         0.205098063
 16209	    -4792000	 0.078148206	35.381277258	177.659691700	176.129261068	 0.633850397	         0.122172274	         0.098552657	         0.220724930
 16210	    -4791000	 0.076800967	35.285794497	-174.495506675	175.703127685	 0.628910286	         0.129781746	         0.106664344	         0.236446089
 16211	    -4790000	 0.075663770	35.177792312	-166.788370492	175.273587211	 0.623315542	         0.136039330	         0.113562034	         0.249601364
 16212	    -4789000	 0.074557356	35.057252717	-159.053608095	174.851439205	 0.617063955	         0.141298808	         0.119543244	         0.260842052
 16213	    -4788000	 0.073608935	34.923987047	-151.119553550	174.427043467	 0.610145021	         0.145580245	         0.124552471	         0.270132716
 16214	    -4787000	 0.072481429	34.779158479	-143.244176863	174.022682200	 0.602619278	         0.147654542	         0.127214380	         0.274868922
 16215	    -4786000	 0.071572641	34.623218877	-135.333331315	173.626162660	 0.594511442	         0.148013910	         0.128034348	         0.276048258
 16216	    -4785000	 0.070751493	34.456472100	-127.333174720	173.227564662	 0.585839720	         0.145775930	         0.125989502	         0.271765432
 16217	    -4784000	 0.069906680	34.279510612	-119.283362110	172.844299966	 0.576638635	         0.141404915	         0.121586225	         0.262991140
 16218	    -4783000	 0.069361129	34.092773513	-111.273237653	172.459037127	 0.566936128	         0.134628438	         0.114447339	         0.249075778
 16219	    -4782000	 0.068826981	33.897138733	-103.227928418	172.050900911	 0.556784332	         0.122585752	         0.101554661	         0.224140413
 16220	    -4781000	 0.068410366	33.692637943	-95.111181795	171.617454543	 0.546192851	         0.106153320	         0.083855028	         0.190008348
 16221	    -4780000	 0.068068781	33.479365838	-87.128755928	171.236528890	 0.535176131	         0.093633349	         0.070849239	         0.164482588
 16222	    -4779000	 0.067849646	33.258562199	-79.206758244	170.889551102	 0.523809093	         0.082370836	         0.059495500	         0.141866336
 16223	    -4778000	 0.067847502	33.030042562	-71.247067253	170.565112279	 0.512094423	         0.072033300	         0.049378058	         0.121411358
 16224	    -4777000	 0.067797560	32.794309907	-63.214189519	170.266428469	 0.500071516	         0.062863766	         0.040765593	         0.103629360
 16225	    -4776000	 0.067827717	32.552265260	-55.443794580	169.975038014	 0.487800845	         0.054121440	         0.032837909	         0.086959349
 16226	    -4775000	 0.068080571	32.304078959	-47.716618804	169.707665405	 0.475306392	         0.046376210	         0.026082857	         0.072459067
 16227	    -4774000	 0.068406148	32.051032462	-39.884166959	169.462333466	 0.462668368	         0.039476901	         0.020299873	         0.059776774
 16228	    -4773000	 0.068760623	31.793971594	-32.265278464	169.228754874	 0.449944307	         0.033404718	         0.015418169	         0.048822887
 16229	    -4772000	 0.069259233	31.533606529	-24.737931573	169.002352037	 0.437184187	         0.028056025	         0.011254899	         0.039310924
 16230	    -4771000	 0.069921169	31.271526051	-17.223797069	168.792478101	 0.424479277	         0.023391328	         0.008290355	         0.031681683
 16231	    -4770000	 0.070504553	31.009127275	-9.878541640	168.605548167	 0.411908244	         0.019444588	         0.006199863	         0.025644451
 16232	    -4769000	 0.071248952	30.747681431	-2.665655444	168.428625253	 0.399540229	         0.016079669	         0.004626843	         0.020706512
 16233	    -4768000	 0.072124485	30.488411807	 4.451600473	168.273859289	 0.387438408	         0.013352869	         0.003502532	         0.016855401
 16234	    -4767000	 0.072861899	30.232764588	11.561101622	168.130426826	 0.375672210	         0.011011994	         0.002628521	         0.013640514
 16235	    -4766000	 0.073718686	29.982947245	18.462032218	167.990744428	 0.364340604	         0.009090747	         0.001975485	         0.011066232
 16236	    -4765000	 0.074547482	29.739537941	25.311462773	167.867240682	 0.353463400	         0.007531641	         0.001492550	         0.009024190
 16237	    -4764000	 0.075568817	29.503577174	32.153154062	167.756594720	 0.343078132	         0.006266452	         0.001135520	         0.007401972
 16238	    -4763000	 0.076445088	29.277543008	38.896320134	167.652708007	 0.333280616	         0.005226071	         0.000860494	         0.006086565
 16239	    -4762000	 0.077416650	29.061824534	45.581868680	167.565854747	 0.324071129	         0.004395322	         0.000658392	         0.005053714
 16240	    -4761000	 0.078547200	28.857367935	52.077762332	167.479066149	 0.315472010	         0.003730084	         0.000507921	         0.004238006
 16241	    -4760000	 0.079697922	28.665590207	58.756317446	167.406927246	 0.307522731	         0.003198789	         0.000396718	         0.003595508
 16242	    -4759000	 0.080854826	28.487083653	65.119621875	167.333597737	 0.300226444	         0.002776403	         0.000312801	         0.003089204
 16243	    -4758000	 0.082096894	28.322972963	71.435986675	167.271564836	 0.293607179	         0.002435201	         0.000248314	         0.002683515
 16244	    -4757000	 0.083483618	28.173544054	77.744781400	167.221186833	 0.287654684	         0.002173544	         0.000201697	         0.002375241
 16245	    -4756000	 0.084703702	28.039271008	83.855290050	167.154073206	 0.282367087	         0.001971651	         0.000167358	         0.002139009
 16246	    -4755000	 0.086040526	27.921491707	89.886061914	167.096559305	 0.277783665	         0.001821953	         0.000142923	         0.001964876
 16247	    -4754000	 0.087365192	27.820036964	95.897507000	167.040369873	 0.273893794	         0.001713322	         0.000124667	         0.001837989
 16248	    -4753000	 0.088545711	27.735262655	101.874268220	166.987545294	 0.270685272	         0.001653183	         0.000114727	         0.001767910
 16249	    -4752000	 0.089750865	27.668058096	107.693632545	166.928740605	 0.268168457	         0.001620866	         0.000107636	         0.001728502
 16250	    -4751000	 0.090916338	27.618088495	113.546609345	166.869622875	 0.266312273	         0.001623892	         0.000105535	         0.001729428
 16251	    -4750000	 0.092131531	27.586192543	119.446971786	166.803384441	 0.265134181	         0.001649833	         0.000105106	         0.001754939
 16252	    -4749000	 0.093151304	27.572322405	125.285167619	166.741613487	 0.264623509	         0.001720827	         0.000111310	         0.001832137
 16253	    -4748000	 0.094219710	27.576452077	131.096973761	166.674534962	 0.264775453	         0.001821415	         0.000121434	         0.001942849
 16254	    -4747000	 0.095386989	27.599528333	136.916184598	166.628028022	 0.265626110	         0.001969125	         0.000137804	         0.002106929
 16255	    -4746000	 0.096476142	27.640752976	142.811952395	166.563420023	 0.267152576	         0.002155543	         0.000159374	         0.002314916
 16256	    -4745000	 0.097532725	27.700347319	148.625469532	166.504933695	 0.269374756	         0.002397427	         0.000191616	         0.002589042
 16257	    -4744000	 0.098672986	27.778639621	154.383440539	166.471783101	 0.272322271	         0.002711007	         0.000237300	         0.002948307
 16258	    -4743000	 0.099747159	27.874597034	160.285757481	166.426560560	 0.275978859	         0.003095850	         0.000296801	         0.003392651
 16259	    -4742000	 0.100721024	27.988467242	166.066743901	166.396666453	 0.280381794	         0.003588550	         0.000382817	         0.003971367
 16260	    -4741000	 0.101733760	28.119357391	171.850950393	166.383372727	 0.285513850	         0.004191405	         0.000497272	         0.004688678
 16261	    -4740000	 0.102780992	28.266160835	177.739436471	166.376130702	 0.291335657	         0.004947815	         0.000654892	         0.005602707
 16262	    -4739000	 0.103560013	28.428904782	-176.417948385	166.376818067	 0.297870087	         0.005846283	         0.000855127	         0.006701411
 16263	    -4738000	 0.104470616	28.605331058	-170.574734914	166.399292786	 0.305048537	         0.007002120	         0.001145313	         0.008147433
 16264	    -4737000	 0.105328522	28.794798298	-164.720078058	166.427849231	 0.312865978	         0.008359223	         0.001511635	         0.009870858
 16265	    -4736000	 0.106068497	28.996526463	-158.752348566	166.465549030	 0.321310978	         0.010008041	         0.002001373	         0.012009414
 16266	    -4735000	 0.106797161	29.207511480	-152.861914001	166.528744699	 0.330275590	         0.012037923	         0.002672619	         0.014710542
 16267	    -4734000	 0.107344597	29.427555650	-146.944150237	166.595433839	 0.339766299	         0.014414059	         0.003541526	         0.017955585
 16268	    -4733000	 0.108098990	29.655146260	-140.937240235	166.678335534	 0.349730871	         0.017251065	         0.004695917	         0.021946982
 16269	    -4732000	 0.108538334	29.887680212	-134.954387456	166.773398404	 0.360063876	         0.020502690	         0.006181792	         0.026684482
 16270	    -4731000	 0.108970915	30.125039421	-128.925135163	166.884656196	 0.370765329	         0.024261217	         0.008120568	         0.032381785
 16271	    -4730000	 0.109379708	30.365484872	-122.921125588	167.008404738	 0.381759607	         0.028556750	         0.010701591	         0.039258341
 16272	    -4729000	 0.109624697	30.607607701	-116.748995731	167.161652676	 0.392981382	         0.033497620	         0.014406796	         0.047904416
 16273	    -4728000	 0.109761272	30.851116049	-110.668982329	167.317459601	 0.404414011	         0.038643888	         0.018740306	         0.057384194
 16274	    -4727000	 0.109877431	31.094458517	-104.481110539	167.497816579	 0.415979360	         0.044452571	         0.023725634	         0.068178205
 16275	    -4726000	 0.110030850	31.337769597	-98.171202771	167.696373914	 0.427676859	         0.050694325	         0.029280339	         0.079974664
 16276	    -4725000	 0.109876480	31.580240532	-91.886023326	167.921853075	 0.439459788	         0.057113667	         0.035150677	         0.092264344
 16277	    -4724000	 0.109875896	31.820878591	-85.549287505	168.161983403	 0.451270462	         0.063669545	         0.041276903	         0.104946447
 16278	    -4723000	 0.109860786	32.060498102	-79.138660691	168.419467425	 0.463139163	         0.069986891	         0.047286701	         0.117273592
 16279	    -4722000	 0.109670538	32.297820639	-72.654576102	168.717497263	 0.474992559	         0.076175032	         0.053244338	         0.129419370
 16280	    -4721000	 0.109537955	32.532545875	-66.228449858	169.041052924	 0.486804743	         0.082220571	         0.059169280	         0.141389850
 16281	    -4720000	 0.109282896	32.764923226	-59.749208412	169.396799421	 0.498577542	         0.087978748	         0.064877575	         0.152856323
 16282	    -4719000	 0.109033868	32.993546451	-53.185619852	169.781970263	 0.510228731	         0.093088022	         0.069989399	         0.163077421
 16283	    -4718000	 0.108588661	33.218551711	-46.652906193	170.205073365	 0.521754150	         0.097931027	         0.074866564	         0.172797591
 16284	    -4717000	 0.108034317	33.439073820	-40.115621601	170.675532490	 0.533098725	         0.102530842	         0.079532450	         0.182063291
 16285	    -4716000	 0.107504897	33.653832484	-33.500146163	171.184320652	 0.544185917	         0.107399808	         0.084538009	         0.191937817
 16286	    -4715000	 0.106741072	33.863239913	-26.790379803	171.774294135	 0.555027039	         0.114895081	         0.092519109	         0.207414190
 16287	    -4714000	 0.105882331	34.065374361	-20.102119161	172.351396134	 0.565513413	         0.118080933	         0.095729419	         0.213810352
 16288	    -4713000	 0.105006217	34.259596969	-13.388583329	172.927402321	 0.575603538	         0.116738367	         0.093988498	         0.210726865
 16289	    -4712000	 0.104029167	34.446295970	-6.467657731	173.507667694	 0.585310522	         0.113238488	         0.090080497	         0.203318985
 16290	    -4711000	 0.102969582	34.623268449	 0.374036956	174.077794306	 0.594514020	         0.108553159	         0.085069985	         0.193623144
 16291	    -4710000	 0.101877695	34.790954844	 7.302052226	174.669732216	 0.603232448	         0.103529796	         0.079846375	         0.183376171
 16292	    -4709000	 0.100894064	34.949378166	14.375243723	175.258004206	 0.611463791	         0.097974095	         0.074251421	         0.172225516
 16293	    -4708000	 0.099601166	35.097107405	21.427327137	175.835818662	 0.619131727	         0.092433758	         0.068816946	         0.161250704
 16294	    -4707000	 0.098463569	35.235265201	28.516364192	176.391136552	 0.626293611	         0.086962173	         0.063617556	         0.150579728
 16295	    -4706000	 0.097320018	35.363630265	35.654839365	176.905958508	 0.632937840	         0.081962254	         0.058973585	         0.140935839
 16296	    -4705000	 0.096041198	35.481990783	42.934433434	177.415418760	 0.639054074	         0.077802010	         0.055202570	         0.133004580
 16297	    -4704000	 0.094758369	35.591574329	50.179237378	177.876766044	 0.644706792	         0.074335870	         0.052112906	         0.126448776
 16298	    -4703000	 0.093338456	35.692193925	57.494462739	178.257473716	 0.649887667	         0.071486895	         0.049641645	         0.121128540
 16299	    -4702000	 0.092132320	35.784480247	64.895016554	178.612412391	 0.654630724	         0.069591964	         0.047993920	         0.117585884
 16300	    -4701000	 0.090677403	35.869110334	72.388285181	178.897264146	 0.658972329	         0.068561977	         0.047109870	         0.115671847
 16301	    -4700000	 0.089320898	35.945952247	79.967166066	179.119960921	 0.662907332	         0.068518373	         0.047063814	         0.115582187
 16302	    -4699000	 0.087994509	36.015908859	87.544429982	179.267876442	 0.666483550	         0.069186184	         0.047619652	         0.116805836
 16303	    -4698000	 0.086671059	36.078838316	95.354057585	179.347874656	 0.669695231	         0.070967254	         0.049117485	         0.120084738
 16304	    -4697000	 0.085340342	36.134633427	103.029226476	179.372356285	 0.672538413	         0.073937075	         0.051654330	         0.125591405
 16305	    -4696000	 0.084114368	36.183841441	110.849584591	179.317586862	 0.675042381	         0.077692014	         0.054897244	         0.132589258
 16306	    -4695000	 0.082999596	36.225853207	118.818979141	179.209633292	 0.677177445	         0.082632128	         0.059256561	         0.141888689
 16307	    -4694000	 0.081659904	36.260586664	126.762795441	179.052137793	 0.678940680	         0.089023235	         0.064998312	         0.154021547
 16308	    -4693000	 0.080508107	36.287808030	134.728038937	178.835017277	 0.680321310	         0.096248500	         0.071653368	         0.167901868
 16309	    -4692000	 0.079474606	36.307102042	142.822716314	178.583893554	 0.681299197	         0.104896835	         0.079831619	         0.184728454
 16310	    -4691000	 0.078449883	36.318569367	151.097855864	178.298524456	 0.681880131	         0.114891826	         0.089540090	         0.204431917
 16311	    -4690000	 0.077430388	36.321409455	159.287204460	177.982760821	 0.682023978	         0.125917005	         0.100545837	         0.226462842
 16312	    -4689000	 0.076519249	36.315745693	167.642136612	177.646512156	 0.681737103	         0.138013803	         0.113006136	         0.251019939
 16313	    -4688000	 0.075827794	36.301873971	176.049952506	177.300299817	 0.681034276	         0.151108218	         0.126799795	         0.277908013
 16314	    -4687000	 0.075213549	36.279035253	-175.492300083	176.938487146	 0.679876488	         0.164618196	         0.141472514	         0.306090710
 16315	    -4686000	 0.074726752	36.247968315	-166.992650825	176.577564250	 0.678300318	         0.178345591	         0.156697518	         0.335043109
 16316	    -4685000	 0.074492362	36.208694909	-158.508492122	176.233907318	 0.676305757	         0.192526136	         0.172691068	         0.365217204
 16317	    -4684000	 0.074250345	36.160991073	-149.928391660	175.884421595	 0.673880053	         0.205787113	         0.188011265	         0.393798378
 16318	    -4683000	 0.074114129	36.106092660	-141.497140891	175.559404746	 0.671084572	         0.217748350	         0.202033760	         0.419782110
 16319	    -4682000	 0.074186114	36.043440763	-133.140340641	175.265460301	 0.667889307	         0.228833008	         0.215093836	         0.443926844
 16320	    -4681000	 0.074431343	35.973364689	-124.613100150	174.980328754	 0.664309392	         0.238288046	         0.226401193	         0.464689238
 16321	    -4680000	 0.074500710	35.896887726	-116.228725705	174.701698210	 0.660395582	         0.244298515	         0.233749221	         0.478047736
 16322	    -4679000	 0.074760227	35.813339242	-107.917596723	174.470354841	 0.656112103	         0.248684699	         0.239113982	         0.487798681
 16323	    -4678000	 0.075205769	35.723131569	-99.645945457	174.245016322	 0.651478676	         0.249672630	         0.240594020	         0.490266650
 16324	    -4677000	 0.075644560	35.626231124	-91.290582115	174.047026496	 0.646492330	         0.247455454	         0.238291044	         0.485746498
 16325	    -4676000	 0.076198322	35.522285404	-83.078123977	173.869666882	 0.641133796	         0.241678208	         0.231863094	         0.473541301
 16326	    -4675000	 0.076839630	35.411671305	-74.911267247	173.715616134	 0.635421603	         0.232708336	         0.221688008	         0.454396344
 16327	    -4674000	 0.077652691	35.293246081	-66.743049790	173.589805953	 0.629296034	         0.221065399	         0.208431323	         0.429496723
 16328	    -4673000	 0.078411563	35.166976918	-58.799196136	173.477577358	 0.622754917	         0.206752287	         0.192258779	         0.399011066
 16329	    -4672000	 0.079331514	35.033154678	-50.829333819	173.385371959	 0.615813341	         0.191174945	         0.174754454	         0.365929399
 16330	    -4671000	 0.080385953	34.890221170	-43.037353494	173.325084041	 0.608390957	         0.175343966	         0.157056562	         0.332400529
 16331	    -4670000	 0.081315530	34.738356449	-35.227875645	173.266202616	 0.600498194	         0.157283355	         0.137194689	         0.294478044
 16332	    -4669000	 0.082326776	34.577381538	-27.614923475	173.226318723	 0.592127708	         0.139778066	         0.118302883	         0.258080949
 16333	    -4668000	 0.083333567	34.406690417	-20.089952925	173.175609688	 0.583250952	         0.121338296	         0.098865808	         0.220204104
 16334	    -4667000	 0.084593591	34.226657526	-12.578233170	173.144130353	 0.573891560	         0.104082892	         0.081199536	         0.185282427
 16335	    -4666000	 0.085466357	34.036456241	-5.153450163	173.095337324	 0.564012125	         0.087038120	         0.064362633	         0.151400753
 16336	    -4665000	 0.086576823	33.836876472	 2.133834783	173.019050195	 0.553660789	         0.070710425	         0.048832447	         0.119542872
 16337	    -4664000	 0.087775705	33.628362110	 9.337652950	172.902226805	 0.542869198	         0.054972906	         0.034527766	         0.089500672
 16338	    -4663000	 0.088789588	33.410153566	16.544328481	172.842589135	 0.531608466	         0.044143577	         0.025456259	         0.069599836
 16339	    -4662000	 0.089897574	33.183941898	23.552727716	172.772289217	 0.519977867	         0.035629695	         0.018764114	         0.054393809
 16340	    -4661000	 0.090989890	32.949796597	30.516121550	172.709012794	 0.507994243	         0.028895475	         0.013805376	         0.042700851
 16341	    -4660000	 0.092062593	32.707753228	37.435124576	172.639605412	 0.495674340	         0.023461727	         0.010007898	         0.033469626
 16342	    -4659000	 0.092974286	32.459750815	44.188784616	172.548930962	 0.483132510	         0.019145024	         0.007204663	         0.026349688
 16343	    -4658000	 0.093930105	32.205084452	50.917119362	172.441975995	 0.470349567	         0.015700957	         0.005359235	         0.021060192
 16344	    -4657000	 0.094889242	31.944706534	57.575353511	172.316884382	 0.457390873	         0.012946563	         0.004051754	         0.016998317
 16345	    -4656000	 0.095652820	31.680033897	64.232333003	172.152053771	 0.444344021	         0.010753755	         0.003109716	         0.013863471
 16346	    -4655000	 0.096405147	31.410107618	70.759024310	171.971219024	 0.431179326	         0.009023895	         0.002419500	         0.011443395
 16347	    -4654000	 0.097193482	31.136373447	77.249318336	171.752765823	 0.417985142	         0.007632545	         0.001899804	         0.009532349
 16348	    -4653000	 0.097958642	30.859140401	83.760750607	171.506747351	 0.404793182	         0.006542370	         0.001517617	         0.008059986
 16349	    -4652000	 0.098616126	30.578127661	90.191014325	171.214542786	 0.391607161	         0.005682401	         0.001227740	         0.006910141
 16350	    -4651000	 0.099297163	30.294872713	96.511696797	170.872172530	 0.378515162	         0.004974115	         0.000997360	         0.005971476
 16351	    -4650000	 0.100192017	30.008683775	102.819668967	170.508585520	 0.365500231	         0.004405391	         0.000817716	         0.005223107
 16352	    -4649000	 0.100775829	29.720340220	109.062003361	170.109194092	 0.352612542	         0.003972876	         0.000683659	         0.004656535
 16353	    -4648000	 0.101449365	29.431332987	115.181881164	169.674838576	 0.339930460	         0.003614570	         0.000572785	         0.004187355
 16354	    -4647000	 0.102242131	29.140930928	121.194864275	169.207824085	 0.327432188	         0.003307425	         0.000478005	         0.003785430
 16355	    -4646000	 0.102780773	28.850940951	127.221256413	168.717589915	 0.315203771	         0.003074911	         0.000404735	         0.003479646
 16356	    -4645000	 0.103316357	28.562400857	133.068864550	168.203957049	 0.303292781	         0.002873347	         0.000340752	         0.003214099
 16357	    -4644000	 0.103778356	28.275852163	138.909415856	167.677348660	 0.291722417	         0.002704229	         0.000285303	         0.002989532
 16358	    -4643000	 0.104218371	27.993826715	144.699110918	167.141397153	 0.280590747	         0.002573523	         0.000241489	         0.002815012
 16359	    -4642000	 0.104411120	27.716666704	150.407226962	166.606899285	 0.269986498	         0.002453432	         0.000200321	         0.002653753
 16360	    -4641000	 0.104651765	27.446537155	156.130347310	166.063634176	 0.260037004	         0.002349035	         0.000164316	         0.002513351
 16361	    -4640000	 0.104902562	27.185942823	161.728663021	165.524464489	 0.250786337	         0.002263895	         0.000135612	         0.002399507
 16362	    -4639000	 0.104962124	26.935082298	167.454084291	165.001896432	 0.242192222	         0.002185865	         0.000107854	         0.002293719
 16363	    -4638000	 0.105025383	26.697193446	173.007769435	164.501576420	 0.234314720	         0.002124044	         0.000085135	         0.002209178
 16364	    -4637000	 0.105037138	26.473909143	178.547348867	164.038179388	 0.227154102	         0.002081899	         0.000069022	         0.002150921
 16365	    -4636000	 0.105184794	26.265770193	-175.878316214	163.575559357	 0.220676391	         0.002029405	         0.000051745	         0.002081149
 16366	    -4635000	 0.105041144	26.076232889	-170.366016203	163.152164020	 0.214938438	         0.002006824	         0.000040537	         0.002047361
 16367	    -4634000	 0.104991413	25.905608497	-164.897752247	162.761468078	 0.209900763	         0.001976376	         0.000029228	         0.002005604
 16368	    -4633000	 0.105032262	25.755052083	-159.462601204	162.413809448	 0.205553742	         0.001981054	         0.000022671	         0.002003725
 16369	    -4632000	 0.104849714	25.627228523	-153.989312885	162.092325405	 0.201933825	         0.001976765	         0.000016551	         0.001993317
 16370	    -4631000	 0.104708402	25.521635141	-148.643311670	161.818450283	 0.198991590	         0.002001160	         0.000012373	         0.002013533
 16371	    -4630000	 0.104620138	25.439800076	-143.264408414	161.580379802	 0.196740871	         0.002044691	         0.000010659	         0.002055350
 16372	    -4629000	 0.104442060	25.382635774	-137.851256530	161.374332229	 0.195183795	         0.002094799	         0.000010072	         0.002104871
 16373	    -4628000	 0.104160416	25.349707007	-132.560332738	161.216159570	 0.194292461	         0.002165771	         0.000010827	         0.002176598
 16374	    -4627000	 0.103967225	25.342584497	-127.214982515	161.095227471	 0.194100201	         0.002266229	         0.000012672	         0.002278901
 16375	    -4626000	 0.103785122	25.360562948	-121.899315906	161.025522084	 0.194585865	         0.002404453	         0.000018890	         0.002423343
 16376	    -4625000	 0.103437135	25.403342405	-116.570919428	160.992130412	 0.195746386	         0.002560228	         0.000026991	         0.002587218
 16377	    -4624000	 0.103035572	25.471931947	-111.270611835	160.990151959	 0.197621546	         0.002734403	         0.000037536	         0.002771938
 16378	    -4623000	 0.102707399	25.565171346	-106.017505676	161.035230758	 0.200199445	         0.002963688	         0.000057341	         0.003021029
 16379	    -4622000	 0.102218027	25.682916501	-100.631449786	161.108372868	 0.203502985	         0.003215388	         0.000081583	         0.003296972
 16380	    -4621000	 0.101542632	25.824895468	-95.257838086	161.227134148	 0.207559023	         0.003497172	         0.000113766	         0.003610938
 16381	    -4620000	 0.100851314	25.990454288	-89.886947172	161.380473577	 0.212390896	         0.003838031	         0.000160465	         0.003998496
 16382	    -4619000	 0.100218613	26.179756860	-84.346068037	161.572546543	 0.218053726	         0.004230393	         0.000225285	         0.004455678
 16383	    -4618000	 0.099266952	26.391131825	-78.772738036	161.806629544	 0.224555435	         0.004669703	         0.000303511	         0.004973214
 16384	    -4617000	 0.098435371	26.624229477	-73.076272601	162.076029198	 0.231950312	         0.005147454	         0.000401832	         0.005549286
 16385	    -4616000	 0.097642004	26.879350878	-67.307173218	162.392260287	 0.240323288	         0.005710765	         0.000529129	         0.006239893
 16386	    -4615000	 0.096698387	27.154580617	-61.334185894	162.735902853	 0.249695452	         0.006272406	         0.000667410	         0.006939817
 16387	    -4614000	 0.095876446	27.449386919	-55.391547838	163.116277024	 0.260140029	         0.006923747	         0.000847035	         0.007770782
 16388	    -4613000	 0.095077214	27.763047911	-49.323221689	163.552032628	 0.271732721	         0.007678911	         0.001070949	         0.008749859
 16389	    -4612000	 0.094389149	28.094065622	-43.087031794	164.023570701	 0.284517846	         0.008489192	         0.001330814	         0.009820006
 16390	    -4611000	 0.093539947	28.442012771	-36.918936385	164.531233132	 0.298400053	         0.009342285	         0.001622133	         0.010964418
 16391	    -4610000	 0.092795634	28.804284484	-30.595654442	165.100208374	 0.313260303	         0.010367629	         0.001997156	         0.012364785
 16392	    -4609000	 0.092101472	29.179444325	-24.317302210	165.690221477	 0.329075334	         0.011391027	         0.002401022	         0.013792049
 16393	    -4608000	 0.091250555	29.567154562	-17.852067178	166.340042793	 0.345860677	         0.012501165	         0.002866375	         0.015367540
 16394	    -4607000	 0.090336321	29.963764986	-11.412256173	167.011456997	 0.363477473	         0.013614717	         0.003369764	         0.016984480
 16395	    -4606000	 0.089375916	30.367246726	-4.911720760	167.740694860	 0.381840724	         0.014920874	         0.004003337	         0.018924210
 16396	    -4605000	 0.088503105	30.776603634	 1.760983425	168.497725009	 0.400900442	         0.016243771	         0.004691665	         0.020935436
 16397	    -4604000	 0.087246927	31.188961632	 8.503528704	169.284129094	 0.420507234	         0.017679490	         0.005507450	         0.023186940
 16398	    -4603000	 0.086149036	31.601960898	15.341469276	170.101717119	 0.440521172	         0.019227998	         0.006458334	         0.025686332
 16399	    -4602000	 0.085074054	32.013729149	22.369647131	170.951382825	 0.460814532	         0.021082972	         0.007713970	         0.028796942
 16400	    -4601000	 0.083794685	32.422468199	29.516492793	171.814105395	 0.481254802	         0.023180583	         0.009384049	         0.032564632
 16401	    -4600000	 0.082689734	32.826541407	36.759109754	172.687456507	 0.501711389	         0.025762454	         0.011637704	         0.037400158
 16402	    -4599000	 0.081649635	33.224026305	44.143980089	173.574772233	 0.522035233	         0.028994057	         0.014352053	         0.043346110
 16403	    -4598000	 0.080570758	33.614200505	51.754610646	174.484504792	 0.542137293	         0.033721099	         0.018284268	         0.052005368
 16404	    -4597000	 0.079506893	33.996141532	59.351740798	175.456381099	 0.561919728	         0.041809185	         0.025151190	         0.066960375
 16405	    -4596000	 0.078612820	34.368642156	67.083443435	176.263251618	 0.581272510	         0.047657746	         0.030032944	         0.077690690
 16406	    -4595000	 0.077875496	34.731712163	74.929992085	176.966890244	 0.600152764	         0.053041020	         0.034469196	         0.087510216
 16407	    -4594000	 0.077066016	35.084278168	82.939648849	177.580353002	 0.618466190	         0.058442742	         0.038896862	         0.097339604
 16408	    -4593000	 0.076360646	35.426093028	90.939317412	178.109749311	 0.636166889	         0.064630359	         0.044004093	         0.108634452
 16409	    -4592000	 0.075790220	35.756953361	98.958274501	178.560525636	 0.653216898	         0.071520683	         0.049765039	         0.121285722
 16410	    -4591000	 0.075308143	36.075617287	107.124035674	178.913722594	 0.669530968	         0.079347845	         0.056432566	         0.135780411
 16411	    -4590000	 0.074842896	36.381758112	115.328365118	179.203073506	 0.685077593	         0.088878694	         0.064735272	         0.153613966
 16412	    -4589000	 0.074421845	36.674281775	123.527177161	179.413416729	 0.699792972	         0.099985974	         0.074699400	         0.174685374
 16413	    -4588000	 0.074259807	36.951956707	131.841454894	179.555236023	 0.713614053	         0.112884267	         0.086620798	         0.199505065
 16414	    -4587000	 0.073813987	37.213927126	140.137427000	179.605337734	 0.726503970	         0.127897422	         0.100987181	         0.228884603
 16415	    -4586000	 0.073613773	37.458046689	148.451681302	179.611373299	 0.738370101	         0.145159831	         0.118041897	         0.263201728
 16416	    -4585000	 0.073561343	37.683643422	156.795156791	179.576892981	 0.749199227	         0.164920064	         0.138192995	         0.303113059
 16417	    -4584000	 0.073386448	37.890039919	165.385409107	179.466762900	 0.758982475	         0.187467077	         0.161995815	         0.349462891
 16418	    -4583000	 0.073337927	38.074305051	173.823950419	179.327050162	 0.767609600	         0.212062170	         0.188721131	         0.400783302
 16419	    -4582000	 0.073439588	38.236846053	-177.608921334	179.156297462	 0.775130997	         0.239159365	         0.218942399	         0.458101765
 16420	    -4581000	 0.073815414	38.377162135	-169.055120535	178.957330228	 0.781553999	         0.268076072	         0.251953019	         0.520029092
 16421	    -4580000	 0.074122182	38.493403183	-160.397479980	178.731266323	 0.786823966	         0.298212887	         0.286984503	         0.585197390
 16422	    -4579000	 0.074751002	38.586938144	-151.786602286	178.508670395	 0.791029928	         0.329534975	         0.323767691	         0.653302666
 16423	    -4578000	 0.075467106	38.657476033	-143.325604574	178.281354185	 0.794180896	         0.360230196	         0.360049726	         0.720279922
 16424	    -4577000	 0.076419363	38.705287677	-134.801350526	178.040635406	 0.796306275	         0.390090489	         0.395422187	         0.785512676
 16425	    -4576000	 0.077419004	38.731952987	-126.494391112	177.816881445	 0.797487941	         0.417360573	         0.427565457	         0.844926030
 16426	    -4575000	 0.078558058	38.737180874	-118.272507519	177.601565624	 0.797719302	         0.441866955	         0.456081755	         0.897948710
 16427	    -4574000	 0.079782093	38.722552598	-110.128789834	177.388520871	 0.797071669	         0.462279148	         0.479659736	         0.941938883
 16428	    -4573000	 0.080832716	38.689602656	-102.069465737	177.201469132	 0.795609959	         0.476264524	         0.495652899	         0.971917424
 16429	    -4572000	 0.081952148	38.637819983	-94.200505007	177.021149127	 0.793304676	         0.483854489	         0.504217607	         0.988072096
 16430	    -4571000	 0.083167106	38.568830595	-86.369538259	176.867971334	 0.790218138	         0.485373968	         0.505876574	         0.991250542
 16431	    -4570000	 0.084271829	38.483092440	-78.402775469	176.745622332	 0.786358421	         0.479358966	         0.499029269	         0.978388235
 16432	    -4569000	 0.085272365	38.380366195	-70.657964485	176.652565734	 0.781699887	         0.466454598	         0.484410123	         0.950864721
 16433	    -4568000	 0.086374068	38.261666800	-62.922029744	176.568962879	 0.776271974	         0.447122499	         0.462461234	         0.909583733
 16434	    -4567000	 0.087561750	38.126034836	-55.171047844	176.515845471	 0.770012554	         0.422786518	         0.434637106	         0.857423624
 16435	    -4566000	 0.088636118	37.973980157	-47.456271830	176.491723733	 0.762925382	         0.394196049	         0.401774739	         0.795970788
 16436	    -4565000	 0.089922035	37.805734506	-39.821046609	176.467214918	 0.755001266	         0.363196821	         0.365961816	         0.729158637
 16437	    -4564000	 0.091172225	37.619928308	-32.276949789	176.482478999	 0.746154709	         0.330135400	         0.327487299	         0.657622699
 16438	    -4563000	 0.092441834	37.417722270	-24.749780830	176.485081761	 0.736420280	         0.295393700	         0.287235244	         0.582628944
 16439	    -4562000	 0.093739859	37.199363233	-17.354926935	176.530721720	 0.725791471	         0.261868204	         0.248573838	         0.510442041
 16440	    -4561000	 0.095058527	36.964636841	-10.116438338	176.557973715	 0.714241445	         0.229018023	         0.211295962	         0.440313985
 16441	    -4560000	 0.096390768	36.714903145	-2.839780395	176.604182925	 0.701824321	         0.197724175	         0.176439342	         0.374163517
 16442	    -4559000	 0.097527024	36.450405530	 4.318221278	176.646584228	 0.688544027	         0.169015316	         0.145351593	         0.314366909
 16443	    -4558000	 0.098655300	36.173249733	11.366361261	176.687906760	 0.674503705	         0.143359725	         0.118450118	         0.261809843
 16444	    -4557000	 0.099866380	35.884653094	18.296116901	176.703793921	 0.659768816	         0.120432679	         0.095350034	         0.215782713
 16445	    -4556000	 0.100788500	35.584670102	25.333586468	176.702820798	 0.644350953	         0.100247860	         0.075844929	         0.176092789
 16446	    -4555000	 0.101725765	35.277060320	32.181892425	176.666772404	 0.628458096	         0.083034048	         0.059964575	         0.142998623
 16447	    -4554000	 0.102551962	34.962237539	38.973260513	176.598129130	 0.612131601	         0.068420424	         0.047091714	         0.115512138
 16448	    -4553000	 0.103389940	34.640721668	45.832171378	176.480679194	 0.595421623	         0.055769482	         0.036456929	         0.092226411
 16449	    -4552000	 0.103948295	34.315854498	52.535249554	176.306490878	 0.578527964	         0.045220264	         0.027965061	         0.073185324
 16450	    -4551000	 0.104573296	33.987040971	59.252927511	176.047577589	 0.561447488	         0.035763086	         0.020621772	         0.056384859
 16451	    -4550000	 0.105153484	33.655462312	65.886545189	175.628923673	 0.544270188	         0.026311366	         0.013414257	         0.039725623
 16452	    -4549000	 0.105492399	33.322772633	72.538338577	175.247027332	 0.527110156	         0.020603295	         0.009372463	         0.029975758
 16453	    -4548000	 0.105896365	32.987802334	79.101058351	174.876167444	 0.509935228	         0.016713344	         0.006737171	         0.023450515
 16454	    -4547000	 0.106120483	32.652164191	85.625439395	174.463818542	 0.492855617	         0.013864873	         0.004959016	         0.018823888
 16455	    -4546000	 0.106431801	32.315949631	92.183331325	174.021074835	 0.475901837	         0.011689151	         0.003803956	         0.015493106
 16456	    -4545000	 0.106492387	31.978211528	98.661072967	173.547138402	 0.459051724	         0.010088245	         0.003028014	         0.013116260
 16457	    -4544000	 0.106643087	31.640808956	105.097246476	173.037529357	 0.442421863	         0.008837946	         0.002455856	         0.011293802
 16458	    -4543000	 0.106859210	31.302701075	111.471473605	172.509820096	 0.425982920	         0.007864410	         0.002029695	         0.009894105
 16459	    -4542000	 0.106838811	30.964110314	117.893822781	171.935403860	 0.409767230	         0.007108343	         0.001707676	         0.008816019
 16460	    -4541000	 0.106892956	30.626859996	124.130291630	171.344939697	 0.393879997	         0.006510490	         0.001459447	         0.007969937
 16461	    -4540000	 0.106938747	30.289911513	130.315179822	170.746287305	 0.378287696	         0.006035088	         0.001262652	         0.007297740
 16462	    -4539000	 0.106889467	29.954574285	136.557622869	170.101125350	 0.363064281	         0.005619965	         0.001091141	         0.006711106
 16463	    -4538000	 0.106678919	29.621957683	142.621936460	169.463078243	 0.348268520	         0.005290271	         0.000953860	         0.006244131
 16464	    -4537000	 0.106461265	29.292283948	148.633755676	168.807511994	 0.333914996	         0.004977372	         0.000827393	         0.005804764
 16465	    -4536000	 0.106170151	28.967222803	154.644838558	168.165373262	 0.320076515	         0.004731401	         0.000725120	         0.005456521
 16466	    -4535000	 0.105633202	28.646891342	160.632185106	167.523041342	 0.306753758	         0.004494799	         0.000629148	         0.005123948
 16467	    -4534000	 0.105113587	28.332999625	166.540265355	166.890110992	 0.294009144	         0.004274266	         0.000542145	         0.004816411
 16468	    -4533000	 0.104458349	28.027145487	172.435685975	166.261929740	 0.281892456	         0.004060222	         0.000461893	         0.004522115
 16469	    -4532000	 0.103686210	27.728693210	178.380172617	165.662446415	 0.270438208	         0.003857989	         0.000388134	         0.004246123
 16470	    -4531000	 0.102911000	27.439974543	-175.721211193	165.078982684	 0.259799906	         0.003678326	         0.000326683	         0.004005009
 16471	    -4530000	 0.102061985	27.161718966	-169.876298328	164.539377490	 0.249943331	         0.003503955	         0.000270709	         0.003774664
 16472	    -4529000	 0.101303707	26.893776893	-163.939094138	163.999706944	 0.240805672	         0.003325786	         0.000218289	         0.003544075
 16473	    -4528000	 0.100313406	26.638216833	-158.062828428	163.495852307	 0.232401718	         0.003133654	         0.000168981	         0.003302635
 16474	    -4527000	 0.099388324	26.394499136	-152.229458841	163.032163195	 0.224660564	         0.002974011	         0.000129882	         0.003103893
 16475	    -4526000	 0.098653319	26.163547150	-146.456281100	162.599192876	 0.217562972	         0.002822028	         0.000098629	         0.002920657
 16476	    -4525000	 0.097661273	25.946450877	-140.568381403	162.172702726	 0.211095777	         0.002643097	         0.000067027	         0.002710124
 16477	    -4524000	 0.096723849	25.742379242	-134.828515196	161.791034583	 0.205191973	         0.002494033	         0.000044167	         0.002538200
 16478	    -4523000	 0.095767828	25.552637189	-129.134122588	161.454171707	 0.199850952	         0.002352453	         0.000026098	         0.002378551
 16479	    -4522000	 0.094829548	25.377350684	-123.370209470	161.135523045	 0.195040460	         0.002219884	         0.000013335	         0.002233219
 16480	    -4521000	 0.093717770	25.216451046	-117.696380494	160.840525103	 0.190726788	         0.002083825	         0.000004504	         0.002088329
 16481	    -4520000	 0.092722250	25.071020720	-111.990465627	160.575172814	 0.186909989	         0.001950572	         0.000000000	         0.001950572
 16482	    -4519000	 0.091719251	24.940348685	-106.323294965	160.348808037	 0.183545712	         0.001844114	         0.000000000	         0.001844114
 16483	    -4518000	 0.090524220	24.825590554	-100.603161000	160.139249945	 0.180641132	         0.001734406	         0.000000000	         0.001734406
 16484	    -4517000	 0.089534100	24.727514671	-94.980150765	159.964667567	 0.178195243	         0.001646102	         0.000000000	         0.001646102
 16485	    -4516000	 0.088411139	24.645313996	-89.363072939	159.820737959	 0.176170790	         0.001559884	         0.000000000	         0.001559884
 16486	    -4515000	 0.087371616	24.580736381	-83.653552906	159.683294329	 0.174596507	         0.001465257	         0.000000000	         0.001465257
 16487	    -4514000	 0.086117209	24.533804342	-78.010188994	159.604608812	 0.173461224	         0.001396349	         0.000000000	         0.001396349
 16488	    -4513000	 0.084927629	24.505156394	-72.369656117	159.555386118	 0.172771864	         0.001337409	         0.000000000	         0.001337409
 16489	    -4512000	 0.083826945	24.495937105	-66.689479342	159.539949432	 0.172550602	         0.001290287	         0.000000000	         0.001290287
 16490	    -4511000	 0.082529289	24.505449547	-60.843091898	159.554785548	 0.172778904	         0.001244647	         0.000000000	         0.001244647
 16491	    -4510000	 0.081224105	24.535877696	-55.108769707	159.610027488	 0.173511222	         0.001219689	         0.000000000	         0.001219689
 16492	    -4509000	 0.080027700	24.587383488	-49.250341011	159.687208438	 0.174757899	         0.001196056	         0.000000000	         0.001196056
 16493	    -4508000	 0.078765426	24.659089332	-43.199219532	159.805551513	 0.176508440	         0.001178761	         0.000000000	         0.001178761
 16494	    -4507000	 0.077527289	24.753106563	-37.181754878	159.973727611	 0.178830261	         0.001176944	         0.000000000	         0.001176944
 16495	    -4506000	 0.076412851	24.868686102	-31.036787525	160.182699135	 0.181726470	         0.001183446	         0.000000000	         0.001183446
 16496	    -4505000	 0.075391043	25.005753041	-24.732280694	160.436404470	 0.185221971	         0.001208046	         0.000000000	         0.001208046
 16497	    -4504000	 0.074337995	25.165345716	-18.417591183	160.737021628	 0.189376734	         0.001242822	         0.000000000	         0.001242822
 16498	    -4503000	 0.073485354	25.345532629	-12.055686294	161.064600187	 0.194179757	         0.001280712	         0.000000000	         0.001280712
 16499	    -4502000	 0.072743666	25.547343635	-5.643817534	161.433523415	 0.199703955	         0.001332819	         0.000000000	         0.001332819
 16500	    -4501000	 0.071937511	25.770362262	 0.926066897	161.860956797	 0.205991650	         0.001404995	         0.000002752	         0.001407747
 16501	    -4500000	 0.071215019	26.012321497	 7.468566703	162.333877650	 0.213037449	         0.001489501	         0.000010622	         0.001500123
 16502	    -4499000	 0.070535819	26.274004988	13.977302236	162.843420943	 0.220929130	         0.001600579	         0.000025243	         0.001625822
 16503	    -4498000	 0.069982541	26.553942922	20.694303641	163.383770353	 0.229695230	         0.001717576	         0.000043374	         0.001760951
 16504	    -4497000	 0.069288772	26.851186170	27.470652783	163.956132809	 0.239384287	         0.001868388	         0.000071178	         0.001939566
 16505	    -4496000	 0.068641129	27.164710292	34.309169360	164.554234645	 0.250047277	         0.002040845	         0.000104895	         0.002145740
 16506	    -4495000	 0.068149028	27.492604089	41.172744166	165.176494410	 0.261707442	         0.002262524	         0.000153058	         0.002415582
 16507	    -4494000	 0.067564905	27.835510176	48.391939754	165.809524821	 0.274483512	         0.002503616	         0.000208392	         0.002712008
 16508	    -4493000	 0.067104303	28.190986210	55.530410799	166.456833481	 0.288345805	         0.002823050	         0.000286617	         0.003109667
 16509	    -4492000	 0.066741338	28.557181132	62.810742397	167.128257014	 0.303079699	         0.003221884	         0.000389614	         0.003611498
 16510	    -4491000	 0.066486972	28.935428346	70.360271700	167.780723280	 0.318740078	         0.003686220	         0.000514088	         0.004200308
 16511	    -4490000	 0.066224861	29.322794516	77.811903356	168.425302139	 0.335230063	         0.004290885	         0.000684273	         0.004975158
 16512	    -4489000	 0.066230608	29.718395075	85.434859828	169.057464922	 0.352526390	         0.005049282	         0.000909965	         0.005959247
 16513	    -4488000	 0.066333098	30.122966141	93.121857351	169.692954001	 0.370671194	         0.006047791	         0.001226680	         0.007274471
 16514	    -4487000	 0.066435006	30.533733408	100.963506846	170.292847893	 0.389541802	         0.007320083	         0.001657893	         0.008977977
 16515	    -4486000	 0.066748996	30.951221522	108.711651542	170.868037919	 0.409155101	         0.008976929	         0.002267770	         0.011244699
 16516	    -4485000	 0.067147064	31.374473340	116.495136337	171.411169595	 0.429452598	         0.011151988	         0.003148831	         0.014300819
 16517	    -4484000	 0.067859331	31.801623140	124.384970225	171.969245986	 0.450321287	         0.014026738	         0.004443092	         0.018469830
 16518	    -4483000	 0.068395703	32.233604438	132.242092970	172.487901008	 0.471775975	         0.017964683	         0.006504047	         0.024468730
 16519	    -4482000	 0.069167033	32.667530893	140.033601006	172.994047200	 0.493634388	         0.023307399	         0.010065125	         0.033372524
 16520	    -4481000	 0.070058297	33.102638892	147.768796894	173.491599054	 0.515809985	         0.030789600	         0.015565602	         0.046355202
 16521	    -4480000	 0.070997633	33.539084345	155.574077547	173.999656331	 0.538257538	         0.042093057	         0.024504427	         0.066597484
 16522	    -4479000	 0.071936816	33.972306612	163.223490289	174.584086389	 0.560682977	         0.061719620	         0.041672275	         0.103391895
 16523	    -4478000	 0.072973978	34.402503096	170.819207994	175.011960158	 0.583033211	         0.081901864	         0.060068482	         0.141970346
 16524	    -4477000	 0.073946816	34.828564994	178.567846949	175.339546077	 0.605187203	         0.103607031	         0.080704957	         0.184311988
 16525	    -4476000	 0.074848111	35.245478269	-173.869216908	175.614153994	 0.626822623	         0.128099699	         0.105029192	         0.233128891
 16526	    -4475000	 0.075862416	35.653876529	-166.312345164	175.847031431	 0.647915842	         0.156037956	         0.133862462	         0.289900418
 16527	    -4474000	 0.076971934	36.051462870	-158.612324186	176.036598652	 0.668298725	         0.187163791	         0.167224084	         0.354387875
 16528	    -4473000	 0.077923268	36.435068078	-150.892097331	176.189016677	 0.687770213	         0.221513996	         0.205120237	         0.426634233
 16529	    -4472000	 0.079038997	36.804690584	-143.261156988	176.334915075	 0.706303088	         0.258991143	         0.247423227	         0.506414370
 16530	    -4471000	 0.080200564	37.157796514	-135.615210833	176.448862242	 0.723755206	         0.298800979	         0.293073027	         0.591874006
 16531	    -4470000	 0.081573049	37.494105670	-127.896990356	176.552009091	 0.740110117	         0.341064471	         0.341957258	         0.683021729
 16532	    -4469000	 0.082997812	37.813013615	-120.253561338	176.647310816	 0.755345834	         0.383935871	         0.391428197	         0.775364068
 16533	    -4468000	 0.084417040	38.112561715	-112.709762949	176.742685218	 0.769387519	         0.427427140	         0.441208900	         0.868636040
 16534	    -4467000	 0.086138430	38.394135913	-105.231116888	176.820936339	 0.782326453	         0.469043325	         0.488216253	         0.957259578
 16535	    -4466000	 0.087675800	38.656891984	-97.835053616	176.920077785	 0.794154881	         0.507371428	         0.530545653	         1.037917082
 16536	    -4465000	 0.089298634	38.899846568	-90.583244776	177.037822117	 0.804866209	         0.541656920	         0.567474368	         1.109131288
 16537	    -4464000	 0.090890288	39.124570062	-83.435702076	177.148126886	 0.814569252	         0.569505382	         0.596736274	         1.166241656
 16538	    -4463000	 0.092339783	39.329380639	-76.194730892	177.305159529	 0.823232579	         0.590243932	         0.618025922	         1.208269854
 16539	    -4462000	 0.093615115	39.514246566	-69.191521172	177.468658031	 0.830898480	         0.602127533	         0.629927621	         1.232055154
 16540	    -4461000	 0.094821371	39.679256465	-62.149766262	177.674986544	 0.837613146	         0.606197273	         0.633747870	         1.239945143
 16541	    -4460000	 0.096071122	39.822183297	-55.088535037	177.874311815	 0.843328640	         0.600825219	         0.627781915	         1.228607134
 16542	    -4459000	 0.096924312	39.943364773	-47.987988542	178.120573818	 0.848099505	         0.587303994	         0.613575291	         1.200879285
 16543	    -4458000	 0.097868505	40.040719493	-40.944849044	178.386109323	 0.851881359	         0.566977995	         0.591814721	         1.158792716
 16544	    -4457000	 0.098728599	40.112655506	-33.877777911	178.659577812	 0.854646136	         0.540090181	         0.562453613	         1.102543794
 16545	    -4456000	 0.099567634	40.159350367	-26.677948186	178.966976604	 0.856427145	         0.507092917	         0.525495228	         1.032588144
 16546	    -4455000	 0.100421946	40.177386886	-19.606528421	179.296019196	 0.857112184	         0.471045464	         0.484202248	         0.955247712
 16547	    -4454000	 0.101196022	40.166632438	-12.452531123	179.630062534	 0.856703918	         0.431856459	         0.438594938	         0.870451397
 16548	    -4453000	 0.102124673	40.127514643	-5.336046859	179.968432738	 0.855214056	         0.391435194	         0.391088394	         0.782523588
 16549	    -4452000	 0.102926526	40.057039613	 1.761420764	180.310113370	 0.852510828	         0.351227323	         0.343827028	         0.695054351
 16550	    -4451000	 0.103742025	39.957054221	 8.768286309	180.635851633	 0.848634052	         0.312399474	         0.298464650	         0.610864124
 16551	    -4450000	 0.104637157	39.827843063	15.749455831	180.952176123	 0.843553009	         0.275951830	         0.256456321	         0.532408151
 16552	    -4449000	 0.105430459	39.668566915	22.787462507	181.260004846	 0.837181895	         0.241891917	         0.217965754	         0.459857672
 16553	    -4448000	 0.106056439	39.482678208	29.617506254	181.505975114	 0.829600005	         0.211622187	         0.184717852	         0.396340039
 16554	    -4447000	 0.106688961	39.269940068	36.426711204	181.726798596	 0.820736430	         0.184776281	         0.156081881	         0.340858161
 16555	    -4446000	 0.107261012	39.031838782	43.288073326	181.885955709	 0.810589826	         0.160770565	         0.131371384	         0.292141949
 16556	    -4445000	 0.107528937	38.771998107	50.029567232	181.998167766	 0.799257520	         0.140797321	         0.111515406	         0.252312727
 16557	    -4444000	 0.107743202	38.489675514	56.748966389	182.033918987	 0.786655700	         0.123565215	         0.094985731	         0.218550947
 16558	    -4443000	 0.107879764	38.187138605	63.457271292	181.987005390	 0.772839914	         0.109039406	         0.081568173	         0.190607579
 16559	    -4442000	 0.107709639	37.866974719	70.200702332	181.864976983	 0.757895335	         0.097003821	         0.070803613	         0.167807434
 16560	    -4441000	 0.107430759	37.528109294	76.881985309	181.652640180	 0.741747834	         0.087124098	         0.062250557	         0.149374656
 16561	    -4440000	 0.107050477	37.172410282	83.572635493	181.354504860	 0.724471562	         0.078992216	         0.055392512	         0.134384727
 16562	    -4439000	 0.106542884	36.800439607	90.374386368	180.957779884	 0.706091397	         0.072230752	         0.049834411	         0.122065163
 16563	    -4438000	 0.105916684	36.411488923	97.125225018	180.481028730	 0.686579828	         0.066690502	         0.045362867	         0.112053369
 16564	    -4437000	 0.105180577	36.007026763	103.938581641	179.899560724	 0.666029831	         0.061952348	         0.041609003	         0.103561351
 16565	    -4436000	 0.104609139	35.585774700	110.740837823	179.238542851	 0.644407886	         0.057605285	         0.038177012	         0.095782297
 16566	    -4435000	 0.103853144	35.148365535	117.611968444	178.476425889	 0.621790036	         0.053583472	         0.034998571	         0.088582043
 16567	    -4434000	 0.103209974	34.696255814	124.419880327	177.638765726	 0.598309305	         0.049419266	         0.031675525	         0.081094791
 16568	    -4433000	 0.102569352	34.228178889	131.145919644	176.691227383	 0.573970625	         0.044218945	         0.027419870	         0.071638815
 16569	    -4432000	 0.102023493	33.746017034	138.012266330	175.566159360	 0.548955092	         0.035709359	         0.020193378	         0.055902737
 16570	    -4431000	 0.101305497	33.251327582	144.606613578	174.451196959	 0.523437407	         0.029075816	         0.014645659	         0.043721475
 16571	    -4430000	 0.100662216	32.745136006	151.186190948	173.406179360	 0.497572222	         0.024814148	         0.011120194	         0.035934341
 16572	    -4429000	 0.100054248	32.229956386	157.740479552	172.377397747	 0.471593446	         0.021471406	         0.008304817	         0.029776224
 16573	    -4428000	 0.099127488	31.706938499	164.198284325	171.375048561	 0.445664181	         0.018742338	         0.006452646	         0.025194984
 16574	    -4427000	 0.098196905	31.179719369	170.560910151	170.392547383	 0.420063537	         0.016263683	         0.005008129	         0.021271812
 16575	    -4426000	 0.097085445	30.651090690	176.866893809	169.445001709	 0.395012286	         0.014152094	         0.003922415	         0.018074509
 16576	    -4425000	 0.095867096	30.121373423	-176.762558450	168.517723966	 0.370598886	         0.012259292	         0.003044617	         0.015303909
 16577	    -4424000	 0.094454974	29.595032807	-170.491907848	167.626833268	 0.347084468	         0.010554736	         0.002330866	         0.012885603
 16578	    -4423000	 0.092905660	29.074822618	-164.164249403	166.750912872	 0.324622096	         0.009015480	         0.001748783	         0.010764263
 16579	    -4422000	 0.091415639	28.561106173	-157.810231584	165.924808329	 0.303239920	         0.007687798	         0.001292788	         0.008980586
 16580	    -4421000	 0.089702748	28.057042931	-151.417203833	165.101933035	 0.283063595	         0.006447366	         0.000905721	         0.007353088
 16581	    -4420000	 0.088126283	27.564190897	-145.053014347	164.348837256	 0.264324579	         0.005432528	         0.000622765	         0.006055293
 16582	    -4419000	 0.086590780	27.084398909	-138.657484888	163.609428939	 0.247271452	         0.004512686	         0.000394732	         0.004907418
 16583	    -4418000	 0.085053107	26.619088599	-132.156489775	162.906848619	 0.231784624	         0.003722612	         0.000228652	         0.003951263
 16584	    -4417000	 0.083483827	26.168430644	-125.806892393	162.238690265	 0.217710705	         0.003049095	         0.000113949	         0.003163044
 16585	    -4416000	 0.082105208	25.735487986	-119.529322584	161.601869933	 0.204995517	         0.002471973	         0.000039753	         0.002511726
 16586	    -4415000	 0.080810588	25.320763814	-113.128542186	160.997631337	 0.193512372	         0.002004726	         0.000004769	         0.002009495
 16587	    -4414000	 0.079369099	24.924585080	-106.849356982	160.430855400	 0.183143977	         0.001613874	         0.000000000	         0.001613874
 16588	    -4413000	 0.078043894	24.549595367	-100.709831661	159.892004430	 0.173842381	         0.001294241	         0.000000000	         0.001294241
 16589	    -4412000	 0.076783029	24.196218439	-94.550495861	159.381184753	 0.165509673	         0.001032622	         0.000000000	         0.001032622
 16590	    -4411000	 0.075424772	23.866320584	-88.435981324	158.897579924	 0.158091478	         0.000817711	         0.000000000	         0.000817711
 16591	    -4410000	 0.074169004	23.561290830	-82.384873775	158.435385602	 0.151528648	         0.000647424	         0.000000000	         0.000647424
 16592	    -4409000	 0.072816525	23.281557660	-76.368983216	157.993470890	 0.145749850	         0.000509188	         0.000000000	         0.000509188
 16593	    -4408000	 0.071547882	23.030186746	-70.267038408	157.482122402	 0.140745210	         0.000386539	         0.000000000	         0.000386539
 16594	    -4407000	 0.070176064	22.807593788	-64.311611339	157.179997902	 0.136457173	         0.000310962	         0.000000000	         0.000310962
 16595	    -4406000	 0.068795645	22.614628869	-58.292892737	156.935384433	 0.132845751	         0.000256001	         0.000000000	         0.000256001
 16596	    -4405000	 0.067635354	22.453362469	-52.239954456	156.750410141	 0.129901005	         0.000214638	         0.000000000	         0.000214638
 16597	    -4404000	 0.066237683	22.323434817	-46.028769434	156.592491478	 0.127576058	         0.000181176	         0.000000000	         0.000181176
 16598	    -4403000	 0.064949625	22.226754308	-39.900403559	156.502574190	 0.125873084	         0.000159117	         0.000000000	         0.000159117
 16599	    -4402000	 0.063726908	22.163084996	-33.706488051	156.457037182	 0.124764018	         0.000142028	         0.000000000	         0.000142028
 16600	    -4401000	 0.062679686	22.131469674	-27.236934592	156.457985882	 0.124216941	         0.000129169	         0.000000000	         0.000129169
 16601	    -4400000	 0.061508447	22.133906751	-20.783277059	156.520710361	 0.124259027	         0.000121470	         0.000000000	         0.000121470
 16602	    -4399000	 0.060573459	22.168555954	-14.228633819	156.635643716	 0.124858932	         0.000117677	         0.000000000	         0.000117677
 16603	    -4398000	 0.059863478	22.234431697	-7.542194333	156.815428184	 0.126007482	         0.000117543	         0.000000000	         0.000117543
 16604	    -4397000	 0.059132796	22.331846624	-0.741671368	157.039145416	 0.127725312	         0.000120410	         0.000000000	         0.000120410
 16605	    -4396000	 0.058709887	22.458243384	 5.987729458	157.311265932	 0.129989166	         0.000125960	         0.000000000	         0.000125960
 16606	    -4395000	 0.058388559	22.613391263	12.809280653	157.627212399	 0.132822900	         0.000134449	         0.000000000	         0.000134449
 16607	    -4394000	 0.058201303	22.795482497	19.710150264	157.999724322	 0.136227645	         0.000146789	         0.000000000	         0.000146789
 16608	    -4393000	 0.058083164	23.001972481	26.418981311	158.406860603	 0.140194319	         0.000162765	         0.000000000	         0.000162765
 16609	    -4392000	 0.058083898	23.232825688	33.205751490	158.871293794	 0.144765914	         0.000185751	         0.000000000	         0.000185751
 16610	    -4391000	 0.058221736	23.485177394	39.988909302	159.350599762	 0.149933961	         0.000212040	         0.000000000	         0.000212040
 16611	    -4390000	 0.058292440	23.757302092	46.883715711	159.867505787	 0.155713888	         0.000244390	         0.000000000	         0.000244390
 16612	    -4389000	 0.058369669	24.047972489	53.615690386	160.387904131	 0.162134049	         0.000283899	         0.000000000	         0.000283899
 16613	    -4388000	 0.058627118	24.354649967	60.450122893	160.950204002	 0.169194954	         0.000336472	         0.000000000	         0.000336472
 16614	    -4387000	 0.058948792	24.677118083	67.500185906	161.515583929	 0.176951325	         0.000397966	         0.000000000	         0.000397966
 16615	    -4386000	 0.059175629	25.012672416	74.500680765	162.079001734	 0.185400202	         0.000473783	         0.000000000	         0.000473783
 16616	    -4385000	 0.059598663	25.359620640	81.502386603	162.667103930	 0.194560379	         0.000575563	         0.000000000	         0.000575563
 16617	    -4384000	 0.060226084	25.718749325	88.688981908	163.238567292	 0.204519113	         0.000697680	         0.000000000	         0.000697680
 16618	    -4383000	 0.060826230	26.086835271	95.840748343	163.913577361	 0.215255433	         0.000867589	         0.000002022	         0.000869610
 16619	    -4382000	 0.061629402	26.463378327	102.982033723	164.521804678	 0.226821841	         0.001077158	         0.000015794	         0.001092951
 16620	    -4381000	 0.062639669	26.848654216	110.122189833	165.093911158	 0.239300053	         0.001336697	         0.000041271	         0.001377967
 16621	    -4380000	 0.063583176	27.240020111	117.316602742	165.645964893	 0.252678537	         0.001677870	         0.000085692	         0.001763562
 16622	    -4379000	 0.064691224	27.638036036	124.338033238	166.178478553	 0.267051704	         0.002120830	         0.000156029	         0.002276859
 16623	    -4378000	 0.065919236	28.041647036	131.347727730	166.674482619	 0.282460147	         0.002669558	         0.000255034	         0.002924593
 16624	    -4377000	 0.067259469	28.449454929	138.411949968	167.171194608	 0.298701186	         0.003427020	         0.000414688	         0.003841708
 16625	    -4376000	 0.068512185	28.862133300	145.338426485	167.636445211	 0.315670981	         0.004403906	         0.000644883	         0.005048789
 16626	    -4375000	 0.069838080	29.277397719	152.273569075	168.078353967	 0.333274366	         0.005681819	         0.000978916	         0.006660735
 16627	    -4374000	 0.071341676	29.695172157	159.036362095	168.490906885	 0.351498650	         0.007327388	         0.001459229	         0.008786616
 16628	    -4373000	 0.072770847	30.115347818	165.986771159	168.877849794	 0.370325392	         0.009490071	         0.002163190	         0.011653261
 16629	    -4372000	 0.074174545	30.534896588	172.756646684	169.256978625	 0.389595854	         0.012361477	         0.003228134	         0.015589611
 16630	    -4371000	 0.075562651	30.954805158	179.473534505	169.630636573	 0.409325261	         0.016136012	         0.004838204	         0.020974216
 16631	    -4370000	 0.077149628	31.373900116	-173.736833735	169.982418768	 0.429424843	         0.021073120	         0.007336241	         0.028409361
 16632	    -4369000	 0.078453348	31.789151364	-167.067668135	170.334863557	 0.449706879	         0.027500546	         0.011485007	         0.038985553
 16633	    -4368000	 0.079893615	32.201671047	-160.391426569	170.678467955	 0.470178938	         0.035851784	         0.018001931	         0.053853715
 16634	    -4367000	 0.081325786	32.609827476	-153.683752969	171.017587730	 0.490711715	         0.046729831	         0.026959191	         0.073689022
 16635	    -4366000	 0.082555553	33.011838295	-146.964321143	171.375512346	 0.511163626	         0.061176962	         0.039717006	         0.100893969
 16636	    -4365000	 0.083825091	33.407579630	-140.341059225	171.729609663	 0.531475866	         0.080452228	         0.058022250	         0.138474478
 16637	    -4364000	 0.085153763	33.795862436	-133.622131885	172.156381974	 0.551536045	         0.110201143	         0.088504893	         0.198706036
 16638	    -4363000	 0.086528710	34.176823622	-126.814720333	172.557347295	 0.571302024	         0.147037383	         0.128211200	         0.275248583
 16639	    -4362000	 0.087718487	34.548913239	-120.092121157	172.888054468	 0.590647191	         0.180387408	         0.164847645	         0.345235053
 16640	    -4361000	 0.089046281	34.911629467	-113.327964817	173.186278840	 0.609503113	         0.214252455	         0.202607987	         0.416860443
 16641	    -4360000	 0.090497105	35.266096081	-106.630152881	173.461613033	 0.627890383	         0.248336917	         0.241061273	         0.489398190
 16642	    -4359000	 0.091899421	35.610586068	-99.857176685	173.717598498	 0.645686424	         0.281522140	         0.278826198	         0.560348338
 16643	    -4358000	 0.093256262	35.945505331	-93.187558183	173.981399060	 0.662884466	         0.313522488	         0.315141659	         0.628664147
 16644	    -4357000	 0.094663245	36.271159136	-86.588643183	174.251246588	 0.679477033	         0.343650673	         0.349218234	         0.692868907
 16645	    -4356000	 0.096041085	36.586300121	-79.933078844	174.528726748	 0.695382808	         0.370611485	         0.379434902	         0.750046387
 16646	    -4355000	 0.097244346	36.892234244	-73.396853630	174.838704903	 0.710654532	         0.393896364	         0.405185768	         0.799082132
 16647	    -4354000	 0.098437203	37.187637957	-66.921422345	175.142889528	 0.725217483	         0.412257258	         0.425309225	         0.837566483
 16648	    -4353000	 0.099619727	37.471828505	-60.356957304	175.460637625	 0.739035538	         0.425016058	         0.438930807	         0.863946865
 16649	    -4352000	 0.100416214	37.745841046	-53.845238674	175.822945160	 0.752160303	         0.433214570	         0.447430475	         0.880645046
 16650	    -4351000	 0.101248841	38.007105857	-47.360926035	176.205457056	 0.764475487	         0.435902019	         0.449693420	         0.885595439
 16651	    -4350000	 0.102022094	38.255611128	-40.861798333	176.601178904	 0.775993791	         0.433661441	         0.446439168	         0.880100609
 16652	    -4349000	 0.102570888	38.490768013	-34.239560188	177.039639574	 0.786705020	         0.425584915	         0.436389536	         0.861974452
 16653	    -4348000	 0.103043474	38.709530211	-27.685403632	177.492606435	 0.796494459	         0.413403046	         0.421521050	         0.834924096
 16654	    -4347000	 0.103401133	38.912821637	-21.075891634	177.978311456	 0.805431893	         0.396610981	         0.401200320	         0.797811301
 16655	    -4346000	 0.103885300	39.098442582	-14.398220381	178.464758842	 0.813451563	         0.376604662	         0.377037649	         0.753642311
 16656	    -4345000	 0.104100190	39.263644572	-7.752628371	178.989916989	 0.820471179	         0.354638710	         0.350465874	         0.705104583
 16657	    -4344000	 0.104329323	39.409741511	-1.020035233	179.500356887	 0.826583207	         0.330336918	         0.321347464	         0.651684383
 16658	    -4343000	 0.104612309	39.534376264	 5.641097349	180.023409503	 0.831724153	         0.305904275	         0.292220310	         0.598124585
 16659	    -4342000	 0.104742264	39.636460458	12.425141212	180.551504662	 0.835883482	         0.281171547	         0.263066628	         0.544238175
 16660	    -4341000	 0.104823563	39.716500643	19.117706837	181.071942024	 0.839111607	         0.257829790	         0.235909855	         0.493739645
 16661	    -4340000	 0.104865474	39.773330355	25.840449594	181.561242224	 0.841385730	         0.235345461	         0.210303543	         0.445649004
 16662	    -4339000	 0.105027230	39.808102247	32.618329157	182.015250619	 0.842769774	         0.214281296	         0.186840237	         0.401121532
 16663	    -4338000	 0.104789660	39.820119357	39.334974727	182.441921350	 0.843246782	         0.195691387	         0.166582878	         0.362274265
 16664	    -4337000	 0.104713109	39.809463518	46.038572166	182.812443046	 0.842823842	         0.179007966	         0.148873579	         0.327881545
 16665	    -4336000	 0.104614016	39.778440490	52.747774643	183.136360006	 0.841589485	         0.164509794	         0.133853009	         0.298362802
 16666	    -4335000	 0.104216112	39.725675104	59.480919179	183.389302538	 0.839479748	         0.152318337	         0.121529983	         0.273848320
 16667	    -4334000	 0.103816423	39.652155270	66.111701267	183.564200711	 0.836518780	         0.142164230	         0.111526145	         0.253690374
 16668	    -4333000	 0.103231545	39.559082921	72.778627269	183.671890610	 0.832735094	         0.134112506	         0.103760310	         0.237872816
 16669	    -4332000	 0.102576588	39.444949270	79.495564388	183.698626413	 0.828042372	         0.127783756	         0.097781269	         0.225565024
 16670	    -4331000	 0.101597444	39.311242959	86.149736617	183.627107702	 0.822472498	         0.123267745	         0.093624040	         0.216891785
 16671	    -4330000	 0.100539069	39.156643854	92.867011426	183.471130231	 0.815937488	         0.120295797	         0.090976116	         0.211271912
 16672	    -4329000	 0.099428991	38.980300827	99.623144293	183.233848842	 0.808363182	         0.118523905	         0.089506173	         0.208030078
 16673	    -4328000	 0.098082151	38.783392357	106.501061673	182.925839851	 0.799759921	         0.118299763	         0.089501328	         0.207801090
 16674	    -4327000	 0.096616013	38.562892768	113.366177265	182.515861292	 0.789951678	         0.118922642	         0.090353288	         0.209275930
 16675	    -4326000	 0.095187860	38.319122642	120.306400832	182.044232222	 0.778905267	         0.120409224	         0.092065881	         0.212475106
 16676	    -4325000	 0.093725659	38.052417698	127.396581813	181.494350176	 0.766590342	         0.122479861	         0.094418409	         0.216898270
 16677	    -4324000	 0.092228552	37.760184360	134.490555537	180.896907806	 0.752841596	         0.125035489	         0.097307918	         0.222343407
 16678	    -4323000	 0.090795854	37.444426818	141.602557064	180.236103359	 0.737712002	         0.127343943	         0.100083279	         0.227427222
 16679	    -4322000	 0.089600262	37.104327772	148.839528449	179.532677749	 0.721130031	         0.129620433	         0.102895639	         0.232516072
 16680	    -4321000	 0.088107967	36.738946731	155.992987210	178.777779839	 0.703025192	         0.131160692	         0.105092729	         0.236253421
 16681	    -4320000	 0.086825301	36.352059223	163.106841380	178.000913519	 0.683575558	         0.131453457	         0.106124493	         0.237577950
 16682	    -4319000	 0.085628150	35.942393128	170.197852267	177.178689773	 0.662725228	         0.130100549	         0.105607079	         0.235707628
 16683	    -4318000	 0.084242189	35.511254169	177.348377654	176.331601345	 0.640564574	         0.127084971	         0.103355665	         0.230440636
 16684	    -4317000	 0.082786161	35.062001831	-175.632904078	175.461140459	 0.617310389	         0.121248535	         0.098276216	         0.219524751
 16685	    -4316000	 0.081231160	34.594486293	-168.601394278	174.569233823	 0.593017241	         0.112881844	         0.090510566	         0.203392410
 16686	    -4315000	 0.079695944	34.111491531	-161.568323231	173.613959696	 0.567908221	         0.099329650	         0.077352049	         0.176681700
 16687	    -4314000	 0.077896759	33.613900234	-154.482107641	172.526061983	 0.542121776	         0.076189450	         0.054108097	         0.130297547
 16688	    -4313000	 0.076044062	33.103616025	-147.304345749	171.562447988	 0.515860035	         0.061331948	         0.039933824	         0.101265772
 16689	    -4312000	 0.074199228	32.583786989	-140.145117687	170.666377806	 0.489394288	         0.050157458	         0.029755865	         0.079913323
 16690	    -4311000	 0.072222860	32.052641208	-132.714368726	169.806515271	 0.462748372	         0.041194703	         0.021923302	         0.063118005
 16691	    -4310000	 0.070309213	31.512913097	-125.356631505	168.985254180	 0.436175824	         0.033582221	         0.015463597	         0.049045818
 16692	    -4309000	 0.068463985	30.967639200	-117.835189019	168.194299949	 0.409934895	         0.027084756	         0.010250069	         0.037334825
 16693	    -4308000	 0.066803989	30.414054517	-110.136640425	167.423068381	 0.383998737	         0.021717687	         0.007002540	         0.028720227
 16694	    -4307000	 0.064951128	29.855142689	-102.412050264	166.673169404	 0.358608931	         0.017041036	         0.004658518	         0.021699554
 16695	    -4306000	 0.063409202	29.292801929	-94.676836685	165.940915587	 0.333937299	         0.013307146	         0.003091113	         0.016398259
 16696	    -4305000	 0.062083562	28.725894430	-86.874317061	165.227924708	 0.310010099	         0.010196334	         0.001964721	         0.012161055
 16697	    -4304000	 0.060777003	28.157471387	-78.922042471	164.517203386	 0.287018691	         0.007692866	         0.001185822	         0.008878687
 16698	    -4303000	 0.059544988	27.587561932	-71.189439231	163.816383832	 0.265184653	         0.005706169	         0.000659912	         0.006366081
 16699	    -4302000	 0.058505869	27.018862647	-63.393209510	163.102493268	 0.245029151	         0.004151602	         0.000322404	         0.004474005
 16700	    -4301000	 0.057605050	26.454401163	-55.666203039	162.404306629	 0.226538983	         0.002973076	         0.000125585	         0.003098660
 16701	    -4300000	 0.056673924	25.893442476	-48.038214387	161.708687478	 0.209546104	         0.002103119	         0.000029016	         0.002132135
 16702	    -4299000	 0.055901710	25.341504109	-40.438173367	161.015208498	 0.194071054	         0.001460745	         0.000000000	         0.001460745
 16703	    -4298000	 0.055183148	24.801314813	-32.949045586	160.304705684	 0.180032617	         0.000992862	         0.000000000	         0.000992862
 16704	    -4297000	 0.054447305	24.273293308	-25.487879870	159.457759703	 0.167292378	         0.000641359	         0.000000000	         0.000641359
 16705	    -4296000	 0.053682408	23.763847852	-18.131191719	158.852662755	 0.155855630	         0.000428442	         0.000000000	         0.000428442
 16706	    -4295000	 0.053106037	23.274505943	-10.907207481	158.268408840	 0.145607057	         0.000284081	         0.000000000	         0.000284081
 16707	    -4294000	 0.052557624	22.807624430	-3.447009053	157.709108031	 0.136457754	         0.000182367	         0.000000000	         0.000182367
 16708	    -4293000	 0.051910975	22.369057675	 3.906652152	157.177497279	 0.128387662	         0.000115897	         0.000000000	         0.000115897
 16709	    -4292000	 0.051460824	21.959254211	11.147457549	156.698822311	 0.121278750	         0.000072632	         0.000000000	         0.000072632
 16710	    -4291000	 0.051311327	21.582135225	18.433268570	156.236728646	 0.115085125	         0.000043495	         0.000000000	         0.000043495
 16711	    -4290000	 0.051152595	21.240938691	25.793639044	155.818027654	 0.109754467	         0.000024801	         0.000000000	         0.000024801
 16712	    -4289000	 0.051259035	20.936539796	32.936126085	155.453116773	 0.105207471	         0.000013080	         0.000000000	         0.000013080
 16713	    -4288000	 0.051567692	20.673271451	39.924147859	155.146271497	 0.101427069	         0.000006008	         0.000000000	         0.000006008
 16714	    -4287000	 0.052139024	20.451305168	46.856022185	154.903811854	 0.098345491	         0.000002061	         0.000000000	         0.000002061
 16715	    -4286000	 0.052763678	20.272329020	53.398574776	154.723707950	 0.095929065	         0.000000266	         0.000000000	         0.000000266
 16716	    -4285000	 0.053610552	20.139383218	59.756045094	154.604965931	 0.094172626	         0.000000000	         0.000000000	         0.000000000
 16717	    -4284000	 0.054596083	20.050705101	65.865859046	154.541565859	 0.093018955	         0.000000000	         0.000000000	         0.000000000
 16718	    -4283000	 0.055449846	20.008305599	71.753513424	154.564022790	 0.092472357	         0.000000000	         0.000000000	         0.000000000
 16719	    -4282000	 0.056414549	20.012650278	77.447142368	154.673292805	 0.092528219	         0.000000000	         0.000000000	         0.000000000
 16720	    -4281000	 0.057325598	20.061396705	82.941168506	154.827694909	 0.093157296	         0.000000000	         0.000000000	         0.000000000
 16721	    -4280000	 0.058293091	20.156243612	88.527110477	155.049550503	 0.094393587	         0.000000000	         0.000000000	         0.000000000
 16722	    -4279000	 0.059018884	20.294397143	93.998678010	155.345491346	 0.096223776	         0.000000000	         0.000000000	         0.000000000
 16723	    -4278000	 0.059851337	20.474172123	99.436760824	155.676710855	 0.098658580	         0.000000430	         0.000000000	         0.000000430
 16724	    -4277000	 0.060851058	20.695910884	104.905639527	156.085503470	 0.101746751	         0.000002437	         0.000000000	         0.000002437
 16725	    -4276000	 0.061592628	20.955007392	110.617499770	156.494541337	 0.105477885	         0.000006323	         0.000000000	         0.000006323
 16726	    -4275000	 0.062525898	21.250584439	116.195010437	156.993291463	 0.109901720	         0.000013504	         0.000000000	         0.000013504
 16727	    -4274000	 0.063546368	21.580899680	121.871567214	157.498714838	 0.115065362	         0.000024866	         0.000000000	         0.000024866
 16728	    -4273000	 0.064633178	21.941595828	127.677491983	158.017927585	 0.120981434	         0.000041611	         0.000000000	         0.000041611
 16729	    -4272000	 0.065767432	22.332395278	133.392118914	158.585457883	 0.127735053	         0.000068515	         0.000000000	         0.000068515
 16730	    -4271000	 0.067058889	22.749847130	139.172891329	159.150324611	 0.135366245	         0.000107365	         0.000000000	         0.000107365
 16731	    -4270000	 0.068408675	23.190468975	144.975567657	159.731466334	 0.143916096	         0.000163677	         0.000000000	         0.000163677
 16732	    -4269000	 0.069708535	23.654026122	150.777141890	160.312871748	 0.153494527	         0.000247095	         0.000000000	         0.000247095
 16733	    -4268000	 0.071119375	24.136280639	156.488320294	160.894511920	 0.164136482	         0.000366160	         0.000000000	         0.000366160
 16734	    -4267000	 0.072626832	24.635297765	162.253593327	161.478657167	 0.175925686	         0.000539065	         0.000000000	         0.000539065
 16735	    -4266000	 0.074053752	25.149511477	168.073315245	162.236853353	 0.188960382	         0.000815861	         0.000000000	         0.000815861
 16736	    -4265000	 0.075407678	25.674945044	173.840267725	162.851059359	 0.203277622	         0.001183083	         0.000000610	         0.001183693
 16737	    -4264000	 0.076792858	26.210939550	179.524035878	163.460770856	 0.219000908	         0.001708929	         0.000030940	         0.001739869
 16738	    -4263000	 0.078268582	26.754151605	-174.662895208	164.047595106	 0.236177196	         0.002446547	         0.000115724	         0.002562271
 16739	    -4262000	 0.079509401	27.301237970	-168.856201729	164.620598781	 0.254837824	         0.003478687	         0.000282096	         0.003760784
 16740	    -4261000	 0.080693923	27.851910296	-163.050441463	165.188767803	 0.275109943	         0.004912697	         0.000580198	         0.005492895
 16741	    -4260000	 0.082026644	28.402994186	-157.270589730	165.720473658	 0.296824103	         0.006822388	         0.001057541	         0.007879929
 16742	    -4259000	 0.083021684	28.951421214	-151.337736628	166.244728381	 0.319411931	         0.009447976	         0.001834276	         0.011282252
 16743	    -4258000	 0.084064781	29.496169042	-145.479224667	166.767851114	 0.342754664	         0.012956411	         0.003062933	         0.016019344
 16744	    -4257000	 0.085078807	30.035523684	-139.503683388	167.274131008	 0.366711492	         0.017592225	         0.004997716	         0.022589941
 16745	    -4256000	 0.085974443	30.567668069	-133.410637178	167.767579120	 0.391120104	         0.023551096	         0.008023658	         0.031574754
 16746	    -4255000	 0.086774948	31.090012887	-127.345094279	168.273399588	 0.415766852	         0.031307095	         0.013234957	         0.044542052
 16747	    -4254000	 0.087665456	31.602285754	-121.157693826	168.781545488	 0.440537054	         0.041444173	         0.021710171	         0.063154344
 16748	    -4253000	 0.088671540	32.104535185	-114.952159809	169.282568955	 0.465331487	         0.054091677	         0.032767040	         0.086858717
 16749	    -4252000	 0.089488252	32.593659386	-108.622434421	169.794251337	 0.489893635	         0.070281167	         0.047831089	         0.118112257
 16750	    -4251000	 0.090440640	33.070112451	-102.337502899	170.314908194	 0.514144530	         0.090735910	         0.067997892	         0.158733802
 16751	    -4250000	 0.091401654	33.533923680	-96.117996440	170.877690545	 0.537991144	         0.118593617	         0.097150531	         0.215744149
 16752	    -4249000	 0.092479015	33.983764558	-89.734429339	171.544352439	 0.561277479	         0.164960969	         0.148589745	         0.313550714
 16753	    -4248000	 0.093402363	34.420412630	-83.492729524	172.098581034	 0.583964520	         0.201265738	         0.188984437	         0.390250175
 16754	    -4247000	 0.094352009	34.842499826	-77.238844041	172.590351602	 0.605911368	         0.231898888	         0.223125157	         0.455024045
 16755	    -4246000	 0.095350852	35.249985279	-71.039753247	173.084559852	 0.627056055	         0.259295367	         0.253548966	         0.512844333
 16756	    -4245000	 0.096056101	35.643950349	-64.807597409	173.557094354	 0.647404807	         0.282115227	         0.278783699	         0.560898926
 16757	    -4244000	 0.096739164	36.022073516	-58.683618603	174.024506368	 0.666798397	         0.301185866	         0.299697443	         0.600883309
 16758	    -4243000	 0.097394403	36.384344069	-52.495611225	174.511987320	 0.685208312	         0.316676236	         0.316444267	         0.633120502
 16759	    -4242000	 0.097756651	36.731272993	-46.218489128	175.001760634	 0.702642043	         0.326506331	         0.326685108	         0.653191439
 16760	    -4241000	 0.097981977	37.060689105	-40.037176029	175.508497781	 0.718982693	         0.332491721	         0.332403512	         0.664895233
 16761	    -4240000	 0.098198562	37.372737578	-33.766045129	176.035387952	 0.734240232	         0.334008090	         0.332924327	         0.666932417
 16762	    -4239000	 0.098324612	37.665995171	-27.414715131	176.549840837	 0.748357061	         0.330810676	         0.328069281	         0.658879957
 16763	    -4238000	 0.098237855	37.939352599	-21.042807845	177.081905645	 0.761301410	         0.323728992	         0.318708143	         0.642437134
 16764	    -4237000	 0.098143541	38.193378259	-14.615547207	177.626853831	 0.773127952	         0.313457334	         0.305668516	         0.619125850
 16765	    -4236000	 0.098079869	38.425774253	-8.187694054	178.182649988	 0.783763620	         0.300996060	         0.290133080	         0.591129140
 16766	    -4235000	 0.097857240	38.636342200	-1.647449303	178.735012731	 0.793238742	         0.286045450	         0.271899325	         0.557944774
 16767	    -4234000	 0.097578296	38.825448197	 4.905085437	179.289974415	 0.801609996	         0.269789823	         0.252365545	         0.522155369
 16768	    -4233000	 0.097353394	38.992068707	11.398971125	179.828170533	 0.808872534	         0.253542507	         0.233136594	         0.486679102
 16769	    -4232000	 0.097104392	39.136625667	18.053968686	180.364343541	 0.815084027	         0.236869902	         0.213742881	         0.450612783
 16770	    -4231000	 0.096650427	39.258714697	24.642700461	180.872816820	 0.820263350	         0.220859934	         0.195438630	         0.416298564
 16771	    -4230000	 0.096223899	39.359155581	31.261221002	181.358164100	 0.824477282	         0.205929620	         0.178668409	         0.384598029
 16772	    -4229000	 0.095897643	39.439250480	37.884469980	181.800345612	 0.827806556	         0.191832673	         0.163197105	         0.355029778
 16773	    -4228000	 0.095234406	39.497873375	44.582123057	182.194486146	 0.830225566	         0.179166667	         0.149599723	         0.328766390
 16774	    -4227000	 0.094681259	39.536747706	51.207858901	182.551101642	 0.831821305	         0.168248366	         0.138068853	         0.306317219
 16775	    -4226000	 0.094020956	39.557144443	57.837390592	182.843202051	 0.832655874	         0.158935105	         0.128443081	         0.287378186
 16776	    -4225000	 0.093269559	39.558198803	64.591715223	183.070765964	 0.832698965	         0.151114956	         0.120511997	         0.271626953
 16777	    -4224000	 0.092337778	39.541830733	71.190616916	183.226114598	 0.832029460	         0.145156813	         0.114564599	         0.259721412
 16778	    -4223000	 0.091341070	39.507809516	77.893833977	183.308160069	 0.830634068	         0.140677503	         0.110180187	         0.250857690
 16779	    -4222000	 0.090315435	39.456151545	84.609726030	183.330308365	 0.828505509	         0.137755184	         0.107357592	         0.245112775
 16780	    -4221000	 0.088939026	39.388178367	91.366312902	183.257750151	 0.825686872	         0.136420314	         0.106138387	         0.242558700
 16781	    -4220000	 0.087564336	39.302110783	98.169202323	183.127007785	 0.822089272	         0.136465945	         0.106287329	         0.242753274
 16782	    -4219000	 0.086059790	39.198569858	104.956353316	182.938384071	 0.817719606	         0.137914711	         0.107815546	         0.245730257
 16783	    -4218000	 0.084540866	39.077902531	111.970830837	182.663215408	 0.812570943	         0.140414216	         0.110450456	         0.250864672
 16784	    -4217000	 0.082743666	38.938166720	118.993413823	182.324005636	 0.806534982	         0.144108798	         0.114344447	         0.258453245
 16785	    -4216000	 0.081048411	38.780441447	126.103097209	181.936267407	 0.799629855	         0.148656612	         0.119160058	         0.267816671
 16786	    -4215000	 0.079438088	38.603903272	133.361188006	181.502727506	 0.791789425	         0.153978100	         0.124874280	         0.278852379
 16787	    -4214000	 0.077641223	38.407827953	140.705733158	181.006040985	 0.782948836	         0.159783663	         0.131246900	         0.291030563
 16788	    -4213000	 0.076055115	38.194019932	148.079064174	180.495196530	 0.773157566	         0.165732009	         0.137891363	         0.303623373
 16789	    -4212000	 0.074559533	37.960867886	155.546403748	179.938767194	 0.762310869	         0.171469387	         0.144518724	         0.315988111
 16790	    -4211000	 0.072926991	37.709208731	163.136517953	179.356461242	 0.750417649	         0.177035241	         0.151115594	         0.328150836
 16791	    -4210000	 0.071389613	37.440633221	170.606390326	178.761553278	 0.737528613	         0.181503173	         0.156664775	         0.338167948
 16792	    -4209000	 0.069953171	37.154586608	178.142902932	178.150729127	 0.723597793	         0.184688858	         0.160986192	         0.345675051
 16793	    -4208000	 0.068519040	36.852894186	-174.232847123	177.546336538	 0.708701016	         0.186882174	         0.164251733	         0.351133907
 16794	    -4207000	 0.066895573	36.535567222	-166.544875921	176.916178700	 0.692833452	         0.186559174	         0.164920693	         0.351479868
 16795	    -4206000	 0.065323305	36.203915747	-158.922759678	176.293133353	 0.676062887	         0.183920636	         0.163041605	         0.346962240
 16796	    -4205000	 0.063765504	35.859710613	-151.216955382	175.683220364	 0.658490508	         0.179252083	         0.158901064	         0.338153147
 16797	    -4204000	 0.062145367	35.501554427	-143.345921469	175.065478363	 0.640063976	         0.171831952	         0.151748665	         0.323580617
 16798	    -4203000	 0.060502032	35.131870467	-135.304056374	174.439631392	 0.620934724	         0.161247416	         0.141142958	         0.302390374
 16799	    -4202000	 0.058888108	34.751663545	-127.272241472	173.826423203	 0.601189994	         0.148270860	         0.127877019	         0.276147878
 16800	    -4201000	 0.057423240	34.358961429	-118.896014315	173.185082691	 0.580769158	         0.132035757	         0.111103824	         0.243139581
 16801	    -4200000	 0.055849302	33.956205567	-110.559152927	172.507665226	 0.559847663	         0.111407571	         0.089676473	         0.201084044
 16802	    -4199000	 0.054489494	33.543279026	-102.022853539	171.738003985	 0.538474083	         0.084355091	         0.061685013	         0.146040104
 16803	    -4198000	 0.053393086	33.119091321	-93.394883018	171.067787553	 0.516652835	         0.067558210	         0.045400219	         0.112958429
 16804	    -4197000	 0.052154940	32.685196315	-84.417520059	170.449848591	 0.494530054	         0.054347655	         0.033270762	         0.087618417
 16805	    -4196000	 0.051190051	32.240811140	-75.638242838	169.844676289	 0.472136625	         0.043350737	         0.023646260	         0.066996997
 16806	    -4195000	 0.050436206	31.786840630	-66.726822765	169.265320564	 0.449593075	         0.034518775	         0.016300600	         0.050819375
 16807	    -4194000	 0.049899424	31.323288739	-57.704633215	168.694680716	 0.426977060	         0.027224821	         0.010561645	         0.037786466
 16808	    -4193000	 0.049361240	30.849768883	-48.691707929	168.159478421	 0.404350369	         0.021360828	         0.007046939	         0.028407767
 16809	    -4192000	 0.049080888	30.369206127	-39.748511578	167.603715220	 0.381930947	         0.016477078	         0.004642837	         0.021119915
 16810	    -4191000	 0.048960062	29.880765715	-30.962919437	167.068621972	 0.359754443	         0.012625598	         0.003043824	         0.015669423
 16811	    -4190000	 0.048934698	29.384967049	-22.115892226	166.527575009	 0.337918303	         0.009547607	         0.001946497	         0.011494105
 16812	    -4189000	 0.049084898	28.885572809	-13.527402755	165.991411294	 0.316650680	         0.007191275	         0.001223591	         0.008414866
 16813	    -4188000	 0.049257494	28.381760574	-5.082779938	165.451977488	 0.295968511	         0.005352955	         0.000733298	         0.006086253
 16814	    -4187000	 0.049583462	27.875234530	 3.294108672	164.903289759	 0.276003316	         0.003941174	         0.000409177	         0.004350351
 16815	    -4186000	 0.049772095	27.368854522	11.490198604	164.356792204	 0.257244259	         0.002873360	         0.000205350	         0.003078710
 16816	    -4185000	 0.050108159	26.863027376	19.468134758	163.787813597	 0.239778621	         0.002080861	         0.000087535	         0.002168395
 16817	    -4184000	 0.050550358	26.360298388	27.401003811	163.230886075	 0.223595084	         0.001499799	         0.000025823	         0.001525622
 16818	    -4183000	 0.050941692	25.861150504	35.466298444	162.643463535	 0.208607647	         0.001062551	         0.000000523	         0.001063075
 16819	    -4182000	 0.051305674	25.368095150	43.135236871	161.963649956	 0.194789698	         0.000739008	         0.000000000	         0.000739008
 16820	    -4181000	 0.051900723	24.883538628	50.745957968	161.435405009	 0.182102033	         0.000523625	         0.000000000	         0.000523625
 16821	    -4180000	 0.052626096	24.406613655	58.373461476	160.896614683	 0.170421465	         0.000365612	         0.000000000	         0.000365612
 16822	    -4179000	 0.053319609	23.941185138	65.774153474	160.370448991	 0.159745195	         0.000254894	         0.000000000	         0.000254894
 16823	    -4178000	 0.054248123	23.488910010	72.920181336	159.826029969	 0.150011772	         0.000174089	         0.000000000	         0.000174089
 16824	    -4177000	 0.055257346	23.049503700	79.873709232	159.295420083	 0.141123627	         0.000118545	         0.000000000	         0.000118545
 16825	    -4176000	 0.056333600	22.627120216	86.585290407	158.769944232	 0.133076612	         0.000078428	         0.000000000	         0.000078428
 16826	    -4175000	 0.057469485	22.222346356	92.978133442	158.256876826	 0.125795984	         0.000050978	         0.000000000	         0.000050978
 16827	    -4174000	 0.058656771	21.836787522	99.044144937	157.746387516	 0.119231710	         0.000031679	         0.000000000	         0.000031679
 16828	    -4173000	 0.059775089	21.474392704	105.011864213	157.245033464	 0.113374428	         0.000018633	         0.000000000	         0.000018633
 16829	    -4172000	 0.060842876	21.135073861	110.670632301	156.768529840	 0.108151232	         0.000010146	         0.000000000	         0.000010146
 16830	    -4171000	 0.061838377	20.822637951	116.048461471	156.313235275	 0.103554905	         0.000004838	         0.000000000	         0.000004838
 16831	    -4170000	 0.062927696	20.539499475	121.315611959	155.903255568	 0.099558529	         0.000001656	         0.000000000	         0.000001656
 16832	    -4169000	 0.063719967	20.286288173	126.536402673	155.495170719	 0.096115379	         0.000000106	         0.000000000	         0.000000106
 16833	    -4168000	 0.064536718	20.067776168	131.527237446	155.155267389	 0.093239940	         0.000000000	         0.000000000	         0.000000000
 16834	    -4167000	 0.065345486	19.884268278	136.351972255	154.855823220	 0.090891689	         0.000000000	         0.000000000	         0.000000000
 16835	    -4166000	 0.066139871	19.738007581	141.364155083	154.597456946	 0.089062497	         0.000000000	         0.000000000	         0.000000000
 16836	    -4165000	 0.066796200	19.632649005	146.115779337	154.400014412	 0.087767695	         0.000000000	         0.000000000	         0.000000000
 16837	    -4164000	 0.067542498	19.567030191	150.846096375	154.270861917	 0.086970804	         0.000000000	         0.000000000	         0.000000000
 16838	    -4163000	 0.068351471	19.543956277	155.592359564	154.177577368	 0.086692312	         0.000000000	         0.000000000	         0.000000000
 16839	    -4162000	 0.069030325	19.564794324	160.261601994	154.179814926	 0.086943779	         0.000000000	         0.000000000	         0.000000000
 16840	    -4161000	 0.069847898	19.628053817	164.930825412	154.224564518	 0.087711653	         0.000000000	         0.000000000	         0.000000000
 16841	    -4160000	 0.070635941	19.735368483	169.540490966	154.330729663	 0.089029831	         0.000000000	         0.000000000	         0.000000000
 16842	    -4159000	 0.071420734	19.885259835	174.250852021	154.511903830	 0.090904217	         0.000000956	         0.000000000	         0.000000956
 16843	    -4158000	 0.072205991	20.077358684	178.838277883	154.713703539	 0.093364215	         0.000003320	         0.000000000	         0.000003320
 16844	    -4157000	 0.073058616	20.310815372	-176.516657240	154.998142219	 0.096443623	         0.000008229	         0.000000000	         0.000008229
 16845	    -4156000	 0.074048742	20.582044047	-171.830235418	155.340668147	 0.100149033	         0.000016294	         0.000000000	         0.000016294
 16846	    -4155000	 0.074789105	20.891881260	-167.092705402	155.702452886	 0.104556414	         0.000029232	         0.000000000	         0.000029232
 16847	    -4154000	 0.075658426	21.236696313	-162.463251072	156.127758576	 0.109689765	         0.000050057	         0.000000000	         0.000050057
 16848	    -4153000	 0.076573212	21.613081186	-157.787498730	156.566116944	 0.115581229	         0.000080827	         0.000000000	         0.000080827
 16849	    -4152000	 0.077381793	22.021067695	-152.968316329	157.046260510	 0.122325275	         0.000127997	         0.000000000	         0.000127997
 16850	    -4151000	 0.078075920	22.455536079	-148.240303940	157.554778526	 0.129940258	         0.000198084	         0.000000000	         0.000198084
 16851	    -4150000	 0.078792003	22.914991948	-143.491700998	158.071247978	 0.138509534	         0.000299795	         0.000000000	         0.000299795
 16852	    -4149000	 0.079374095	23.397313690	-138.560811109	158.799053239	 0.148113946	         0.000475896	         0.000000000	         0.000475896
 16853	    -4148000	 0.079790517	23.897225631	-133.646742707	159.425222079	 0.158772068	         0.000709448	         0.000000000	         0.000709448
 16854	    -4147000	 0.080212867	24.415161990	-128.647712051	160.046410575	 0.170624084	         0.001047977	         0.000000000	         0.001047977
 16855	    -4146000	 0.080528344	24.947225018	-123.471669475	160.664324990	 0.183721230	         0.001510385	         0.000000000	         0.001510385
 16856	    -4145000	 0.080658268	25.489200262	-118.188953712	161.291320297	 0.198096466	         0.002156856	         0.000015535	         0.002172392
 16857	    -4144000	 0.080850396	26.042012474	-112.807961969	161.912365237	 0.213918481	         0.003022643	         0.000099678	         0.003122321
 16858	    -4143000	 0.081034945	26.601171106	-107.343128649	162.530399465	 0.231208075	         0.004155864	         0.000273651	         0.004429515
 16859	    -4142000	 0.081193812	27.164996635	-101.630267288	163.156572518	 0.250057230	         0.005664925	         0.000581323	         0.006246248
 16860	    -4141000	 0.081352128	27.732976316	-95.888519433	163.796812684	 0.270599262	         0.007631156	         0.001082573	         0.008713729
 16861	    -4140000	 0.081518843	28.301067215	-90.130723919	164.422000968	 0.292730101	         0.010071447	         0.001815720	         0.011887167
 16862	    -4139000	 0.081965398	28.870116566	-84.217857238	165.064141049	 0.316004468	         0.013197677	         0.002907939	         0.016105615
 16863	    -4138000	 0.082157127	29.437908153	-78.274687715	165.728410253	 0.340216312	         0.016966967	         0.004438900	         0.021405867
 16864	    -4137000	 0.082486318	30.001678463	-72.344939187	166.388157032	 0.365184409	         0.021544176	         0.006629408	         0.028173584
 16865	    -4136000	 0.082867215	30.562671592	-66.451213150	167.076410565	 0.390887537	         0.027086536	         0.009821513	         0.036908048
 16866	    -4135000	 0.083089430	31.117750369	-60.417462486	167.777969536	 0.417093472	         0.033596865	         0.014779768	         0.048376634
 16867	    -4134000	 0.083267183	31.666026280	-54.506591230	168.513682250	 0.443657252	         0.041354103	         0.021375500	         0.062729603
 16868	    -4133000	 0.083428772	32.206989167	-48.525708875	169.277389703	 0.470444788	         0.050521805	         0.029437254	         0.079959059
 16869	    -4132000	 0.083522814	32.737416834	-42.467805820	170.078264546	 0.497180177	         0.061391332	         0.039272077	         0.100663409
 16870	    -4131000	 0.083305750	33.258317147	-36.445307293	170.928734440	 0.523796502	         0.075016437	         0.052171247	         0.127187683
 16871	    -4130000	 0.083185063	33.766632980	-30.355083937	171.872277142	 0.550022390	         0.095258739	         0.072314891	         0.167573630
 16872	    -4129000	 0.082941189	34.259608497	-24.245071497	172.850880970	 0.575604137	         0.119254741	         0.096929161	         0.216183903
 16873	    -4128000	 0.082478692	34.738940908	-17.976089702	173.715766876	 0.600528579	         0.133351768	         0.110971431	         0.244323199
 16874	    -4127000	 0.082003301	35.200312725	-11.723010274	174.546539480	 0.624482702	         0.143574859	         0.120870733	         0.264445592
 16875	    -4126000	 0.081417731	35.642295369	-5.394514341	175.351190125	 0.647319594	         0.150913526	         0.127705432	         0.278618958
 16876	    -4125000	 0.080866713	36.065576763	 1.075767919	176.122232748	 0.669018841	         0.155374590	         0.131540262	         0.286914852
 16877	    -4124000	 0.080068520	36.466207351	 7.625627561	176.884064807	 0.689340861	         0.158095166	         0.133541577	         0.291636743
 16878	    -4123000	 0.079334975	36.844813341	14.153963424	177.612251587	 0.708299354	         0.159621823	         0.134334857	         0.293956679
 16879	    -4122000	 0.078672313	37.200607897	20.872738636	178.319194331	 0.725852383	         0.159448186	         0.133395284	         0.292843470
 16880	    -4121000	 0.077810010	37.530988023	27.708780327	178.991023298	 0.741886342	         0.158473434	         0.131680148	         0.290153582
 16881	    -4120000	 0.077008157	37.838158099	34.499568718	179.614455880	 0.756534899	         0.157106780	         0.129639206	         0.286745986
 16882	    -4119000	 0.076292415	38.120319836	41.367341800	180.194918178	 0.769747499	         0.155353249	         0.127299498	         0.282652748
 16883	    -4118000	 0.075494798	38.377031043	48.396423420	180.721355758	 0.781548029	         0.153638265	         0.125043511	         0.278681776
 16884	    -4117000	 0.074726865	38.610389424	55.329225181	181.197475400	 0.792079523	         0.152577071	         0.123537217	         0.276114287
 16885	    -4116000	 0.073958413	38.818117973	62.316081540	181.613354940	 0.801288018	         0.151880547	         0.122450070	         0.274330617
 16886	    -4115000	 0.073206214	39.001744508	69.369489258	181.960692564	 0.809290922	         0.151724035	         0.121966990	         0.273691025
 16887	    -4114000	 0.072225150	39.162017765	76.358254585	182.239066283	 0.816166319	         0.152927799	         0.122877934	         0.275805733
 16888	    -4113000	 0.071271989	39.296714996	83.363923484	182.442090979	 0.821862675	         0.154746029	         0.124480749	         0.279226777
 16889	    -4112000	 0.070300595	39.408089129	90.360764829	182.572203835	 0.826514592	         0.157532716	         0.127118131	         0.284650846
 16890	    -4111000	 0.069060654	39.495353150	97.529852424	182.634761404	 0.830121883	         0.161902260	         0.131383732	         0.293285993
 16891	    -4110000	 0.067736008	39.557141680	104.694276502	182.629648348	 0.832655761	         0.167330815	         0.136823004	         0.304153820
 16892	    -4109000	 0.066281919	39.595095703	111.878783061	182.553365534	 0.834203762	         0.173927771	         0.143566883	         0.317494654
 16893	    -4108000	 0.064941757	39.607218178	119.297380682	182.411503866	 0.834696827	         0.181370063	         0.151337838	         0.332707901
 16894	    -4107000	 0.063303434	39.594008831	126.911311717	182.207440246	 0.834159522	         0.190279024	         0.160795035	         0.351074058
 16895	    -4106000	 0.061787032	39.556027713	134.631548690	181.948194523	 0.832610229	         0.199673131	         0.171001010	         0.370674141
 16896	    -4105000	 0.060371278	39.490907124	142.465043741	181.654979624	 0.829938903	         0.209806450	         0.182172336	         0.391978786
 16897	    -4104000	 0.058891894	39.400711258	150.665108615	181.310747467	 0.826208084	         0.220787555	         0.194512186	         0.415299741
 16898	    -4103000	 0.057629583	39.285330406	158.754169826	180.926504100	 0.821384171	         0.231053343	         0.206348754	         0.437402097
 16899	    -4102000	 0.056527479	39.143957144	167.069672365	180.509692432	 0.815396791	         0.241218728	         0.218292229	         0.459510958
 16900	    -4101000	 0.055495532	38.978996912	175.530537855	180.086425092	 0.808306710	         0.251053817	         0.230034150	         0.481087967
 16901	    -4100000	 0.054434165	38.789467027	-176.124929087	179.631477545	 0.800027568	         0.258962215	         0.239805955	         0.498768170
 16902	    -4099000	 0.053593110	38.577349276	-167.727697161	179.173252256	 0.790600191	         0.265562185	         0.248185003	         0.513747188
 16903	    -4098000	 0.052810226	38.344746573	-159.342550632	178.700944276	 0.780076071	         0.269637417	         0.253825625	         0.523463042
 16904	    -4097000	 0.052019008	38.090179827	-150.707333028	178.229695716	 0.768347918	         0.271908118	         0.257402460	         0.529310578
 16905	    -4096000	 0.051154961	37.817356976	-142.238146705	177.762155199	 0.755551360	         0.270552131	         0.256889352	         0.527441483
 16906	    -4095000	 0.050382553	37.527445946	-133.685283364	177.313804583	 0.741715915	         0.266873353	         0.253600240	         0.520473594
 16907	    -4094000	 0.049740691	37.219533494	-125.011866178	176.847553423	 0.726778112	         0.259875305	         0.246571756	         0.506447061
 16908	    -4093000	 0.049018861	36.897066527	-116.156007870	176.392645448	 0.710894270	         0.250057207	         0.236245453	         0.486302660
 16909	    -4092000	 0.048414781	36.559797448	-107.297624855	175.926880704	 0.694051600	         0.237125021	         0.222400647	         0.459525668
 16910	    -4091000	 0.047989677	36.208336387	-98.313624224	175.477169088	 0.676287538	         0.221917773	         0.206021125	         0.427938898
 16911	    -4090000	 0.047543343	35.844855901	-89.168425007	175.016205344	 0.657728865	         0.203718309	         0.186361180	         0.390079489
 16912	    -4089000	 0.047272431	35.468134471	-80.134787163	174.558476180	 0.638338607	         0.183835952	         0.164994367	         0.348830318
 16913	    -4088000	 0.047268858	35.079889832	-71.138955774	174.086637077	 0.618238520	         0.162185243	         0.141872966	         0.304058208
 16914	    -4087000	 0.047364918	34.680533404	-61.834247565	173.591720671	 0.597491802	         0.139201984	         0.117754208	         0.256956192
 16915	    -4086000	 0.047453483	34.269637248	-52.819135717	173.079432010	 0.576125414	         0.115632069	         0.093452699	         0.209084768
 16916	    -4085000	 0.047811922	33.849600839	-43.971634890	172.484313498	 0.554320166	         0.089321023	         0.066878404	         0.156199427
 16917	    -4084000	 0.048325967	33.419403698	-35.167096336	171.836900331	 0.532085047	         0.064337825	         0.042607327	         0.106945151
 16918	    -4083000	 0.048920363	32.980277610	-26.407806593	171.273864718	 0.509550801	         0.048929386	         0.028887328	         0.077816714
 16919	    -4082000	 0.049605567	32.534988844	-17.860977550	170.767456457	 0.486928116	         0.037689937	         0.019522788	         0.057212725
 16920	    -4081000	 0.050306982	32.081923257	-9.587052486	170.269359844	 0.464205366	         0.029010437	         0.012722384	         0.041732821
 16921	    -4080000	 0.051216256	31.623343541	-1.355995654	169.778363614	 0.441566974	         0.022296244	         0.008050003	         0.030346247
 16922	    -4079000	 0.052043969	31.161887919	 6.585003805	169.303441287	 0.419208030	         0.017071770	         0.005274703	         0.022346472
 16923	    -4078000	 0.052860409	30.696974515	14.381362669	168.833258132	 0.397160370	         0.013069500	         0.003504622	         0.016574122
 16924	    -4077000	 0.053807483	30.230556428	21.990587909	168.372196883	 0.375571320	         0.009958292	         0.002310583	         0.012268875
 16925	    -4076000	 0.054516778	29.763682405	29.627361019	167.922342755	 0.354534973	         0.007613455	         0.001528399	         0.009141855
 16926	    -4075000	 0.055268757	29.298097750	36.913883671	167.450477666	 0.334165370	         0.005815301	         0.000997975	         0.006813275
 16927	    -4074000	 0.056007817	28.835086815	44.166048189	166.977942727	 0.314542618	         0.004431317	         0.000634230	         0.005065546
 16928	    -4073000	 0.056827915	28.373685851	51.502521464	166.500158224	 0.295643521	         0.003374567	         0.000388840	         0.003763406
 16929	    -4072000	 0.057397998	27.917057937	58.644321154	166.006824574	 0.277612521	         0.002584206	         0.000229215	         0.002813421
 16930	    -4071000	 0.058140549	27.465854838	65.639673113	165.503777467	 0.260736183	         0.001978710	         0.000124676	         0.002103386
 16931	    -4070000	 0.058980237	27.018784027	72.580048213	164.989766861	 0.245026473	         0.001518067	         0.000059600	         0.001577667
 16932	    -4069000	 0.059699532	26.578656847	79.521636177	164.454309725	 0.230485645	         0.001163218	         0.000021746	         0.001184964
 16933	    -4068000	 0.060556259	26.145396840	86.173789374	163.921636100	 0.217014775	         0.000902939	         0.000003518	         0.000906457
 16934	    -4067000	 0.061361382	25.719235280	92.720151871	163.293220462	 0.204532929	         0.000687322	         0.000000000	         0.000687322
 16935	    -4066000	 0.062266374	25.301971359	99.158040399	162.780014399	 0.193007548	         0.000537843	         0.000000000	         0.000537843
 16936	    -4065000	 0.063084852	24.892824472	105.341957488	162.256650614	 0.182337229	         0.000422979	         0.000000000	         0.000422979
 16937	    -4064000	 0.063888525	24.493716421	111.379022172	161.710138822	 0.172497348	         0.000329668	         0.000000000	         0.000329668
 16938	    -4063000	 0.064707297	24.105781734	117.264754362	161.167284767	 0.163442123	         0.000258885	         0.000000000	         0.000258885
 16939	    -4062000	 0.065374666	23.728483984	123.109903818	160.636119575	 0.155091389	         0.000205854	         0.000000000	         0.000205854
 16940	    -4061000	 0.065906943	23.364290409	128.631611069	160.088685604	 0.147435626	         0.000161688	         0.000000000	         0.000161688
 16941	    -4060000	 0.066538817	23.013681834	134.121803016	159.559004155	 0.140422685	         0.000127007	         0.000000000	         0.000127007
 16942	    -4059000	 0.067008538	22.677563426	139.648869054	159.040835561	 0.134012971	         0.000100654	         0.000000000	         0.000100654
 16943	    -4058000	 0.067339913	22.358012303	144.953144192	158.507171388	 0.128190699	         0.000079116	         0.000000000	         0.000079116
 16944	    -4057000	 0.067716712	22.054879647	150.136860652	158.026245276	 0.122901540	         0.000062568	         0.000000000	         0.000062568
 16945	    -4056000	 0.068116035	21.770468510	155.384044822	157.555640213	 0.118137642	         0.000049312	         0.000000000	         0.000049312
 16946	    -4055000	 0.068324957	21.506127925	160.486548296	157.087951939	 0.113875650	         0.000038811	         0.000000000	         0.000038811
 16947	    -4054000	 0.068549024	21.261917611	165.493716642	156.663344302	 0.110074986	         0.000030660	         0.000000000	         0.000030660
 16948	    -4053000	 0.068859201	21.040047552	170.419068528	156.262185866	 0.106732093	         0.000024400	         0.000000000	         0.000024400
 16949	    -4052000	 0.068997651	20.841252922	175.359375642	155.892365027	 0.103823198	         0.000019420	         0.000000000	         0.000019420
 16950	    -4051000	 0.069174501	20.666681723	-179.836981681	155.555508282	 0.101334207	         0.000015698	         0.000000000	         0.000015698
 16951	    -4050000	 0.069299551	20.517136424	-175.085737007	155.252173433	 0.099249536	         0.000013019	         0.000000000	         0.000013019
 16952	    -4049000	 0.069458726	20.392984150	-170.307331612	155.005576115	 0.097551464	         0.000011211	         0.000000000	         0.000011211
 16953	    -4048000	 0.069503310	20.296314200	-165.633658976	154.766389547	 0.096249421	         0.000009780	         0.000000000	         0.000009780
 16954	    -4047000	 0.069565566	20.226553814	-160.970100408	154.602255488	 0.095320630	         0.000009220	         0.000000000	         0.000009220
 16955	    -4046000	 0.069761914	20.183906370	-156.386174868	154.478833728	 0.094757241	         0.000009118	         0.000000000	         0.000009118
 16956	    -4045000	 0.069785538	20.170251005	-151.636504354	154.366782289	 0.094577553	         0.000009457	         0.000000000	         0.000009457
 16957	    -4044000	 0.069858733	20.184117379	-147.151803022	154.317399760	 0.094760020	         0.000010391	         0.000000000	         0.000010391
 16958	    -4043000	 0.069994937	20.226261680	-142.678787152	154.331664710	 0.095316759	         0.000012511	         0.000000000	         0.000012511
 16959	    -4042000	 0.070146479	20.296985339	-138.044539371	154.364459270	 0.096258400	         0.000015243	         0.000000000	         0.000015243
 16960	    -4041000	 0.070142270	20.394668607	-133.613180708	154.452401121	 0.097574307	         0.000019061	         0.000000000	         0.000019061
 16961	    -4040000	 0.070180912	20.520473021	-129.172048186	154.569015895	 0.099295577	         0.000024666	         0.000000000	         0.000024666
 16962	    -4039000	 0.070217404	20.672956569	-124.701657022	154.734780898	 0.101422630	         0.000032175	         0.000000000	         0.000032175
 16963	    -4038000	 0.070073169	20.851263942	-120.215573337	154.930083946	 0.103967772	         0.000042521	         0.000000000	         0.000042521
 16964	    -4037000	 0.069946376	21.055744062	-115.770614645	155.158830578	 0.106965217	         0.000055972	         0.000000000	         0.000055972
 16965	    -4036000	 0.069723957	21.284328063	-111.227020198	155.426303415	 0.110418410	         0.000074611	         0.000000000	         0.000074611
 16966	    -4035000	 0.069445359	21.536885233	-106.542406984	155.753186079	 0.114363541	         0.000100890	         0.000000000	         0.000100890
 16967	    -4034000	 0.069044985	21.812366648	-101.872573310	156.077907012	 0.118827664	         0.000133877	         0.000000000	         0.000133877
 16968	    -4033000	 0.068705744	22.109064348	-97.100813199	156.438989826	 0.123830689	         0.000177450	         0.000000000	         0.000177450
 16969	    -4032000	 0.068356375	22.427164441	-92.163695438	156.817293676	 0.129428828	         0.000234135	         0.000000000	         0.000234135
 16970	    -4031000	 0.067918800	22.764373598	-87.104988019	157.244330401	 0.135639850	         0.000310507	         0.000000000	         0.000310507
 16971	    -4030000	 0.067467489	23.119923806	-82.074149227	157.678973895	 0.142511784	         0.000405614	         0.000000000	         0.000405614
 16972	    -4029000	 0.067215866	23.493472496	-76.918660661	158.358065244	 0.150106937	         0.000566156	         0.000000000	         0.000566156
 16973	    -4028000	 0.066761940	23.882181792	-71.556724136	158.898979128	 0.158440408	         0.000738260	         0.000000000	         0.000738260
 16974	    -4027000	 0.066322903	24.286576043	-66.224620418	159.443690385	 0.167601535	         0.000946434	         0.000000000	         0.000946434
 16975	    -4026000	 0.065992211	24.704864727	-60.885752988	160.000327465	 0.177635105	         0.001205931	         0.000000000	         0.001205931
 16976	    -4025000	 0.065599770	25.134821746	-55.272651053	160.580277667	 0.188574943	         0.001524223	         0.000000000	         0.001524223
 16977	    -4024000	 0.065100547	25.577220615	-49.749922914	161.186029792	 0.200535030	         0.001912727	         0.000009094	         0.001921821
 16978	    -4023000	 0.064674221	26.029082209	-44.097443783	161.801543298	 0.213534349	         0.002365121	         0.000048396	         0.002413517
 16979	    -4022000	 0.064216587	26.489680916	-38.361698984	162.436531372	 0.227652633	         0.002906604	         0.000122929	         0.003029533
 16980	    -4021000	 0.063619708	26.958899616	-32.511416933	163.096632136	 0.242995354	         0.003531564	         0.000234174	         0.003765738
 16981	    -4020000	 0.063096981	27.433116783	-26.619143714	163.787614472	 0.259552375	         0.004276603	         0.000393574	         0.004670177
 16982	    -4019000	 0.062515649	27.912587450	-20.715742388	164.477656258	 0.277440067	         0.005098450	         0.000597845	         0.005696295
 16983	    -4018000	 0.061907869	28.396058969	-14.535067117	165.208137341	 0.296544497	         0.006096233	         0.000879287	         0.006975519
 16984	    -4017000	 0.061190780	28.880354605	-8.464792417	165.952527193	 0.316432429	         0.007198283	         0.001218496	         0.008416779
 16985	    -4016000	 0.060414994	29.365856048	-2.282917420	166.708813167	 0.337090766	         0.008461259	         0.001644325	         0.010105584
 16986	    -4015000	 0.059729467	29.850057395	 4.025104241	167.473901492	 0.358381803	         0.009869381	         0.002163371	         0.012032751
 16987	    -4014000	 0.058730913	30.331565106	10.505526621	168.254419221	 0.380199467	         0.011506212	         0.002827710	         0.014333923
 16988	    -4013000	 0.057778241	30.809592201	16.965990959	169.048509818	 0.402454352	         0.013398407	         0.003666373	         0.017064780
 16989	    -4012000	 0.056814148	31.281189120	23.591463849	169.852780815	 0.424945124	         0.015595231	         0.004737218	         0.020332449
 16990	    -4011000	 0.055792557	31.747093452	30.572268210	170.666098084	 0.447637122	         0.018139856	         0.006129152	         0.024269008
 16991	    -4010000	 0.054609497	32.205097982	37.515824003	171.468932143	 0.470350243	         0.021196477	         0.008049513	         0.029245990
 16992	    -4009000	 0.053589955	32.652950546	44.677854953	172.273015116	 0.492895461	         0.024845391	         0.010875268	         0.035720658
 16993	    -4008000	 0.052550038	33.092205119	52.106216221	173.093513619	 0.515275619	         0.029562619	         0.014599263	         0.044161882
 16994	    -4007000	 0.051487604	33.520143143	59.621581061	173.907658916	 0.537279892	         0.036003178	         0.019793892	         0.055797071
 16995	    -4006000	 0.050602338	33.935687093	67.273537956	174.807654773	 0.558783345	         0.047115182	         0.029254123	         0.076369305
 16996	    -4005000	 0.049743194	34.339919132	75.064544285	175.561085801	 0.579779085	         0.056637325	         0.037377685	         0.094015009
 16997	    -4004000	 0.048865735	34.730112614	82.987048243	176.192224947	 0.600069604	         0.065110712	         0.044606943	         0.109717654
 16998	    -4003000	 0.048047465	35.106652200	90.871358142	176.752072122	 0.619626829	         0.073701487	         0.052000887	         0.125702374
 16999	    -4002000	 0.047298772	35.468655116	98.745347868	177.224645439	 0.638365493	         0.082709485	         0.059880270	         0.142589755
 17000	    -4001000	 0.046561410	35.814084806	106.903008721	177.631971189	 0.656150362	         0.092200844	         0.068340253	         0.160541097
 17001	    -4000000	 0.045657674	36.144268546	115.149566841	177.981123548	 0.673028966	         0.103003734	         0.078174417	         0.181178151
 17002	    -3999000	 0.044763843	36.456041094	123.299398448	178.257610273	 0.688828257	         0.114541038	         0.088947302	         0.203488340
 17003	    -3998000	 0.043996361	36.748674690	131.653080508	178.474623254	 0.703510745	         0.127047618	         0.100911101	         0.227958719
 17004	    -3997000	 0.043128214	37.022927555	140.411649004	178.639368641	 0.717121138	         0.141190691	         0.114788536	         0.255979227
 17005	    -3996000	 0.042291156	37.275056585	149.241561999	178.758137897	 0.729489066	         0.156378792	         0.130052605	         0.286431397
 17006	    -3995000	 0.041579108	37.505379925	158.240359338	178.827762259	 0.740653456	         0.172470245	         0.146652859	         0.319123103
 17007	    -3994000	 0.041008586	37.713407054	167.675157849	178.843280700	 0.750617562	         0.189802840	         0.164984241	         0.354787081
 17008	    -3993000	 0.040499415	37.896331546	177.007754310	178.832560125	 0.759278745	         0.207610666	         0.184195365	         0.391806031
 17009	    -3992000	 0.040271355	38.055692577	-173.498682142	178.794370806	 0.766742943	         0.225982925	         0.204426226	         0.430409151
 17010	    -3991000	 0.040273105	38.189818409	-163.853817603	178.727909945	 0.772963636	         0.244586216	         0.225256318	         0.469842533
 17011	    -3990000	 0.040230293	38.297503249	-154.172915206	178.645251923	 0.777915714	         0.262639255	         0.245769586	         0.508408841
 17012	    -3989000	 0.040482777	38.380719204	-144.701037671	178.556243102	 0.781715958	         0.279806663	         0.265491400	         0.545298063
 17013	    -3988000	 0.040827642	38.437609077	-135.333880368	178.451514134	 0.784300324	         0.295170891	         0.283331252	         0.578502143
 17014	    -3987000	 0.041473940	38.469138066	-125.930441879	178.327054768	 0.785727764	         0.308935898	         0.299499066	         0.608434964
 17015	    -3986000	 0.041983303	38.475672792	-116.682978881	178.201172019	 0.786023181	         0.319975526	         0.312468348	         0.632443873
 17016	    -3985000	 0.042613926	38.456589092	-107.584970467	178.077492314	 0.785160040	         0.327909254	         0.321881753	         0.649791007
 17017	    -3984000	 0.043376906	38.413924574	-98.796105919	177.951508680	 0.783225755	         0.332540897	         0.327494084	         0.660034982
 17018	    -3983000	 0.044191387	38.346152283	-89.748771924	177.800180908	 0.780140236	         0.332552017	         0.327806494	         0.660358511
 17019	    -3982000	 0.044983885	38.253761337	-81.112877600	177.665249241	 0.775908792	         0.328705085	         0.323579025	         0.652284110
 17020	    -3981000	 0.045897772	38.138861858	-72.464792827	177.537573874	 0.770607077	         0.320981887	         0.314837762	         0.635819649
 17021	    -3980000	 0.046831543	37.999541042	-63.839180146	177.402184072	 0.764121792	         0.309208346	         0.301394220	         0.610602566
 17022	    -3979000	 0.047672649	37.836607572	-55.425607788	177.293086753	 0.756461629	         0.294384718	         0.284470324	         0.578855042
 17023	    -3978000	 0.048661957	37.650962275	-47.180024363	177.154927345	 0.747639015	         0.276931787	         0.264664264	         0.541596052
 17024	    -3977000	 0.049778643	37.441346967	-38.823525999	177.003074967	 0.737563120	         0.257014415	         0.242264371	         0.499278786
 17025	    -3976000	 0.050799959	37.209732079	-30.485252699	176.882323836	 0.726298790	         0.235989802	         0.218621820	         0.454611622
 17026	    -3975000	 0.051875326	36.955077053	-22.461832104	176.738761754	 0.713768474	         0.214148797	         0.194423693	         0.408572490
 17027	    -3974000	 0.053068516	36.677666087	-14.490518228	176.597232754	 0.699962329	         0.191916102	         0.170150511	         0.362066613
 17028	    -3973000	 0.054426926	36.379887081	-6.598518932	176.422377716	 0.684983006	         0.169572844	         0.146300371	         0.315873215
 17029	    -3972000	 0.055688454	36.060327454	 1.136594228	176.252573183	 0.668751043	         0.148281845	         0.124076357	         0.272358202
 17030	    -3971000	 0.056984327	35.720975384	 8.683645544	176.052724079	 0.651367823	         0.128086263	         0.103599544	         0.231685807
 17031	    -3970000	 0.058334146	35.363044566	16.017517347	175.811749229	 0.632907549	         0.109086305	         0.084939238	         0.194025544
 17032	    -3969000	 0.059636460	34.986890514	23.282880003	175.531465206	 0.613411706	         0.091374794	         0.068149424	         0.159524218
 17033	    -3968000	 0.060793218	34.595744855	30.320007275	175.212110966	 0.593082692	         0.075415627	         0.053578923	         0.128994550
 17034	    -3967000	 0.061996578	34.189061836	37.165124141	174.794405959	 0.571937902	         0.060061177	         0.040045185	         0.100106363
 17035	    -3966000	 0.063011297	33.768238483	44.135594070	174.232463421	 0.550105518	         0.043535961	         0.025885787	         0.069421749
 17036	    -3965000	 0.063805157	33.337377754	50.854386593	173.663914172	 0.527861542	         0.031737877	         0.016437144	         0.048175021
 17037	    -3964000	 0.064580449	32.895325138	57.498483721	173.129405668	 0.505215314	         0.024149851	         0.010816356	         0.034966207
 17038	    -3963000	 0.065378393	32.443706792	64.200692761	172.597647837	 0.482324209	         0.018686496	         0.007026936	         0.025713432
 17039	    -3962000	 0.065868332	31.985423945	70.904748742	172.053879735	 0.459409508	         0.014597811	         0.004763836	         0.019361647
 17040	    -3961000	 0.066422738	31.520049674	77.501195443	171.497600906	 0.436523481	         0.011523521	         0.003326169	         0.014849690
 17041	    -3960000	 0.066957587	31.049670440	84.036370529	170.922307896	 0.413840471	         0.009142837	         0.002340153	         0.011482990
 17042	    -3959000	 0.067484523	30.574516950	90.684020965	170.335442303	 0.391438995	         0.007345170	         0.001674596	         0.009019766
 17043	    -3958000	 0.067979140	30.095608154	97.104847643	169.715494086	 0.369430116	         0.005897217	         0.001182930	         0.007080147
 17044	    -3957000	 0.068436593	29.615385971	103.505078428	169.076242132	 0.347979331	         0.004776081	         0.000835461	         0.005611542
 17045	    -3956000	 0.069049145	29.132776133	109.792930676	168.416095123	 0.327084839	         0.003878997	         0.000580277	         0.004459274
 17046	    -3955000	 0.069450251	28.649616542	115.959652683	167.732487811	 0.306865761	         0.003171570	         0.000395635	         0.003567205
 17047	    -3954000	 0.069886181	28.167989308	121.995619357	167.046077694	 0.287434789	         0.002612853	         0.000262700	         0.002875553
 17048	    -3953000	 0.070278379	27.687787575	127.849163768	166.340530973	 0.268904891	         0.002145440	         0.000162435	         0.002307875
 17049	    -3952000	 0.070625433	27.211343133	133.750146230	165.621195453	 0.251673339	         0.001765992	         0.000091508	         0.001857499
 17050	    -3951000	 0.070714165	26.739472010	139.378000542	164.891713018	 0.235695776	         0.001450200	         0.000043456	         0.001493656
 17051	    -3950000	 0.070907576	26.273587073	144.953965457	164.169615106	 0.220916297	         0.001196955	         0.000014613	         0.001211568
 17052	    -3949000	 0.071066366	25.816672166	150.518179390	163.443029664	 0.207321911	         0.000980851	         0.000000267	         0.000981117
 17053	    -3948000	 0.070908455	25.368272717	155.944413788	162.719506651	 0.194794506	         0.000805402	         0.000000000	         0.000805402
 17054	    -3947000	 0.070857530	24.931113310	161.229313806	162.003561589	 0.183310242	         0.000656636	         0.000000000	         0.000656636
 17055	    -3946000	 0.070772480	24.507668737	166.516718058	161.193884539	 0.172832209	         0.000521601	         0.000000000	         0.000521601
 17056	    -3945000	 0.070528799	24.097467032	171.762498966	160.531777452	 0.163253335	         0.000423059	         0.000000000	         0.000423059
 17057	    -3944000	 0.070259789	23.703866632	176.843611040	159.900921955	 0.154561603	         0.000342720	         0.000000000	         0.000342720
 17058	    -3943000	 0.069967229	23.327589066	-178.127417143	159.281037710	 0.146685400	         0.000274578	         0.000000000	         0.000274578
 17059	    -3942000	 0.069670747	22.969413328	-173.100227166	158.692452789	 0.139561272	         0.000221275	         0.000000000	         0.000221275
 17060	    -3941000	 0.069232184	22.632361634	-168.163379564	158.138178792	 0.133173601	         0.000177656	         0.000000000	         0.000177656
 17061	    -3940000	 0.068778371	22.315654260	-163.356603908	157.607168261	 0.127438159	         0.000140638	         0.000000000	         0.000140638
 17062	    -3939000	 0.068364970	22.021131085	-158.521865945	157.125938017	 0.122326353	         0.000113570	         0.000000000	         0.000113570
 17063	    -3938000	 0.067831415	21.750782275	-153.716894867	156.668454930	 0.117814814	         0.000090920	         0.000000000	         0.000090920
 17064	    -3937000	 0.067304801	21.503269824	-148.991378700	156.240205732	 0.113830419	         0.000072662	         0.000000000	         0.000072662
 17065	    -3936000	 0.066865973	21.281002830	-144.366446798	155.872846778	 0.110367386	         0.000059277	         0.000000000	         0.000059277
 17066	    -3935000	 0.066376696	21.084311988	-139.573745049	155.512099621	 0.107390814	         0.000048132	         0.000000000	         0.000048132
 17067	    -3934000	 0.065825959	20.912415325	-135.043995356	155.210930567	 0.104855269	         0.000039871	         0.000000000	         0.000039871
 17068	    -3933000	 0.065353432	20.767454051	-130.572743731	154.950938896	 0.102763619	         0.000033351	         0.000000000	         0.000033351
 17069	    -3932000	 0.065002427	20.648204494	-125.981241614	154.725340612	 0.101074281	         0.000028766	         0.000000000	         0.000028766
 17070	    -3931000	 0.064388324	20.554963119	-121.550171334	154.548236059	 0.099772755	         0.000025402	         0.000000000	         0.000025402
 17071	    -3930000	 0.063886168	20.488275728	-117.184421094	154.401165033	 0.098852180	         0.000023200	         0.000000000	         0.000023200
 17072	    -3929000	 0.063390437	20.446553797	-112.839149072	154.294212040	 0.098280561	         0.000021751	         0.000000000	         0.000021751
 17073	    -3928000	 0.062767432	20.430834109	-108.467460160	154.231737016	 0.098066049	         0.000021163	         0.000000000	         0.000021163
 17074	    -3927000	 0.062125706	20.439931570	-104.144194390	154.209092383	 0.098190136	         0.000021697	         0.000000000	         0.000021697
 17075	    -3926000	 0.061382154	20.472531793	-99.804352197	154.230386639	 0.098636088	         0.000023032	         0.000000000	         0.000023032
 17076	    -3925000	 0.060720827	20.529500453	-95.351796499	154.289168102	 0.099420253	         0.000025278	         0.000000000	         0.000025278
 17077	    -3924000	 0.059820388	20.608676448	-90.896480174	154.380426506	 0.100520462	         0.000028494	         0.000000000	         0.000028494
 17078	    -3923000	 0.059067319	20.709583142	-86.374979601	154.512585955	 0.101940299	         0.000033208	         0.000000000	         0.000033208
 17079	    -3922000	 0.058336386	20.831972609	-81.789523543	154.665984253	 0.103689356	         0.000038728	         0.000000000	         0.000038728
 17080	    -3921000	 0.057483280	20.973571261	-76.975801828	154.842955768	 0.105750409	         0.000045493	         0.000000000	         0.000045493
 17081	    -3920000	 0.056625948	21.134946446	-72.315294950	155.058388695	 0.108149317	         0.000054403	         0.000000000	         0.000054403
 17082	    -3919000	 0.055890061	21.314299769	-67.496558849	155.307762595	 0.110879380	         0.000065973	         0.000000000	         0.000065973
 17083	    -3918000	 0.055120624	21.509978248	-62.468675577	155.588494222	 0.113936612	         0.000080594	         0.000000000	         0.000080594
 17084	    -3917000	 0.054216964	21.722769527	-57.476840687	155.886313055	 0.117356962	         0.000097629	         0.000000000	         0.000097629
 17085	    -3916000	 0.053435908	21.950409962	-52.520093926	156.208695864	 0.121129747	         0.000118504	         0.000000000	         0.000118504
 17086	    -3915000	 0.052633351	22.191874392	-47.258559256	156.562262427	 0.125264289	         0.000145221	         0.000000000	         0.000145221
 17087	    -3914000	 0.051709010	22.447044236	-41.977368941	156.929499022	 0.129786972	         0.000175322	         0.000000000	         0.000175322
 17088	    -3913000	 0.050822395	22.714071487	-36.642272797	157.335551465	 0.134694765	         0.000213743	         0.000000000	         0.000213743
 17089	    -3912000	 0.049925915	22.992759365	-31.140643891	157.754380288	 0.140014898	         0.000258401	         0.000000000	         0.000258401
 17090	    -3911000	 0.048981498	23.281911147	-25.450092065	158.191144272	 0.145757011	         0.000307811	         0.000000000	         0.000307811
 17091	    -3910000	 0.048079102	23.580068160	-19.695379744	158.662329634	 0.151924662	         0.000372045	         0.000000000	         0.000372045
 17092	    -3909000	 0.047128597	23.887519967	-13.888490544	159.126711318	 0.158558015	         0.000441233	         0.000000000	         0.000441233
 17093	    -3908000	 0.046294008	24.202539610	-7.771574622	159.622382582	 0.165655161	         0.000521864	         0.000000000	         0.000521864
 17094	    -3907000	 0.045274604	24.524369980	-1.649186193	160.127496333	 0.173233900	         0.000615096	         0.000000000	         0.000615096
 17095	    -3906000	 0.044284423	24.852608955	 4.519061534	160.651348419	 0.181320816	         0.000723032	         0.000000000	         0.000723032
 17096	    -3905000	 0.043450761	25.186012896	10.865961533	161.303521014	 0.189921546	         0.000867684	         0.000000000	         0.000867684
 17097	    -3904000	 0.042363408	25.524757546	17.558908184	161.896848969	 0.199077974	         0.001018190	         0.000000000	         0.001018190
 17098	    -3903000	 0.041289978	25.867221119	24.142266753	162.478233403	 0.208783747	         0.001189449	         0.000002067	         0.001191515
 17099	    -3902000	 0.040245809	26.212584898	30.915485602	163.051585646	 0.219051000	         0.001393641	         0.000017005	         0.001410645
 17100	    -3901000	 0.039203142	26.561616098	38.111657910	163.617506939	 0.229940348	         0.001610287	         0.000040113	         0.001650400
 17101	    -3900000	 0.038004215	26.912469115	45.456227969	164.194459295	 0.241432151	         0.001882453	         0.000077731	         0.001960185
 17102	    -3899000	 0.036919749	27.264366842	53.037837197	164.751755501	 0.253535099	         0.002194031	         0.000129225	         0.002323257
 17103	    -3898000	 0.035915243	27.617977219	60.952803166	165.303539754	 0.266308154	         0.002561090	         0.000198806	         0.002759896
 17104	    -3897000	 0.034831948	27.972145547	69.256086628	165.840384030	 0.279746409	         0.002990606	         0.000287883	         0.003278489
 17105	    -3896000	 0.034004113	28.326470456	77.654019688	166.371425473	 0.293747356	         0.003519714	         0.000408998	         0.003928712
 17106	    -3895000	 0.033187714	28.680460338	86.392424058	166.877076414	 0.308135029	         0.004152955	         0.000566446	         0.004719401
 17107	    -3894000	 0.032541020	29.033812626	95.450710451	167.378397153	 0.322885485	         0.004919798	         0.000768886	         0.005688684
 17108	    -3893000	 0.031876181	29.386782902	104.543439816	167.849393873	 0.337996988	         0.005855512	         0.001034320	         0.006889833
 17109	    -3892000	 0.031408784	29.737713782	113.740579671	168.297873885	 0.353382507	         0.006980019	         0.001377081	         0.008357100
 17110	    -3891000	 0.031109989	30.086755692	123.127800188	168.721906240	 0.369028960	         0.008327088	         0.001816300	         0.010143388
 17111	    -3890000	 0.030857124	30.434012658	133.045020163	169.139706508	 0.384920590	         0.010049806	         0.002429405	         0.012479212
 17112	    -3889000	 0.030543825	30.777732819	142.585419523	169.523494737	 0.400953588	         0.012132100	         0.003239601	         0.015371700
 17113	    -3888000	 0.030565417	31.117956991	152.333726156	169.884930705	 0.417103361	         0.014638905	         0.004314065	         0.018952970
 17114	    -3887000	 0.030703159	31.454123495	162.368641092	170.245097972	 0.433315879	         0.017805025	         0.005840009	         0.023645034
 17115	    -3886000	 0.030873950	31.784941294	172.390524521	170.582651703	 0.449499541	         0.021570321	         0.007894511	         0.029464833
 17116	    -3885000	 0.031260676	32.110215215	-177.680460095	170.913007055	 0.465614502	         0.026216270	         0.011066587	         0.037282857
 17117	    -3884000	 0.031877880	32.428703487	-167.668139482	171.237463225	 0.481568691	         0.031864593	         0.015353524	         0.047218116
 17118	    -3883000	 0.032510810	32.739525136	-157.836349275	171.549825571	 0.497287246	         0.038650805	         0.020707502	         0.059358307
 17119	    -3882000	 0.033369679	33.042237636	-148.257763975	171.858562935	 0.512718174	         0.046782800	         0.027402102	         0.074184903
 17120	    -3881000	 0.034413876	33.335757375	-138.844182683	172.178772070	 0.527778169	         0.056882476	         0.036183405	         0.093065880
 17121	    -3880000	 0.035554024	33.619864012	-129.340975699	172.509766632	 0.542429979	         0.069922850	         0.048153153	         0.118076002
 17122	    -3879000	 0.036698364	33.893244431	-120.231578458	172.896192616	 0.556582424	         0.089251263	         0.067152448	         0.156403711
 17123	    -3878000	 0.037971346	34.155611493	-111.373029084	173.204515134	 0.570199977	         0.105854443	         0.083692997	         0.189547440
 17124	    -3877000	 0.039453015	34.407126970	-102.727936925	173.481251071	 0.583273653	         0.121660307	         0.099727200	         0.221387507
 17125	    -3876000	 0.040958152	34.646093457	-94.058188114	173.716998745	 0.595700961	         0.135903496	         0.114394928	         0.250298424
 17126	    -3875000	 0.042436306	34.872728695	-85.652673081	173.947000433	 0.607482126	         0.148458956	         0.127428674	         0.275887630
 17127	    -3874000	 0.043989552	35.087124318	-77.596076549	174.182407587	 0.618613845	         0.159926157	         0.139361880	         0.299288037
 17128	    -3873000	 0.045754200	35.288056321	-69.509732622	174.387296120	 0.629027378	         0.169390850	         0.149260638	         0.318651488
 17129	    -3872000	 0.047313227	35.475454631	-61.733967918	174.607772547	 0.638716601	         0.177141155	         0.157361040	         0.334502195
 17130	    -3871000	 0.048938494	35.648649041	-54.125892295	174.834841093	 0.647646724	         0.183106980	         0.163491386	         0.346598365
 17131	    -3870000	 0.050638341	35.807341915	-46.569698611	175.058005206	 0.655804325	         0.186946275	         0.167334711	         0.354280986
 17132	    -3869000	 0.052040002	35.951154231	-39.096506382	175.284707014	 0.663173468	         0.188172248	         0.168283016	         0.356455264
 17133	    -3868000	 0.053515098	36.078167395	-31.860609108	175.531059853	 0.669661017	         0.188245708	         0.167905428	         0.356151135
 17134	    -3867000	 0.054951236	36.188959769	-24.581868655	175.772876731	 0.675302633	         0.185506572	         0.164479188	         0.349985759
 17135	    -3866000	 0.056391214	36.282794605	-17.233652886	176.024972375	 0.680067120	         0.181079404	         0.159239124	         0.340318528
 17136	    -3865000	 0.057617108	36.357515134	-10.030136338	176.283384812	 0.683851598	         0.175211239	         0.152506283	         0.327717522
 17137	    -3864000	 0.058908830	36.413938482	-2.820155784	176.540226573	 0.686703536	         0.167748159	         0.144168864	         0.311917023
 17138	    -3863000	 0.060290112	36.450875017	 4.244859943	176.791989001	 0.688567707	         0.159304903	         0.134952840	         0.294257744
 17139	    -3862000	 0.061557814	36.467472717	11.495271845	177.049796473	 0.689404651	         0.150217874	         0.125201399	         0.275419272
 17140	    -3861000	 0.062847970	36.464326822	18.504578304	177.278206741	 0.689246054	         0.140759212	         0.115293887	         0.256053099
 17141	    -3860000	 0.064110060	36.440006933	25.462582905	177.497192934	 0.688019433	         0.131109055	         0.105403669	         0.236512724
 17142	    -3859000	 0.065446413	36.395253638	32.374632764	177.693877564	 0.685759670	         0.121714238	         0.096004910	         0.217719148
 17143	    -3858000	 0.066566743	36.330619563	39.161455751	177.852359601	 0.682490374	         0.112515898	         0.087021686	         0.199537583
 17144	    -3857000	 0.067710380	36.244843582	45.775102203	177.981332176	 0.678141707	         0.103901690	         0.078801958	         0.182703648
 17145	    -3856000	 0.068833009	36.139264554	52.455559732	178.086465490	 0.672774214	         0.095911337	         0.071351755	         0.167263092
 17146	    -3855000	 0.069640751	36.014089115	59.068251258	178.124010369	 0.666390601	         0.088449730	         0.064581457	         0.153031187
 17147	    -3854000	 0.070391275	35.869368193	65.498638343	178.125162155	 0.658985545	         0.081819476	         0.058692269	         0.140511746
 17148	    -3853000	 0.071144244	35.706111100	71.961990151	178.067302038	 0.650603494	         0.075706151	         0.053380813	         0.129086964
 17149	    -3852000	 0.071650497	35.523641831	78.503353103	177.957228708	 0.641203782	         0.070208246	         0.048699139	         0.118907385
 17150	    -3851000	 0.072049179	35.323471837	84.902032199	177.775690313	 0.630860375	         0.065166020	         0.044477286	         0.109643306
 17151	    -3850000	 0.072376415	35.105758416	91.345135233	177.531380007	 0.619580469	         0.060535891	         0.040652907	         0.101188799
 17152	    -3849000	 0.072695075	34.869357026	97.779010679	177.229031718	 0.607306939	         0.056295370	         0.037187998	         0.093483369
 17153	    -3848000	 0.072836324	34.616329106	104.206556719	176.848777420	 0.594153154	         0.052178299	         0.033841776	         0.086020075
 17154	    -3847000	 0.072904465	34.346205259	110.595666291	176.405851736	 0.580105916	         0.048104362	         0.030526316	         0.078630678
 17155	    -3846000	 0.073085882	34.058503102	116.914321231	175.865701205	 0.565156662	         0.043210420	         0.026481650	         0.069692071
 17156	    -3845000	 0.073056965	33.754853446	123.306392049	175.188670890	 0.549412526	         0.036341463	         0.020671308	         0.057012771
 17157	    -3844000	 0.072972717	33.434045372	129.598301100	174.501392396	 0.532839558	         0.031062451	         0.016295118	         0.047357569
 17158	    -3843000	 0.072871616	33.097394554	135.776403493	173.833300880	 0.515541381	         0.027320347	         0.013257900	         0.040578247
 17159	    -3842000	 0.072834830	32.746002132	142.053266351	173.145558301	 0.497616216	         0.024299792	         0.010805143	         0.035104935
 17160	    -3841000	 0.072527189	32.378457612	148.180298244	172.451493087	 0.479040967	         0.021728354	         0.008684950	         0.030413304
 17161	    -3840000	 0.072304000	31.997652800	154.279466688	171.743104628	 0.460016354	         0.019431230	         0.007022222	         0.026453452
 17162	    -3839000	 0.072119590	31.604063425	160.310523654	171.028773223	 0.440623964	         0.017374773	         0.005754843	         0.023129616
 17163	    -3838000	 0.071680482	31.197352702	166.392461680	170.303147802	 0.420910232	         0.015498429	         0.004714678	         0.020213107
 17164	    -3837000	 0.071330673	30.780897222	172.226179714	169.577246054	 0.401102541	         0.013709824	         0.003815084	         0.017524908
 17165	    -3836000	 0.070933621	30.354633464	178.075740629	168.851462676	 0.381260172	         0.012109859	         0.003081847	         0.015191706
 17166	    -3835000	 0.070483781	29.919823582	-176.060407918	168.136583838	 0.361504069	         0.010619099	         0.002449499	         0.013068599
 17167	    -3834000	 0.069874565	29.479260329	-170.409885033	167.426494226	 0.342016959	         0.009242424	         0.001917720	         0.011160144
 17168	    -3833000	 0.069219654	29.032652529	-164.761830745	166.715322000	 0.322836433	         0.007978580	         0.001469893	         0.009448474
 17169	    -3832000	 0.068582863	28.582533731	-159.218971615	166.013210749	 0.304115454	         0.006831448	         0.001098291	         0.007929739
 17170	    -3831000	 0.067752024	28.130449830	-153.616032742	165.330617782	 0.285951326	         0.005815046	         0.000795847	         0.006610892
 17171	    -3830000	 0.066824111	27.676789505	-148.161920385	164.646815499	 0.268494122	         0.004854773	         0.000537153	         0.005391926
 17172	    -3829000	 0.065909925	27.224572564	-142.731519097	163.973462673	 0.252136565	         0.004044924	         0.000346560	         0.004391484
 17173	    -3828000	 0.064969131	26.773791655	-137.204827547	163.314125841	 0.236822832	         0.003332791	         0.000200681	         0.003533472
 17174	    -3827000	 0.063861837	26.326174767	-131.818657420	162.668189521	 0.222537043	         0.002712026	         0.000099667	         0.002811693
 17175	    -3826000	 0.062907867	25.884322584	-126.465065726	162.045242242	 0.209280638	         0.002197688	         0.000036460	         0.002234148
 17176	    -3825000	 0.061936068	25.447762721	-120.999798346	161.415933814	 0.196958746	         0.001757483	         0.000003831	         0.001761314
 17177	    -3824000	 0.060853302	25.019239872	-115.683134324	160.803990181	 0.185569527	         0.001390141	         0.000000000	         0.001390141
 17178	    -3823000	 0.059895748	24.600150832	-110.483832042	160.200013336	 0.175068311	         0.001085417	         0.000000000	         0.001085417
 17179	    -3822000	 0.059077744	24.191170472	-105.274518180	159.605143096	 0.165393581	         0.000839119	         0.000000000	         0.000839119
 17180	    -3821000	 0.058071636	23.795274320	-100.098422264	159.018851715	 0.156537940	         0.000642090	         0.000000000	         0.000642090
 17181	    -3820000	 0.057097814	23.412359768	-95.115192256	158.400365691	 0.148424036	         0.000476652	         0.000000000	         0.000476652
 17182	    -3819000	 0.056209460	23.044770493	-90.261523721	157.754784630	 0.141030810	         0.000345164	         0.000000000	         0.000345164
 17183	    -3818000	 0.055272167	22.695264280	-85.390796397	157.281409059	 0.134343105	         0.000260951	         0.000000000	         0.000260951
 17184	    -3817000	 0.054271636	22.363066569	-80.643943036	156.816901993	 0.128280790	         0.000193112	         0.000000000	         0.000193112
 17185	    -3816000	 0.053194737	22.051394584	-75.925383559	156.379405047	 0.122842018	         0.000142105	         0.000000000	         0.000142105
 17186	    -3815000	 0.052228988	21.761807104	-71.295555368	155.986386334	 0.117995497	         0.000105529	         0.000000000	         0.000105529
 17187	    -3814000	 0.051086104	21.494368036	-66.583370150	155.621559751	 0.113689658	         0.000077322	         0.000000000	         0.000077322
 17188	    -3813000	 0.050013286	21.252081849	-61.996237330	155.270847156	 0.109924598	         0.000055955	         0.000000000	         0.000055955
 17189	    -3812000	 0.048984957	21.034739068	-57.451672974	154.966868545	 0.106653366	         0.000040801	         0.000000000	         0.000040801
 17190	    -3811000	 0.047927673	20.843744454	-52.605181716	154.705052026	 0.103859161	         0.000029930	         0.000000000	         0.000029930
 17191	    -3810000	 0.046754713	20.681004532	-48.092796644	154.477317974	 0.101536152	         0.000021913	         0.000000000	         0.000021913
 17192	    -3809000	 0.045738556	20.545317270	-43.473712790	154.294806268	 0.099639072	         0.000016494	         0.000000000	         0.000016494
 17193	    -3808000	 0.044756769	20.438282612	-38.696565261	154.154257523	 0.098167633	         0.000012582	         0.000000000	         0.000012582
 17194	    -3807000	 0.043601641	20.360264337	-33.918634785	154.055339588	 0.097108802	         0.000009794	         0.000000000	         0.000009794
 17195	    -3806000	 0.042527371	20.310645181	-29.197078994	154.001630612	 0.096441341	         0.000008015	         0.000000000	         0.000008015
 17196	    -3805000	 0.041493171	20.290122311	-24.315676275	154.001118870	 0.096166617	         0.000006953	         0.000000000	         0.000006953
 17197	    -3804000	 0.040422042	20.297133847	-19.201896945	154.037640334	 0.096260387	         0.000006516	         0.000000000	         0.000006516
 17198	    -3803000	 0.039324367	20.332195639	-14.151120196	154.127849910	 0.096730666	         0.000006630	         0.000000000	         0.000006630
 17199	    -3802000	 0.038277383	20.394727965	-8.838041033	154.250453882	 0.097575113	         0.000007111	         0.000000000	         0.000007111
 17200	    -3801000	 0.037300392	20.482208808	-3.369326552	154.434818156	 0.098768853	         0.000008204	         0.000000000	         0.000008204
 17201	    -3800000	 0.036268005	20.595299136	 2.297298828	154.670324852	 0.100333723	         0.000010411	         0.000000000	         0.000010411
 17202	    -3799000	 0.035323289	20.732100084	 8.010818588	154.907453469	 0.102259857	         0.000012792	         0.000000000	         0.000012792
 17203	    -3798000	 0.034466841	20.890723548	14.012691635	155.202062463	 0.104539590	         0.000016414	         0.000000000	         0.000016414
 17204	    -3797000	 0.033557088	21.070873917	20.262611794	155.517207318	 0.107190407	         0.000021077	         0.000000000	         0.000021077
 17205	    -3796000	 0.032602818	21.269618917	26.501079362	155.877859393	 0.110192883	         0.000027389	         0.000000000	         0.000027389
 17206	    -3795000	 0.031889871	21.486399099	32.799983934	156.248271818	 0.113563795	         0.000035719	         0.000000000	         0.000035719
 17207	    -3794000	 0.031037992	21.720157928	39.770388198	156.648369986	 0.117314367	         0.000046173	         0.000000000	         0.000046173
 17208	    -3793000	 0.030100106	21.967652065	46.692275162	157.062179225	 0.121420401	         0.000059527	         0.000000000	         0.000059527
 17209	    -3792000	 0.029258349	22.228860786	53.788279273	157.499520768	 0.125909945	         0.000076937	         0.000000000	         0.000076937
 17210	    -3791000	 0.028523819	22.502137324	61.414594780	157.931853449	 0.130784688	         0.000098099	         0.000000000	         0.000098099
 17211	    -3790000	 0.027683693	22.785503304	69.438731589	158.385857215	 0.136038813	         0.000125710	         0.000000000	         0.000125710
 17212	    -3789000	 0.027001533	23.078363002	77.746770796	158.843690474	 0.141690873	         0.000159735	         0.000000000	         0.000159735
 17213	    -3788000	 0.026403929	23.378568045	86.434388489	159.290042575	 0.147728516	         0.000202073	         0.000000000	         0.000202073
 17214	    -3787000	 0.025970335	23.686043563	95.620924765	159.754433336	 0.154179165	         0.000257254	         0.000000000	         0.000257254
 17215	    -3786000	 0.025648784	23.999288327	104.859670325	160.197987973	 0.161040576	         0.000323472	         0.000000000	         0.000323472
 17216	    -3785000	 0.025494779	24.316113094	114.341544993	160.631149929	 0.168291063	         0.000405707	         0.000000000	         0.000405707
 17217	    -3784000	 0.025624426	24.637373943	124.031064346	161.055988989	 0.175976464	         0.000507886	         0.000000000	         0.000507886
 17218	    -3783000	 0.025714895	24.961388827	133.796717334	161.572829793	 0.184083291	         0.000650816	         0.000000000	         0.000650816
 17219	    -3782000	 0.025989165	25.286425881	143.372991385	162.041889608	 0.192590944	         0.000824184	         0.000000000	         0.000824184
 17220	    -3781000	 0.026448298	25.612966743	152.792826906	162.458266610	 0.201533910	         0.001028957	         0.000000000	         0.001028957
 17221	    -3780000	 0.027131309	25.939392268	162.585548258	162.872031699	 0.210888763	         0.001289297	         0.000006738	         0.001296034
 17222	    -3779000	 0.027660691	26.265169433	172.069730817	163.259062907	 0.220657964	         0.001609359	         0.000028566	         0.001637925
 17223	    -3778000	 0.028455171	26.589769690	-178.658377829	163.628292220	 0.230841947	         0.001991667	         0.000066652	         0.002058318
 17224	    -3777000	 0.029470161	26.911876619	-169.516381514	163.986874145	 0.241412268	         0.002462071	         0.000127184	         0.002589255
 17225	    -3776000	 0.030440388	27.232023785	-160.222604962	164.319052788	 0.252397843	         0.003020625	         0.000213788	         0.003234413
 17226	    -3775000	 0.031598828	27.548474233	-151.451627626	164.658136817	 0.263747761	         0.003720770	         0.000343148	         0.004063918
 17227	    -3774000	 0.032871439	27.860795428	-142.659890130	164.968411194	 0.275449923	         0.004514686	         0.000507411	         0.005022098
 17228	    -3773000	 0.034210090	28.169523733	-134.108092628	165.284427414	 0.287495522	         0.005477149	         0.000731062	         0.006208211
 17229	    -3772000	 0.035553696	28.472662807	-125.855870519	165.583965666	 0.299641375	         0.006571383	         0.001013258	         0.007584641
 17230	    -3771000	 0.037020436	28.770840070	-117.789408684	165.886591389	 0.311871309	         0.007848877	         0.001371964	         0.009220842
 17231	    -3770000	 0.038570163	29.063993124	-109.755159565	166.170629412	 0.324163017	         0.009275821	         0.001808567	         0.011084388
 17232	    -3769000	 0.040084105	29.350557333	-101.756059700	166.451554906	 0.336429080	         0.010875583	         0.002341677	         0.013217260
 17233	    -3768000	 0.041513651	29.631699588	-94.068805194	166.739672557	 0.348697441	         0.012628055	         0.002979519	         0.015607574
 17234	    -3767000	 0.043133759	29.906837141	-86.509795112	167.031363877	 0.360921864	         0.014559412	         0.003744827	         0.018304239
 17235	    -3766000	 0.044827506	30.175457629	-78.891875556	167.315195505	 0.373058041	         0.016552331	         0.004597689	         0.021150019
 17236	    -3765000	 0.046390184	30.438551776	-71.374258763	167.605641316	 0.385130391	         0.018626738	         0.005567460	         0.024194199
 17237	    -3764000	 0.047977599	30.694923847	-64.115423115	167.910786027	 0.397064257	         0.020871510	         0.006725035	         0.027596545
 17238	    -3763000	 0.049743527	30.945408131	-56.897796044	168.217097948	 0.408879131	         0.023003235	         0.007905325	         0.030908560
 17239	    -3762000	 0.051297373	31.190125398	-49.725100275	168.542286881	 0.420563117	         0.025061065	         0.009157822	         0.034218887
 17240	    -3761000	 0.052899030	31.427787099	-42.757359361	168.872686362	 0.432037011	         0.027297670	         0.010700833	         0.037998504
 17241	    -3760000	 0.054545546	31.659853609	-35.866561074	169.227076921	 0.443354739	         0.029414780	         0.012405180	         0.041819960
 17242	    -3759000	 0.056001677	31.885478109	-28.883685762	169.598494378	 0.454459881	         0.031307293	         0.014032635	         0.045339928
 17243	    -3758000	 0.057347943	32.103917679	-22.144573989	169.990841666	 0.465300722	         0.033154174	         0.015645445	         0.048799619
 17244	    -3757000	 0.058714658	32.316219936	-15.374330534	170.389155078	 0.475915399	         0.034757182	         0.017050451	         0.051807633
 17245	    -3756000	 0.060045822	32.521039732	-8.601303379	170.812529350	 0.486223784	         0.036270213	         0.018437156	         0.054707369
 17246	    -3755000	 0.061186234	32.718360859	-1.797772217	171.249086133	 0.496212689	         0.037478219	         0.019553666	         0.057031885
 17247	    -3754000	 0.062297449	32.908317489	 4.983127155	171.697014379	 0.505877812	         0.038498642	         0.020558246	         0.059056888
 17248	    -3753000	 0.063427103	33.089609561	11.616263965	172.147176973	 0.515142705	         0.039495361	         0.021552514	         0.061047875
 17249	    -3752000	 0.064523976	33.262938355	18.476503744	172.618096402	 0.524033947	         0.040336981	         0.022442660	         0.062779641
 17250	    -3751000	 0.065507639	33.427339865	25.160652198	173.103727766	 0.532493989	         0.041245507	         0.023399248	         0.064644755
 17251	    -3750000	 0.066432131	33.582280980	31.813060511	173.571259793	 0.540488141	         0.042146371	         0.024357285	         0.066503656
 17252	    -3749000	 0.067505579	33.728705410	38.473115174	174.062012091	 0.548059060	         0.043451516	         0.025677767	         0.069129282
 17253	    -3748000	 0.068214953	33.865035837	45.107179909	174.556366120	 0.555120124	         0.045905952	         0.028052177	         0.073958129
 17254	    -3747000	 0.069028666	33.991930105	51.628915169	174.994638200	 0.561701187	         0.047011053	         0.029166469	         0.076177522
 17255	    -3746000	 0.069779057	34.109695589	58.142896591	175.389594747	 0.567814946	         0.047531011	         0.029733588	         0.077264599
 17256	    -3745000	 0.070365401	34.217008087	64.741698746	175.747904877	 0.573390093	         0.047938838	         0.030173799	         0.078112637
 17257	    -3744000	 0.070767946	34.315085165	71.156793412	176.044676625	 0.578487968	         0.048306631	         0.030542102	         0.078848733
 17258	    -3743000	 0.071236139	34.403349774	77.635287487	176.320748204	 0.583077238	         0.048940290	         0.031120722	         0.080061012
 17259	    -3742000	 0.071612145	34.481272525	84.127487065	176.524267830	 0.587129462	         0.049463565	         0.031581985	         0.081045550
 17260	    -3741000	 0.071734327	34.549920176	90.570141332	176.695533167	 0.590699558	         0.050446263	         0.032408501	         0.082854764
 17261	    -3740000	 0.071914237	34.607716615	97.008460733	176.811868960	 0.593705274	         0.051627430	         0.033380513	         0.085007944
 17262	    -3739000	 0.072005381	34.654821077	103.402698040	176.882044685	 0.596154800	         0.053143908	         0.034626246	         0.087770154
 17263	    -3738000	 0.071985722	34.691738951	109.850718197	176.896860733	 0.598074449	         0.054933553	         0.036103375	         0.091036928
 17264	    -3737000	 0.071807587	34.716546132	116.209376398	176.866099820	 0.599364270	         0.057174656	         0.037958212	         0.095132868
 17265	    -3736000	 0.071636085	34.729839215	122.489077124	176.795304000	 0.600055390	         0.059604245	         0.039997960	         0.099602205
 17266	    -3735000	 0.071409315	34.731162512	128.894626988	176.669173634	 0.600124188	         0.062194592	         0.042183868	         0.104378460
 17267	    -3734000	 0.070911690	34.719241332	135.255027595	176.508514180	 0.599504398	         0.065301603	         0.044866306	         0.110167909
 17268	    -3733000	 0.070401779	34.694486447	141.489730237	176.300365290	 0.598217306	         0.068292489	         0.047490153	         0.115782642
 17269	    -3732000	 0.069934873	34.655787905	147.839723151	176.066596325	 0.596205075	         0.071475443	         0.050336565	         0.121812009
 17270	    -3731000	 0.069192488	34.603023064	154.206583841	175.789225874	 0.593461191	         0.074674124	         0.053250518	         0.127924643
 17271	    -3730000	 0.068517416	34.536242759	160.528362557	175.494164357	 0.589988247	         0.077603646	         0.055975545	         0.133579191
 17272	    -3729000	 0.067817403	34.454147814	166.862740750	175.168037582	 0.585718847	         0.080200974	         0.058440898	         0.138641872
 17273	    -3728000	 0.067046721	34.357420618	173.327537611	174.811838174	 0.580689044	         0.082123732	         0.060295901	         0.142419634
 17274	    -3727000	 0.066225475	34.245811605	179.591450691	174.446860153	 0.574887034	         0.083599299	         0.061766920	         0.145366219
 17275	    -3726000	 0.065441194	34.118686953	-174.116162121	174.054890053	 0.568281936	         0.083578518	         0.061794292	         0.145372810
 17276	    -3725000	 0.064709168	33.977014538	-167.776994413	173.638267589	 0.560927243	         0.082338033	         0.060614815	         0.142952847
 17277	    -3724000	 0.063743325	33.819957123	-161.530713009	173.187769212	 0.552784164	         0.078079023	         0.056341643	         0.134420666
 17278	    -3723000	 0.062788056	33.648136466	-155.314482862	172.703455156	 0.543891416	         0.071660039	         0.049876911	         0.121536951
 17279	    -3722000	 0.061861709	33.462258856	-149.246981410	172.267021314	 0.534293954	         0.067263208	         0.045607095	         0.112870303
 17280	    -3721000	 0.060851373	33.261235465	-143.022886823	171.836582493	 0.523946448	         0.062838955	         0.041386555	         0.104225510
 17281	    -3720000	 0.059676799	33.046462678	-136.920085454	171.405357567	 0.512934315	         0.058166290	         0.037037992	         0.095204283
 17282	    -3719000	 0.058449704	32.818333851	-130.856214317	170.988108737	 0.501293680	         0.053642015	         0.032905765	         0.086547780
 17283	    -3718000	 0.057319807	32.576037579	-124.720813911	170.576513605	 0.489002419	         0.049135906	         0.028872343	         0.078008249
 17284	    -3717000	 0.055854402	32.320706321	-118.562365064	170.159755337	 0.476140501	         0.044373156	         0.024698981	         0.069072137
 17285	    -3716000	 0.054615188	32.052396139	-112.463743356	169.750269363	 0.462736184	         0.039725526	         0.020683086	         0.060408612
 17286	    -3715000	 0.053353260	31.771275599	-106.242173383	169.329607686	 0.448826763	         0.035285574	         0.016959327	         0.052244901
 17287	    -3714000	 0.051946819	31.478012070	-99.960266513	168.926935212	 0.434477130	         0.031158666	         0.013557474	         0.044716140
 17288	    -3713000	 0.050613253	31.171965321	-93.882622740	168.516089297	 0.419691431	         0.027110814	         0.010409840	         0.037520654
 17289	    -3712000	 0.049370752	30.854629796	-87.700091032	168.100777663	 0.404580026	         0.023358855	         0.008057473	         0.031416328
 17290	    -3711000	 0.048115665	30.526387203	-81.438601859	167.700176245	 0.389200510	         0.020019761	         0.006246227	         0.026265989
 17291	    -3710000	 0.046742822	30.186511185	-75.237375607	167.293221112	 0.373561594	         0.016853273	         0.004712369	         0.021565642
 17292	    -3709000	 0.045452355	29.836940313	-69.140149778	166.858103841	 0.357796276	         0.014059773	         0.003522060	         0.017581833
 17293	    -3708000	 0.044220642	29.478163017	-62.998958230	166.449911196	 0.341969113	         0.011709754	         0.002622484	         0.014332237
 17294	    -3707000	 0.042965864	29.110333686	-56.741303147	166.016878408	 0.326129946	         0.009609575	         0.001895152	         0.011504727
 17295	    -3706000	 0.041641637	28.734777147	-50.599453220	165.594431762	 0.310377439	         0.007864740	         0.001355885	         0.009220624
 17296	    -3705000	 0.040432223	28.352235484	-44.436740357	165.143192806	 0.294781198	         0.006349903	         0.000931542	         0.007281445
 17297	    -3704000	 0.039209527	27.964195017	-38.133118791	164.695136773	 0.279437425	         0.005089712	         0.000614018	         0.005703730
 17298	    -3703000	 0.037992908	27.571631758	-31.910136701	164.240694576	 0.264598106	         0.004053830	         0.000384588	         0.004438418
 17299	    -3702000	 0.036834498	27.175152933	-25.783391095	163.779936539	 0.250410491	         0.003215529	         0.000226128	         0.003441657
 17300	    -3701000	 0.035854570	26.776952648	-19.335835356	163.309058261	 0.236926910	         0.002523251	         0.000116736	         0.002639988
 17301	    -3700000	 0.034596856	26.377795284	-13.051274784	162.827757460	 0.224139544	         0.001963152	         0.000048399	         0.002011550
 17302	    -3699000	 0.033517903	25.979011517	-6.899758779	162.348388087	 0.212053347	         0.001526740	         0.000012056	         0.001538796
 17303	    -3698000	 0.032565809	25.582483591	-0.621816711	161.856538332	 0.200681786	         0.001177588	         0.000000000	         0.001177588
 17304	    -3697000	 0.031480873	25.188636426	 5.911942313	161.338145328	 0.189990818	         0.000894048	         0.000000000	         0.000894048
 17305	    -3696000	 0.030431041	24.800150109	12.271388087	160.726627233	 0.180003473	         0.000665967	         0.000000000	         0.000665967
 17306	    -3695000	 0.029419027	24.418244586	18.799715749	160.270761147	 0.170697208	         0.000505480	         0.000000000	         0.000505480
 17307	    -3694000	 0.028508896	24.043288050	25.488938471	159.811457498	 0.162028512	         0.000380575	         0.000000000	         0.000380575
 17308	    -3693000	 0.027552891	23.678234644	32.424532158	159.371932387	 0.154011903	         0.000288312	         0.000000000	         0.000288312
 17309	    -3692000	 0.026712346	23.324463307	39.482677698	158.933531834	 0.146621682	         0.000216175	         0.000000000	         0.000216175
 17310	    -3691000	 0.026023146	22.982913355	46.580733728	158.494336295	 0.139823405	         0.000160696	         0.000000000	         0.000160696
 17311	    -3690000	 0.025365122	22.655608346	54.228078555	158.078449162	 0.133604620	         0.000118738	         0.000000000	         0.000118738
 17312	    -3689000	 0.024846357	22.344010504	61.582244358	157.670322508	 0.127941450	         0.000087191	         0.000000000	         0.000087191
 17313	    -3688000	 0.024489085	22.050323760	69.063006865	157.290104804	 0.122823735	         0.000063860	         0.000000000	         0.000063860
 17314	    -3687000	 0.024285003	21.775510346	76.785243998	156.918956889	 0.118220464	         0.000045857	         0.000000000	         0.000045857
 17315	    -3686000	 0.023975863	21.520479957	84.448308383	156.570583378	 0.114103051	         0.000033039	         0.000000000	         0.000033039
 17316	    -3685000	 0.023875563	21.288381130	91.769736355	156.253836291	 0.110480635	         0.000023958	         0.000000000	         0.000023958
 17317	    -3684000	 0.023936051	21.079519887	99.417173243	155.969175288	 0.107319304	         0.000017025	         0.000000000	         0.000017025
 17318	    -3683000	 0.023942518	20.894891065	107.301724257	155.700326312	 0.104600166	         0.000012244	         0.000000000	         0.000012244
 17319	    -3682000	 0.023973197	20.736560069	114.753169939	155.461597888	 0.102323271	         0.000008691	         0.000000000	         0.000008691
 17320	    -3681000	 0.024227379	20.604680066	122.416437834	155.249686664	 0.100464638	         0.000006301	         0.000000000	         0.000006301
 17321	    -3680000	 0.024553328	20.500957803	130.181914987	155.106919688	 0.099026591	         0.000004987	         0.000000000	         0.000004987
 17322	    -3679000	 0.024911215	20.425466827	137.952369384	154.971544734	 0.097992914	         0.000004171	         0.000000000	         0.000004171
 17323	    -3678000	 0.025448365	20.378359691	145.656442515	154.899245997	 0.097353363	         0.000003814	         0.000000000	         0.000003814
 17324	    -3677000	 0.026119778	20.361310224	153.268854100	154.862680674	 0.097122921	         0.000004083	         0.000000000	         0.000004083
 17325	    -3676000	 0.026900857	20.373223110	160.806695327	154.839337320	 0.097283879	         0.000004428	         0.000000000	         0.000004428
 17326	    -3675000	 0.027726073	20.413993817	168.207861707	154.905627157	 0.097836764	         0.000005993	         0.000000000	         0.000005993
 17327	    -3674000	 0.028780320	20.484118269	175.184755153	154.969034385	 0.098795071	         0.000007802	         0.000000000	         0.000007802
 17328	    -3673000	 0.029854842	20.582051775	-177.511116874	155.077615758	 0.100149140	         0.000010483	         0.000000000	         0.000010483
 17329	    -3672000	 0.030904102	20.707916218	-170.548731130	155.228097924	 0.101916682	         0.000014647	         0.000000000	         0.000014647
 17330	    -3671000	 0.032040745	20.860030005	-163.853953465	155.413318248	 0.104094532	         0.000020849	         0.000000000	         0.000020849
 17331	    -3670000	 0.033442589	21.036958084	-157.149733512	155.623719513	 0.106686268	         0.000028885	         0.000000000	         0.000028885
 17332	    -3669000	 0.034648679	21.238766361	-150.331390332	155.872004061	 0.109721332	         0.000040867	         0.000000000	         0.000040867
 17333	    -3668000	 0.035966434	21.462139527	-143.828247281	156.143469448	 0.113181494	         0.000056630	         0.000000000	         0.000056630
 17334	    -3667000	 0.037336972	21.706454238	-137.428147876	156.423965722	 0.117091118	         0.000076936	         0.000000000	         0.000076936
 17335	    -3666000	 0.038821075	21.970552647	-130.863285307	156.742238872	 0.121469366	         0.000104833	         0.000000000	         0.000104833
 17336	    -3665000	 0.040192087	22.250831125	-124.543649955	157.081638605	 0.126295046	         0.000143045	         0.000000000	         0.000143045
 17337	    -3664000	 0.041659014	22.547369812	-118.226697932	157.429678690	 0.131609563	         0.000191808	         0.000000000	         0.000191808
 17338	    -3663000	 0.043132323	22.857842459	-111.897031090	157.777707334	 0.137413603	         0.000255679	         0.000000000	         0.000255679
 17339	    -3662000	 0.044476397	23.179347839	-105.629545295	158.155749568	 0.143693797	         0.000336893	         0.000000000	         0.000336893
 17340	    -3661000	 0.045875145	23.512103737	-99.358174819	158.542743600	 0.150496179	         0.000441064	         0.000000000	         0.000441064
 17341	    -3660000	 0.047241856	23.853277002	-93.109999966	159.134358666	 0.157805109	         0.000603738	         0.000000000	         0.000603738
 17342	    -3659000	 0.048650421	24.201457694	-86.628780656	159.590726828	 0.165630251	         0.000779709	         0.000000000	         0.000779709
 17343	    -3658000	 0.049865893	24.555896529	-80.226868698	160.034416089	 0.173994710	         0.000992125	         0.000000000	         0.000992125
 17344	    -3657000	 0.051196451	24.914064150	-73.853348610	160.479221463	 0.182876342	         0.001237770	         0.000000000	         0.001237770
 17345	    -3656000	 0.052696100	25.276371595	-67.444913536	160.936005089	 0.192321977	         0.001543451	         0.000000000	         0.001543451
 17346	    -3655000	 0.053949146	25.640717877	-60.810267327	161.393120336	 0.202312810	         0.001883169	         0.000010436	         0.001893605
 17347	    -3654000	 0.055317466	26.005405349	-54.432646728	161.858205348	 0.212832745	         0.002282142	         0.000044479	         0.002326621
 17348	    -3653000	 0.056719307	26.371288955	-47.992559041	162.328323208	 0.223936929	         0.002720404	         0.000097946	         0.002818350
 17349	    -3652000	 0.058082797	26.735880473	-41.511236058	162.823635986	 0.235578140	         0.003224293	         0.000178362	         0.003402655
 17350	    -3651000	 0.059366398	27.098530786	-35.162113462	163.313990007	 0.247757652	         0.003756466	         0.000279207	         0.004035673
 17351	    -3650000	 0.060681797	27.459204959	-28.865655832	163.818864426	 0.260495287	         0.004326243	         0.000403902	         0.004730145
 17352	    -3649000	 0.061881791	27.815742480	-22.461539095	164.345443910	 0.273730346	         0.004948349	         0.000559379	         0.005507728
 17353	    -3648000	 0.062896148	28.168377568	-16.115412197	164.870115811	 0.287450156	         0.005561798	         0.000728110	         0.006289908
 17354	    -3647000	 0.063885535	28.515767160	-9.809820389	165.420839823	 0.301392111	         0.006193592	         0.000915750	         0.007109343
 17355	    -3646000	 0.064851904	28.856546754	-3.464305506	165.971447067	 0.315437730	         0.006837791	         0.001126713	         0.007964504
 17356	    -3645000	 0.065645055	29.191277113	 2.996224538	166.551232919	 0.329581062	         0.007495600	         0.001354159	         0.008849759
 17357	    -3644000	 0.066348418	29.517690007	 9.446334970	167.137567121	 0.343694792	         0.008153299	         0.001601045	         0.009754344
 17358	    -3643000	 0.066998406	29.835804504	15.830103619	167.713089047	 0.357745597	         0.008759010	         0.001842080	         0.010601090
 17359	    -3642000	 0.067713310	30.145520370	22.372592103	168.314992073	 0.371695860	         0.009421995	         0.002123381	         0.011545376
 17360	    -3641000	 0.068182479	30.444642269	28.907126144	168.898068201	 0.385411981	         0.010025736	         0.002395320	         0.012421056
 17361	    -3640000	 0.068635062	30.734407199	35.406249795	169.482678076	 0.398916618	         0.010667867	         0.002699309	         0.013367177
 17362	    -3639000	 0.069240681	31.013976018	41.897683679	170.053543080	 0.412139130	         0.011323262	         0.003024049	         0.014347311
 17363	    -3638000	 0.069507953	31.282082312	48.510086761	170.616368949	 0.424988194	         0.012033921	         0.003388840	         0.015422761
 17364	    -3637000	 0.069802190	31.540267963	54.971904174	171.153200595	 0.437508976	         0.012796460	         0.003792180	         0.016588640
 17365	    -3636000	 0.070064307	31.787607947	61.464463990	171.677085838	 0.449630864	         0.013653420	         0.004258334	         0.017911753
 17366	    -3635000	 0.070219510	32.024020915	68.045340540	172.169375292	 0.461325751	         0.014627172	         0.004808412	         0.019435584
 17367	    -3634000	 0.070190620	32.250304548	74.527997361	172.621156427	 0.472611839	         0.015740643	         0.005456609	         0.021197252
 17368	    -3633000	 0.070174916	32.465607216	81.082878408	173.044058289	 0.483427653	         0.017017943	         0.006230924	         0.023248867
 17369	    -3632000	 0.070139716	32.671165943	87.584292312	173.429326418	 0.493818656	         0.018570817	         0.007273574	         0.025844391
 17370	    -3631000	 0.069853574	32.866717029	94.178238893	173.771423695	 0.503757273	         0.020445240	         0.008648088	         0.029093328
 17371	    -3630000	 0.069638308	33.051588652	100.682949430	174.068168484	 0.513196571	         0.022594064	         0.010193126	         0.032787190
 17372	    -3629000	 0.069296846	33.227208023	107.139503544	174.321877244	 0.522198606	         0.025178977	         0.012062847	         0.037241824
 17373	    -3628000	 0.068961413	33.392652604	113.741010756	174.542109953	 0.530706989	         0.028282989	         0.014342754	         0.042625743
 17374	    -3627000	 0.068355724	33.547944950	120.193310563	174.718515098	 0.538714971	         0.032072183	         0.017183802	         0.049255985
 17375	    -3626000	 0.067779093	33.693375549	126.636291083	174.876732617	 0.546231008	         0.036690163	         0.020761743	         0.057451907
 17376	    -3625000	 0.067194265	33.828170417	133.084523541	175.018665324	 0.553209691	         0.043086858	         0.026000433	         0.069087290
 17377	    -3624000	 0.066352711	33.953141717	139.658724764	175.098830311	 0.559688725	         0.049655862	         0.031483811	         0.081139673
 17378	    -3623000	 0.065418587	34.067305787	146.046209207	175.121530527	 0.565613695	         0.055927755	         0.036774514	         0.092702269
 17379	    -3622000	 0.064542849	34.170271479	152.540167154	175.114500497	 0.570961603	         0.062551409	         0.042518963	         0.105070372
 17380	    -3621000	 0.063471898	34.263349256	159.158313735	175.065919694	 0.575798573	         0.069377055	         0.048570504	         0.117947559
 17381	    -3620000	 0.062357284	34.345183829	165.677732334	174.988677660	 0.580052809	         0.076261722	         0.054827453	         0.131089175
 17382	    -3619000	 0.061278487	34.416018319	172.288205097	174.893663181	 0.583736010	         0.083428083	         0.061493132	         0.144921215
 17383	    -3618000	 0.060141785	34.476622903	178.996248232	174.778635748	 0.586887657	         0.090748959	         0.068469951	         0.159218910
 17384	    -3617000	 0.058889274	34.525921038	-174.365059345	174.643004769	 0.589451452	         0.097495310	         0.075035675	         0.172530985
 17385	    -3616000	 0.057733299	34.565215705	-167.706390338	174.524741653	 0.591495017	         0.104481167	         0.081962354	         0.186443520
 17386	    -3615000	 0.056614552	34.594082407	-161.064034280	174.397435607	 0.592996237	         0.111040518	         0.088584350	         0.199624867
 17387	    -3614000	 0.055368980	34.612145834	-154.288574165	174.252884615	 0.593935609	         0.116605898	         0.094306163	         0.210912062
 17388	    -3613000	 0.054015113	34.620819544	-147.600113794	174.123167526	 0.594386670	         0.121698316	         0.099615872	         0.221314188
 17389	    -3612000	 0.052771341	34.619070649	-141.060280080	174.005119332	 0.594295722	         0.125878896	         0.104002231	         0.229881128
 17390	    -3611000	 0.051497875	34.607180152	-134.331840927	173.879479847	 0.593677376	         0.129264910	         0.107624460	         0.236889369
 17391	    -3610000	 0.050058044	34.585694784	-127.587596998	173.763743942	 0.592560041	         0.131020918	         0.109522033	         0.240542952
 17392	    -3609000	 0.048570254	34.553868779	-120.862782201	173.652752403	 0.590904910	         0.131603886	         0.110177412	         0.241781298
 17393	    -3608000	 0.047215053	34.512486255	-114.094758243	173.541567841	 0.588752759	         0.131326946	         0.109923248	         0.241250194
 17394	    -3607000	 0.045623815	34.460892127	-107.100274049	173.438405703	 0.586069580	         0.129410796	         0.107908275	         0.237319071
 17395	    -3606000	 0.044202120	34.398646826	-100.262680178	173.334884565	 0.582832686	         0.126824078	         0.105234207	         0.232058285
 17396	    -3605000	 0.042796567	34.326882707	-93.271565326	173.225576500	 0.579101309	         0.122365884	         0.100612154	         0.222978038
 17397	    -3604000	 0.041382397	34.244153569	-86.005915995	173.117900085	 0.574800860	         0.116979328	         0.095028971	         0.212008299
 17398	    -3603000	 0.039848290	34.150683984	-79.006391902	172.996960380	 0.569943994	         0.109777245	         0.087595931	         0.197373176
 17399	    -3602000	 0.038494774	34.046930256	-71.799418633	172.875178204	 0.564555848	         0.102206840	         0.079918493	         0.182125333
 17400	    -3601000	 0.037184788	33.931675228	-64.541874842	172.740261670	 0.558575267	         0.093307187	         0.070939572	         0.164246759
 17401	    -3600000	 0.035802195	33.805686249	-57.035542932	172.571465193	 0.552044885	         0.082781470	         0.060462395	         0.143243865
 17402	    -3599000	 0.034432729	33.668159901	-49.606542211	172.386067531	 0.544926783	         0.072012388	         0.049967375	         0.121979762
 17403	    -3598000	 0.033123476	33.519007281	-42.110619105	172.210916251	 0.537221273	         0.063366759	         0.041903485	         0.105270243
 17404	    -3597000	 0.031974871	33.358997954	-34.303473966	172.049647090	 0.528974186	         0.056242842	         0.035521933	         0.091764775
 17405	    -3596000	 0.030661864	33.186626871	-26.355855966	171.871420033	 0.520115624	         0.049422554	         0.029591321	         0.079013875
 17406	    -3595000	 0.029564317	33.002710214	-18.349919606	171.685897072	 0.510697043	         0.043385713	         0.024520137	         0.067905850
 17407	    -3594000	 0.028582754	32.807680919	-10.063988140	171.500273748	 0.500751646	         0.038100572	         0.020239283	         0.058339855
 17408	    -3593000	 0.027587087	32.600199682	-1.586867474	171.301967049	 0.490224519	         0.033277839	         0.016450249	         0.049728088
 17409	    -3592000	 0.026744254	32.381806889	 6.685093861	171.083758973	 0.479209339	         0.029075607	         0.013245609	         0.042321216
 17410	    -3591000	 0.026124973	32.152014451	15.190390963	170.847534991	 0.467698897	         0.025318946	         0.010445501	         0.035764447
 17411	    -3590000	 0.025449483	31.910295688	24.035344924	170.601526852	 0.455687230	         0.021998881	         0.008201551	         0.030200432
 17412	    -3589000	 0.024802689	31.658320710	32.603377430	170.336793471	 0.443279626	         0.019068203	         0.006520503	         0.025588706
 17413	    -3588000	 0.024362879	31.394878766	41.072780149	170.050305686	 0.430441055	         0.016543536	         0.005219853	         0.021763388
 17414	    -3587000	 0.024005399	31.120677513	49.906258131	169.739805184	 0.417233572	         0.014313637	         0.004175773	         0.018489410
 17415	    -3586000	 0.023642828	30.836515436	58.852245939	169.415400931	 0.403724488	         0.012383594	         0.003339465	         0.015723060
 17416	    -3585000	 0.023383396	30.541487264	67.602886481	169.073253243	 0.389902180	         0.010703367	         0.002664727	         0.013368094
 17417	    -3584000	 0.023264580	30.237000007	76.447552472	168.713916942	 0.375865762	         0.009261336	         0.002125279	         0.011386615
 17418	    -3583000	 0.023281137	29.922664374	85.398365868	168.331357556	 0.361631488	         0.007980255	         0.001676148	         0.009656403
 17419	    -3582000	 0.023414852	29.598623462	94.391106588	167.919888958	 0.347242252	         0.006885341	         0.001319918	         0.008205259
 17420	    -3581000	 0.023645967	29.266561143	102.956634738	167.489421303	 0.332808427	         0.005915958	         0.001020733	         0.006936690
 17421	    -3580000	 0.024176474	28.925118774	111.644206468	167.053620808	 0.318307390	         0.005098802	         0.000788581	         0.005887382
 17422	    -3579000	 0.024610108	28.575688421	120.051720078	166.582642846	 0.303835597	         0.004364350	         0.000590252	         0.004954602
 17423	    -3578000	 0.025199116	28.219744418	128.053085810	166.104429883	 0.289487441	         0.003740395	         0.000433200	         0.004173595
 17424	    -3577000	 0.026008960	27.855825890	135.723354596	165.594941357	 0.275259717	         0.003177403	         0.000303206	         0.003480609
 17425	    -3576000	 0.026754555	27.486224402	143.641004716	165.072391096	 0.261475469	         0.002702272	         0.000204077	         0.002906349
 17426	    -3575000	 0.027514573	27.111533671	150.858418496	164.539224907	 0.248205854	         0.002290217	         0.000127624	         0.002417842
 17427	    -3574000	 0.028414047	26.731758916	157.987578156	163.998637609	 0.235443217	         0.001932374	         0.000071864	         0.002004238
 17428	    -3573000	 0.029421496	26.349133677	165.064932491	163.446061591	 0.223248357	         0.001628410	         0.000033294	         0.001661704
 17429	    -3572000	 0.030278148	25.963393235	172.051744842	162.871478655	 0.211593491	         0.001359145	         0.000008754	         0.001367899
 17430	    -3571000	 0.031306333	25.576490839	178.712458883	162.292072139	 0.200514689	         0.001127669	         0.000000000	         0.001127669
 17431	    -3570000	 0.032399690	25.189962330	-174.783696668	161.715928121	 0.190025836	         0.000931625	         0.000000000	         0.000931625
 17432	    -3569000	 0.033504448	24.803432291	-168.170283655	161.124864299	 0.180085613	         0.000764853	         0.000000000	         0.000764853
 17433	    -3568000	 0.034659856	24.420310070	-161.906183470	160.522510767	 0.170746223	         0.000618359	         0.000000000	         0.000618359
 17434	    -3567000	 0.035812942	24.041272019	-155.737161377	159.795050942	 0.161983113	         0.000480035	         0.000000000	         0.000480035
 17435	    -3566000	 0.037091886	23.666814193	-149.709400538	159.226709702	 0.153767612	         0.000383780	         0.000000000	         0.000383780
 17436	    -3565000	 0.038251228	23.300847132	-143.713908752	158.682556927	 0.146141164	         0.000306597	         0.000000000	         0.000306597
 17437	    -3564000	 0.039464632	22.943139084	-138.020247985	158.141993321	 0.139052507	         0.000241013	         0.000000000	         0.000241013
 17438	    -3563000	 0.040797141	22.595858062	-132.248618222	157.604658898	 0.132499590	         0.000187512	         0.000000000	         0.000187512
 17439	    -3562000	 0.042046339	22.262238455	-126.418899502	157.096112838	 0.126495461	         0.000145207	         0.000000000	         0.000145207
 17440	    -3561000	 0.043218363	21.942102055	-120.948997939	156.603185581	 0.120989948	         0.000111103	         0.000000000	         0.000111103
 17441	    -3560000	 0.044630211	21.638672075	-115.512869432	156.133539178	 0.115993099	         0.000084837	         0.000000000	         0.000084837
 17442	    -3559000	 0.046013602	21.353637861	-109.941953559	155.672869158	 0.111487329	         0.000062956	         0.000000000	         0.000062956
 17443	    -3558000	 0.047339229	21.088014314	-104.607903734	155.251947712	 0.107446094	         0.000046965	         0.000000000	         0.000046965
 17444	    -3557000	 0.048750414	20.845081916	-99.414433070	154.861978149	 0.103878471	         0.000034905	         0.000000000	         0.000034905
 17445	    -3556000	 0.050259537	20.625191889	-94.282934739	154.481212392	 0.100751486	         0.000025112	         0.000000000	         0.000025112
 17446	    -3555000	 0.051677116	20.430279444	-89.238621897	154.181896472	 0.098058488	         0.000018869	         0.000000000	         0.000018869
 17447	    -3554000	 0.053109957	20.262840941	-84.337470734	153.888985085	 0.095802633	         0.000013779	         0.000000000	         0.000013779
 17448	    -3553000	 0.054543304	20.122694582	-79.575937382	153.654578696	 0.093954425	         0.000010222	         0.000000000	         0.000010222
 17449	    -3552000	 0.055855529	20.012207633	-74.762570658	153.447466536	 0.092522526	         0.000007588	         0.000000000	         0.000007588
 17450	    -3551000	 0.057102538	19.932134242	-70.061750269	153.300180099	 0.091498441	         0.000005961	         0.000000000	         0.000005961
 17451	    -3550000	 0.058273514	19.882699209	-65.408832452	153.203149272	 0.090871868	         0.000004934	         0.000000000	         0.000004934
 17452	    -3549000	 0.059507217	19.865922766	-60.650453052	153.156009772	 0.090660208	         0.000004517	         0.000000000	         0.000004517
 17453	    -3548000	 0.060463816	19.880713792	-55.825639799	153.143791420	 0.090846793	         0.000004366	         0.000000000	         0.000004366
 17454	    -3547000	 0.061463200	19.927891590	-51.037269276	153.210151950	 0.091444498	         0.000004917	         0.000000000	         0.000004917
 17455	    -3546000	 0.062534633	20.007973218	-46.271701678	153.315155827	 0.092468085	         0.000005971	         0.000000000	         0.000005971
 17456	    -3545000	 0.063490178	20.119457783	-41.137710610	153.482366911	 0.093912163	         0.000007891	         0.000000000	         0.000007891
 17457	    -3544000	 0.064407402	20.262989920	-36.211671564	153.716894544	 0.095804617	         0.000010898	         0.000000000	         0.000010898
 17458	    -3543000	 0.065385414	20.437247660	-31.168209666	153.995147460	 0.098153512	         0.000015194	         0.000000000	         0.000015194
 17459	    -3542000	 0.066400541	20.640996546	-26.010431283	154.301650854	 0.100973065	         0.000020683	         0.000000000	         0.000020683
 17460	    -3541000	 0.067264314	20.874390140	-20.888448604	154.667680804	 0.104302519	         0.000028693	         0.000000000	         0.000028693
 17461	    -3540000	 0.068212857	21.134570865	-15.695894686	155.096774544	 0.108143671	         0.000039485	         0.000000000	         0.000039485
 17462	    -3539000	 0.069095166	21.420354695	-10.481933817	155.544721430	 0.112526031	         0.000053269	         0.000000000	         0.000053269
 17463	    -3538000	 0.069875402	21.731059778	-5.143985500	156.061793042	 0.117492275	         0.000072136	         0.000000000	         0.000072136
 17464	    -3537000	 0.070574979	22.063518891	 0.128272484	156.606373286	 0.123049216	         0.000096025	         0.000000000	         0.000096025
 17465	    -3536000	 0.071251828	22.416490328	 5.486887615	157.179710514	 0.129236936	         0.000125230	         0.000000000	         0.000125230
 17466	    -3535000	 0.071919075	22.787671386	10.968048841	157.802582856	 0.136079817	         0.000162127	         0.000000000	         0.000162127
 17467	    -3534000	 0.072288004	23.174859578	16.491499379	158.470058210	 0.143604179	         0.000209237	         0.000000000	         0.000209237
 17468	    -3533000	 0.072678929	23.576526557	22.011332219	159.156442043	 0.151849891	         0.000265976	         0.000000000	         0.000265976
 17469	    -3532000	 0.073047117	23.989349266	27.644021839	159.860402817	 0.160818247	         0.000332512	         0.000000000	         0.000332512
 17470	    -3531000	 0.073202816	24.411777063	33.423962314	160.588666070	 0.170543823	         0.000412825	         0.000000000	         0.000412825
 17471	    -3530000	 0.073231208	24.842162897	39.165143050	161.329893868	 0.181057728	         0.000509155	         0.000000000	         0.000509155
 17472	    -3529000	 0.073324228	25.277847451	44.944694229	162.088712455	 0.192361435	         0.000627197	         0.000000000	         0.000627197
 17473	    -3528000	 0.073161118	25.717376967	50.986021971	162.845784933	 0.204480104	         0.000765290	         0.000000000	         0.000765290
 17474	    -3527000	 0.072879494	26.158772219	56.964756591	163.591469808	 0.217418620	         0.000932416	         0.000002923	         0.000935339
 17475	    -3526000	 0.072579731	26.601040722	63.037386476	164.458047905	 0.231203885	         0.001155747	         0.000021809	         0.001177556
 17476	    -3525000	 0.072223487	27.043120788	69.261015390	165.215432392	 0.245856755	         0.001405503	         0.000053505	         0.001459008
 17477	    -3524000	 0.071685618	27.482475877	75.548133104	165.935277456	 0.261339264	         0.001715765	         0.000102266	         0.001818032
 17478	    -3523000	 0.071208035	27.919258280	81.921044144	166.644577933	 0.277697441	         0.002101336	         0.000173944	         0.002275280
 17479	    -3522000	 0.070660307	28.352691921	88.297571830	167.306007260	 0.294799532	         0.002567910	         0.000270806	         0.002838716
 17480	    -3521000	 0.070064850	28.780774274	94.860327171	167.931719919	 0.312283530	         0.003153028	         0.000406074	         0.003559101
 17481	    -3520000	 0.069430808	29.203580262	101.349566910	168.532639753	 0.330107335	         0.003905404	         0.000595772	         0.004501175
 17482	    -3519000	 0.068750802	29.619671961	107.806421142	169.089465552	 0.348167923	         0.004842798	         0.000852597	         0.005695396
 17483	    -3518000	 0.068179120	30.028461662	114.424297090	169.610701147	 0.366392600	         0.006019529	         0.001204163	         0.007223692
 17484	    -3517000	 0.067267839	30.429660242	120.964807136	170.080364904	 0.384719468	         0.007495289	         0.001683142	         0.009178431
 17485	    -3516000	 0.066394958	30.820628516	127.474458601	170.535291346	 0.402974795	         0.009338311	         0.002338355	         0.011676666
 17486	    -3515000	 0.065518492	31.201498735	133.932635055	170.920254151	 0.421109410	         0.011604609	         0.003233214	         0.014837823
 17487	    -3514000	 0.064400959	31.572066750	140.619833556	171.306176833	 0.439060614	         0.014536913	         0.004526070	         0.019062982
 17488	    -3513000	 0.063160483	31.929512225	147.154470082	171.656887078	 0.456638354	         0.018093912	         0.006314957	         0.024408869
 17489	    -3512000	 0.061871543	32.273538061	153.785134024	171.984484509	 0.473775463	         0.022484186	         0.008953742	         0.031437928
 17490	    -3511000	 0.060531266	32.603753604	160.551942561	172.278870074	 0.490404343	         0.027943908	         0.012949734	         0.040893641
 17491	    -3510000	 0.058948279	32.918993863	167.343679598	172.555401880	 0.506422367	         0.034536923	         0.017936219	         0.052473143
 17492	    -3509000	 0.057530362	33.218522257	174.254977217	172.822693766	 0.521752638	         0.042684331	         0.024450953	         0.067135284
 17493	    -3508000	 0.056023242	33.501119408	-178.723285272	173.079029452	 0.536298266	         0.052777975	         0.033004821	         0.085782796
 17494	    -3507000	 0.054434924	33.767438458	-171.572607189	173.359308237	 0.550064095	         0.066433735	         0.045366791	         0.111800525
 17495	    -3506000	 0.052940113	34.017109251	-164.453323833	173.642375282	 0.563007904	         0.083450005	         0.061665152	         0.145115158
 17496	    -3505000	 0.051473173	34.248732463	-157.270866997	173.836461181	 0.575038844	         0.097510936	         0.075330251	         0.172841187
 17497	    -3504000	 0.050065887	34.463511742	-149.917648310	173.998805894	 0.586205812	         0.111203519	         0.088942365	         0.200145885
 17498	    -3503000	 0.048468343	34.661297392	-142.488905867	174.148869680	 0.596491566	         0.123940795	         0.101831714	         0.225772510
 17499	    -3502000	 0.046966844	34.841628357	-135.261738235	174.285990850	 0.605866081	         0.135355887	         0.113542773	         0.248898660
 17500	    -3501000	 0.045568044	35.005360679	-127.802767950	174.400216621	 0.614370618	         0.145615009	         0.124213819	         0.269828827
 17501	    -3500000	 0.044031404	35.151854996	-120.149305441	174.518971745	 0.621970956	         0.155012301	         0.134029636	         0.289041937
 17502	    -3499000	 0.042477118	35.281998231	-112.595401194	174.632203862	 0.628713750	         0.162356803	         0.141679735	         0.304036538
 17503	    -3498000	 0.041024395	35.396079930	-104.907683274	174.748201865	 0.634615698	         0.168898878	         0.148504743	         0.317403621
 17504	    -3497000	 0.039498612	35.493024079	-96.921030532	174.849780469	 0.639623666	         0.173085062	         0.152840823	         0.325925885
 17505	    -3496000	 0.038020456	35.574060368	-89.042494025	174.958714419	 0.643804051	         0.175266505	         0.154959249	         0.330225754
 17506	    -3495000	 0.036629296	35.638828912	-80.938312350	175.058924877	 0.647141102	         0.175625708	         0.155156666	         0.330782374
 17507	    -3494000	 0.035353744	35.686951550	-72.549542404	175.142602184	 0.649617977	         0.173919636	         0.153109457	         0.327029093
 17508	    -3493000	 0.033914993	35.719349210	-64.059931548	175.243449562	 0.651284215	         0.170301782	         0.148988578	         0.319290360
 17509	    -3492000	 0.032659790	35.735081423	-55.544580705	175.338181898	 0.652092956	         0.166184506	         0.144397929	         0.310582435
 17510	    -3491000	 0.031532473	35.734908820	-46.855648256	175.421092452	 0.652084084	         0.161003681	         0.138738895	         0.299742576
 17511	    -3490000	 0.030449098	35.719301357	-37.760239994	175.497200657	 0.651281755	         0.154856257	         0.132070027	         0.286926284
 17512	    -3489000	 0.029408899	35.687168636	-28.516708283	175.554091717	 0.649629145	         0.147551262	         0.124324530	         0.271875792
 17513	    -3488000	 0.028411351	35.640119187	-19.220219489	175.624356789	 0.647207541	         0.140547761	         0.116914710	         0.257462471
 17514	    -3487000	 0.027739908	35.578197036	-9.710291215	175.660477776	 0.644017296	         0.132725765	         0.108825633	         0.241551398
 17515	    -3486000	 0.027042307	35.501053316	 0.281446703	175.696117383	 0.640038112	         0.124694591	         0.100658222	         0.225352813
 17516	    -3485000	 0.026585833	35.410348565	10.051139477	175.700180676	 0.635353239	         0.116830077	         0.092800635	         0.209630712
 17517	    -3484000	 0.026308734	35.305403438	19.815566563	175.713079728	 0.629925312	         0.109605457	         0.085682292	         0.195287749
 17518	    -3483000	 0.026207209	35.187030203	29.989981110	175.678842482	 0.623794345	         0.101940869	         0.078289848	         0.180230717
 17519	    -3482000	 0.026112510	35.056399890	39.501728360	175.612816628	 0.617019700	         0.094934257	         0.071658439	         0.166592696
 17520	    -3481000	 0.026322102	34.912664312	48.956741962	175.531251361	 0.609556869	         0.088116289	         0.065304220	         0.153420509
 17521	    -3480000	 0.026588500	34.757187320	58.363826349	175.407326986	 0.601477151	         0.081441613	         0.059192246	         0.140633860
 17522	    -3479000	 0.026845406	34.590115798	67.651855521	175.256828617	 0.592789955	         0.075328065	         0.053698302	         0.129026367
 17523	    -3478000	 0.027190796	34.411287285	76.432671491	175.058303378	 0.583489992	         0.069438284	         0.048459611	         0.117897895
 17524	    -3477000	 0.027660540	34.222135881	85.163774027	174.822296115	 0.573656574	         0.063277094	         0.043029336	         0.106306430
 17525	    -3476000	 0.028233631	34.021762851	93.897191606	174.542583181	 0.563249439	         0.057145340	         0.037663762	         0.094809102
 17526	    -3475000	 0.028737122	33.810971887	102.386690818	174.171521137	 0.552318685	         0.049802831	         0.031204938	         0.081007769
 17527	    -3474000	 0.029387350	33.590810935	110.628826063	173.756562653	 0.540928777	         0.042521532	         0.024872475	         0.067394007
 17528	    -3473000	 0.030175188	33.359885677	118.672442876	173.370323358	 0.529019880	         0.037520558	         0.020706196	         0.058226754
 17529	    -3472000	 0.030993139	33.119730032	126.734607835	172.967568435	 0.516685561	         0.033536093	         0.017471408	         0.051007501
 17530	    -3471000	 0.031849336	32.870430951	134.341280297	172.559051776	 0.503946500	         0.030309845	         0.014899139	         0.045208984
 17531	    -3470000	 0.032862740	32.611169708	141.690314071	172.128296622	 0.490779646	         0.027271200	         0.012471437	         0.039742637
 17532	    -3469000	 0.033890492	32.343598879	149.067291396	171.687323023	 0.477289618	         0.024764100	         0.010480554	         0.035244654
 17533	    -3468000	 0.034841575	32.066877491	156.107393873	171.220869686	 0.463456544	         0.022474136	         0.008686065	         0.031160200
 17534	    -3467000	 0.035939687	31.781285768	162.727027819	170.757780359	 0.449319540	         0.020377940	         0.007294490	         0.027672429
 17535	    -3466000	 0.037076913	31.487881948	169.590154334	170.272979145	 0.434957260	         0.018537692	         0.006186447	         0.024724139
 17536	    -3465000	 0.038052469	31.185621467	176.163316073	169.779111365	 0.420346860	         0.016823050	         0.005246608	         0.022069658
 17537	    -3464000	 0.039135373	30.875821616	-177.485450414	169.271574116	 0.405581898	         0.015240868	         0.004438885	         0.019679753
 17538	    -3463000	 0.040298148	30.558375502	-171.141086175	168.766825168	 0.390687620	         0.013794041	         0.003745407	         0.017539448
 17539	    -3462000	 0.041384197	30.232868125	-164.784295268	168.259145335	 0.375676941	         0.012484393	         0.003160290	         0.015644683
 17540	    -3461000	 0.042510655	29.901391999	-158.611778910	167.722141403	 0.360677888	         0.011186551	         0.002616002	         0.013802554
 17541	    -3460000	 0.043614095	29.562549198	-152.599235470	167.201050206	 0.345658727	         0.010006243	         0.002152301	         0.012158544
 17542	    -3459000	 0.044892971	29.216926161	-146.501727827	166.677120071	 0.330678723	         0.008945277	         0.001762220	         0.010707497
 17543	    -3458000	 0.046026730	28.866552216	-140.555072137	166.140918422	 0.315855549	         0.007945763	         0.001420484	         0.009366247
 17544	    -3457000	 0.047153531	28.509721744	-134.669440409	165.604347350	 0.301146217	         0.007000972	         0.001117568	         0.008118540
 17545	    -3456000	 0.048414310	28.147819349	-128.928540247	165.066638976	 0.286637161	         0.006125884	         0.000856099	         0.006981983
 17546	    -3455000	 0.049532071	27.781791354	-123.061916086	164.529743748	 0.272441599	         0.005325477	         0.000635171	         0.005960648
 17547	    -3454000	 0.050652736	27.410960577	-117.429754953	164.001200661	 0.258754258	         0.004607550	         0.000456415	         0.005063965
 17548	    -3453000	 0.051790771	27.036994425	-111.757038441	163.463351631	 0.245647481	         0.003940398	         0.000306497	         0.004246895
 17549	    -3452000	 0.052987974	26.659457789	-105.951969171	162.911914402	 0.233088897	         0.003333034	         0.000188408	         0.003521442
 17550	    -3451000	 0.053940468	26.279305963	-100.278808779	162.365024607	 0.221091979	         0.002778501	         0.000099988	         0.002878489
 17551	    -3450000	 0.055133499	25.897778481	-94.692132202	161.823446171	 0.209672437	         0.002307918	         0.000041478	         0.002349396
 17552	    -3449000	 0.056379440	25.513817625	-88.994096281	161.270303889	 0.198775476	         0.001884882	         0.000007278	         0.001892160
 17553	    -3448000	 0.057477520	25.129694948	-83.290657527	160.726370092	 0.188440607	         0.001521368	         0.000000000	         0.001521368
 17554	    -3447000	 0.058693564	24.745738426	-77.761821640	160.186428926	 0.178647202	         0.001219745	         0.000000000	         0.001219745
 17555	    -3446000	 0.059902063	24.361759768	-72.272980284	159.633726891	 0.169362246	         0.000955004	         0.000000000	         0.000955004
 17556	    -3445000	 0.061167148	23.980425447	-66.763300724	159.063546469	 0.160618890	         0.000731700	         0.000000000	         0.000731700
 17557	    -3444000	 0.062368525	23.601051867	-61.387437905	158.307142320	 0.152368433	         0.000520618	         0.000000000	         0.000520618
 17558	    -3443000	 0.063533235	23.225080999	-56.108739276	157.810391067	 0.144610155	         0.000391628	         0.000000000	         0.000391628
 17559	    -3442000	 0.064720161	22.854778367	-50.849478729	157.311790813	 0.137355090	         0.000288988	         0.000000000	         0.000288988
 17560	    -3441000	 0.065759774	22.489503482	-45.594178049	156.819918326	 0.130555218	         0.000208374	         0.000000000	         0.000208374
 17561	    -3440000	 0.066742146	22.132075179	-40.534357364	156.338692344	 0.124227396	         0.000147907	         0.000000000	         0.000147907
 17562	    -3439000	 0.067799623	21.783617394	-35.435843988	155.876309803	 0.118353759	         0.000102120	         0.000000000	         0.000102120
 17563	    -3438000	 0.068637947	21.444789093	-30.271695978	155.414153440	 0.112908862	         0.000067595	         0.000000000	         0.000067595
 17564	    -3437000	 0.069420497	21.119117172	-25.245706003	154.982788257	 0.107911621	         0.000043747	         0.000000000	         0.000043747
 17565	    -3436000	 0.070229378	20.806483131	-20.315008817	154.551085848	 0.103322631	         0.000026244	         0.000000000	         0.000026244
 17566	    -3435000	 0.071037309	20.509440022	-15.204785516	154.158342166	 0.099143415	         0.000014511	         0.000000000	         0.000014511
 17567	    -3434000	 0.071624054	20.231399958	-10.261417068	153.773582291	 0.095384861	         0.000006689	         0.000000000	         0.000006689
 17568	    -3433000	 0.072243906	19.971864537	-5.321522157	153.413353336	 0.092005140	         0.000002048	         0.000000000	         0.000002048
 17569	    -3432000	 0.072936168	19.734478291	-0.423650501	153.104500203	 0.089018816	         0.000000031	         0.000000000	         0.000000031
 17570	    -3431000	 0.073395923	19.521592801	 4.503367599	152.794613242	 0.086423245	         0.000000000	         0.000000000	         0.000000000
 17571	    -3430000	 0.073926509	19.333784537	 9.349826721	152.556245719	 0.084196330	         0.000000000	         0.000000000	         0.000000000
 17572	    -3429000	 0.074347387	19.174133280	14.182725192	152.361983254	 0.082348464	         0.000000000	         0.000000000	         0.000000000
 17573	    -3428000	 0.074771619	19.043389245	19.068553418	152.209315899	 0.080865427	         0.000000000	         0.000000000	         0.000000000
 17574	    -3427000	 0.075070295	18.943810066	23.881408303	152.092572794	 0.079753839	         0.000000000	         0.000000000	         0.000000000
 17575	    -3426000	 0.075347795	18.876722629	28.709356078	152.059005920	 0.079013579	         0.000000000	         0.000000000	         0.000000000
 17576	    -3425000	 0.075760169	18.841571097	33.512738422	152.087873764	 0.078628455	         0.000000000	         0.000000000	         0.000000000
 17577	    -3424000	 0.075880783	18.841312352	38.438159510	152.174964752	 0.078625627	         0.000000000	         0.000000000	         0.000000000
 17578	    -3423000	 0.076099366	18.875203839	43.194142493	152.334017863	 0.078996900	         0.000000000	         0.000000000	         0.000000000
 17579	    -3422000	 0.076282045	18.942525842	47.964175626	152.542979778	 0.079739604	         0.000000000	         0.000000000	         0.000000000
 17580	    -3421000	 0.076379753	19.045133560	52.889157793	152.852553745	 0.080885036	         0.000000000	         0.000000000	         0.000000000
 17581	    -3420000	 0.076271710	19.180490178	57.650753440	153.188985727	 0.082421260	         0.000000000	         0.000000000	         0.000000000
 17582	    -3419000	 0.076157990	19.348925181	62.476642404	153.559607996	 0.084373712	         0.000000000	         0.000000000	         0.000000000
 17583	    -3418000	 0.075922934	19.550079418	67.419442710	154.023674515	 0.086766128	         0.000000000	         0.000000000	         0.000000000
 17584	    -3417000	 0.075434577	19.780872844	72.420142928	154.482406244	 0.089594739	         0.000000000	         0.000000000	         0.000000000
 17585	    -3416000	 0.074886177	20.042344573	77.438200399	155.013694228	 0.092910919	         0.000000000	         0.000000000	         0.000000000
 17586	    -3415000	 0.074220848	20.332048449	82.620072919	155.545659912	 0.096728687	         0.000000000	         0.000000000	         0.000000000
 17587	    -3414000	 0.073396220	20.647852179	88.004439930	156.117266128	 0.101069332	         0.000000395	         0.000000000	         0.000000395
 17588	    -3413000	 0.072497284	20.990127151	93.469656524	156.700582464	 0.105994049	         0.000004146	         0.000000000	         0.000004146
 17589	    -3412000	 0.071534523	21.355475536	99.092731964	157.290169562	 0.111515810	         0.000011472	         0.000000000	         0.000011472
 17590	    -3411000	 0.070592039	21.743471769	104.941728490	157.896259782	 0.117695156	         0.000024220	         0.000000000	         0.000024220
 17591	    -3410000	 0.069564771	22.153016357	110.913724790	158.494900768	 0.124589527	         0.000043409	         0.000000000	         0.000043409
 17592	    -3409000	 0.068550779	22.580367309	116.942565203	159.091078278	 0.132214597	         0.000072824	         0.000000000	         0.000072824
 17593	    -3408000	 0.067731591	23.026363836	123.107002544	159.695976381	 0.140670440	         0.000115920	         0.000000000	         0.000115920
 17594	    -3407000	 0.066638104	23.488441193	129.478319694	160.280289784	 0.150001997	         0.000178546	         0.000000000	         0.000178546
 17595	    -3406000	 0.065594190	23.963634029	135.773334079	160.867233434	 0.160244442	         0.000269280	         0.000000000	         0.000269280
 17596	    -3405000	 0.064615427	24.451914442	142.077831789	161.452095020	 0.171497963	         0.000397988	         0.000000000	         0.000397988
 17597	    -3404000	 0.063567540	24.949995591	148.643207661	162.003010812	 0.183791997	         0.000578386	         0.000000000	         0.000578386
 17598	    -3403000	 0.062318991	25.456885732	155.134776310	162.738960689	 0.197208668	         0.000859300	         0.000000000	         0.000859300
 17599	    -3402000	 0.061070770	25.969837809	161.726447837	163.334233869	 0.211783120	         0.001228613	         0.000007017	         0.001235630
 17600	    -3401000	 0.059762719	26.485914662	168.406616054	163.912424294	 0.227533486	         0.001733460	         0.000047056	         0.001780516
 17601	    -3400000	 0.058265387	27.005707872	175.251130188	164.472261805	 0.244581521	         0.002423163	         0.000134720	         0.002557883
 17602	    -3399000	 0.056832602	27.524682900	-177.812579090	165.017682331	 0.262876989	         0.003335001	         0.000289113	         0.003624114
 17603	    -3398000	 0.055310793	28.040719436	-170.764450575	165.547542459	 0.282423814	         0.004529926	         0.000539942	         0.005069869
 17604	    -3397000	 0.053763890	28.554823547	-163.385451481	166.071894012	 0.302983484	         0.006120237	         0.000936072	         0.007056308
 17605	    -3396000	 0.052165242	29.062499905	-156.067143624	166.599546178	 0.324099744	         0.008135019	         0.001515636	         0.009650654
 17606	    -3395000	 0.050591107	29.562844960	-148.501298042	167.104010434	 0.345671694	         0.010650369	         0.002345918	         0.012996287
 17607	    -3394000	 0.049193847	30.055966849	-140.784467455	167.623896088	 0.367635384	         0.013830654	         0.003556838	         0.017387492
 17608	    -3393000	 0.047613872	30.538926285	-132.667456604	168.132792655	 0.389783136	         0.017696205	         0.005263572	         0.022959778
 17609	    -3392000	 0.046170646	31.012065106	-124.678273436	168.664437153	 0.412048130	         0.022395201	         0.007713329	         0.030108529
 17610	    -3391000	 0.044849562	31.473588411	-116.456004230	169.198812895	 0.434262002	         0.028021481	         0.011377562	         0.039399043
 17611	    -3390000	 0.043700678	31.922662612	-107.904277598	169.731442169	 0.456299255	         0.034636623	         0.016656851	         0.051293473
 17612	    -3389000	 0.042403058	32.359789994	-99.368603848	170.281499638	 0.478102846	         0.042354210	         0.023044255	         0.065398465
 17613	    -3388000	 0.041396161	32.781998234	-90.729590536	170.846845937	 0.499445474	         0.051469739	         0.030896164	         0.082365903
 17614	    -3387000	 0.040423257	33.189963546	-81.831283420	171.432325067	 0.520286830	         0.062243482	         0.040607438	         0.102850920
 17615	    -3386000	 0.039509382	33.583355803	-73.000041303	172.047388009	 0.540543661	         0.075625519	         0.053240582	         0.128866101
 17616	    -3385000	 0.038746849	33.958884086	-64.133133737	172.740346990	 0.559986615	         0.095665461	         0.073298255	         0.168963716
 17617	    -3384000	 0.038081464	34.317837533	-55.191796838	173.338380424	 0.578631058	         0.110249313	         0.087847382	         0.198096695
 17618	    -3383000	 0.037377651	34.658855163	-46.011888998	173.908318168	 0.596364571	         0.121310070	         0.098768934	         0.220079004
 17619	    -3382000	 0.036703033	34.979452086	-36.959784761	174.437109815	 0.613025489	         0.129844064	         0.107067376	         0.236911440
 17620	    -3381000	 0.036120735	35.280632118	-27.891069801	174.928397490	 0.628643022	         0.135920383	         0.112839698	         0.248760081
 17621	    -3380000	 0.035708473	35.560291750	-18.560341693	175.422653040	 0.643094170	         0.140629923	         0.117177752	         0.257807675
 17622	    -3379000	 0.035294966	35.818016288	-8.947723482	175.894608558	 0.656352098	         0.143442764	         0.119564290	         0.263007054
 17623	    -3378000	 0.034957621	36.053537555	 0.513047910	176.338584643	 0.668404595	         0.144804000	         0.120472156	         0.265276156
 17624	    -3377000	 0.034867664	36.264881879	 9.993701212	176.761587121	 0.679158601	         0.145135545	         0.120369442	         0.265504986
 17625	    -3376000	 0.034968124	36.453559452	19.719194459	177.164489970	 0.688703102	         0.144353893	         0.119138528	         0.263492420
 17626	    -3375000	 0.035165575	36.618570990	29.226899895	177.542604338	 0.697002054	         0.143166303	         0.117547984	         0.260714287
 17627	    -3374000	 0.035564571	36.758724785	38.472810891	177.866500129	 0.704012184	         0.141386918	         0.115435840	         0.256822758
 17628	    -3373000	 0.036249807	36.875872956	47.748049879	178.175358715	 0.709842462	         0.139186994	         0.112931970	         0.252118965
 17629	    -3372000	 0.036789601	36.969051504	56.611301660	178.426491841	 0.714459795	         0.137086656	         0.110619110	         0.247705765
 17630	    -3371000	 0.037552687	37.038521945	65.113735808	178.641873940	 0.717890284	         0.135040948	         0.108415391	         0.243456340
 17631	    -3370000	 0.038383391	37.085447238	73.442621455	178.800050309	 0.720201495	         0.132856303	         0.106138745	         0.238995048
 17632	    -3369000	 0.039142059	37.108374167	81.713088864	178.928487340	 0.721328926	         0.131150428	         0.104369731	         0.235520159
 17633	    -3368000	 0.039884101	37.109148027	89.605962059	178.995223429	 0.721366960	         0.129707342	         0.102916452	         0.232623794
 17634	    -3367000	 0.040596293	37.088012850	97.413666180	179.008855510	 0.720327718	         0.128671971	         0.101922478	         0.230594449
 17635	    -3366000	 0.041456118	37.043572941	105.086859856	178.964664818	 0.718139295	         0.127426277	         0.100774948	         0.228201225
 17636	    -3365000	 0.042113406	36.977947215	112.809812265	178.888463832	 0.714899652	         0.127126908	         0.100561856	         0.227688764
 17637	    -3364000	 0.042872368	36.890625680	120.323805680	178.752793201	 0.710574717	         0.126640602	         0.100215699	         0.226856302
 17638	    -3363000	 0.043670617	36.781401490	127.637546016	178.561416009	 0.705142894	         0.126250490	         0.100032629	         0.226283119
 17639	    -3362000	 0.044559501	36.651439312	135.171450102	178.328444174	 0.698649334	         0.126101825	         0.100115361	         0.226217186
 17640	    -3361000	 0.045344666	36.499870143	142.352634726	178.054209979	 0.691036964	         0.125849345	         0.100134048	         0.225983393
 17641	    -3360000	 0.046275551	36.328052902	149.465519263	177.737087053	 0.682360413	         0.125550148	         0.100126819	         0.225676968
 17642	    -3359000	 0.047287225	36.136669559	156.506792875	177.375176276	 0.672642090	         0.124907615	         0.099855332	         0.224762946
 17643	    -3358000	 0.048170110	35.924449607	163.445275021	176.967223854	 0.661806904	         0.123813008	         0.099155560	         0.222968568
 17644	    -3357000	 0.049135566	35.693572330	170.083275611	176.540925513	 0.649958574	         0.122371046	         0.098118101	         0.220489146
 17645	    -3356000	 0.050216525	35.444431603	176.829176087	176.066945427	 0.637114365	         0.120090000	         0.096275197	         0.216365197
 17646	    -3355000	 0.051168019	35.176676465	-176.520563941	175.571048541	 0.623257704	         0.117144759	         0.093769633	         0.210914393
 17647	    -3354000	 0.052124761	34.892262051	-170.127276624	175.035547492	 0.608496986	         0.112861529	         0.089924287	         0.202785816
 17648	    -3353000	 0.053161997	34.590733004	-163.740039187	174.466044360	 0.592822053	         0.107166017	         0.084626447	         0.191792464
 17649	    -3352000	 0.054220456	34.273638287	-157.354630734	173.852192373	 0.576333387	         0.099531105	         0.077341803	         0.176872908
 17650	    -3351000	 0.055171454	33.942327477	-151.101951682	173.197782460	 0.559127768	         0.088912447	         0.066948062	         0.155860509
 17651	    -3350000	 0.056119560	33.596039366	-144.950331828	172.439510041	 0.541198891	         0.072614451	         0.050675230	         0.123289682
 17652	    -3349000	 0.057176635	33.236976261	-138.889931065	171.748176218	 0.522700242	         0.062358224	         0.040939567	         0.103297791
 17653	    -3348000	 0.058154000	32.866490780	-132.776752491	171.094755928	 0.503745746	         0.054133767	         0.033374612	         0.087508378
 17654	    -3347000	 0.058998076	32.484400281	-126.798743268	170.456837924	 0.484375105	         0.047185822	         0.027171547	         0.074357368
 17655	    -3346000	 0.059957715	32.091979488	-120.954325174	169.822252693	 0.464706078	         0.040895125	         0.021686153	         0.062581277
 17656	    -3345000	 0.060796903	31.690279718	-114.936296709	169.196911771	 0.444846599	         0.035318029	         0.016935899	         0.052253928
 17657	    -3344000	 0.061547908	31.280618364	-109.093889276	168.584004831	 0.424917603	         0.030324206	         0.012667791	         0.042991998
 17658	    -3343000	 0.062308856	30.863471166	-103.225783412	167.972056874	 0.404997885	         0.025874924	         0.009438588	         0.035313512
 17659	    -3342000	 0.063151656	30.438753797	-97.246549890	167.376158303	 0.385139730	         0.021963522	         0.007111817	         0.029075339
 17660	    -3341000	 0.063755818	30.009044825	-91.285583283	166.796443124	 0.365516512	         0.018432728	         0.005294104	         0.023726832
 17661	    -3340000	 0.064541063	29.574269763	-85.409807570	166.225399792	 0.346172806	         0.015377540	         0.003912239	         0.019289779
 17662	    -3339000	 0.065367341	29.134323511	-79.526057662	165.644931221	 0.327150734	         0.012630671	         0.002806160	         0.015436832
 17663	    -3338000	 0.066151596	28.691251936	-73.473920571	165.069050726	 0.308579819	         0.010272665	         0.001967131	         0.012239796
 17664	    -3337000	 0.066949650	28.244712756	-67.648976741	164.510226848	 0.290480777	         0.008282789	         0.001336973	         0.009619761
 17665	    -3336000	 0.067737767	27.795922077	-61.806465276	163.948272842	 0.272977247	         0.006602935	         0.000867054	         0.007469989
 17666	    -3335000	 0.068686838	27.345744090	-55.986070910	163.378245909	 0.256419226	         0.005183224	         0.000521545	         0.005704768
 17667	    -3334000	 0.069504126	26.893689992	-50.231540790	162.821066330	 0.240802763	         0.004044706	         0.000290449	         0.004335154
 17668	    -3333000	 0.070300645	26.441735421	-44.541346654	162.264335446	 0.226140503	         0.003101938	         0.000134838	         0.003236777
 17669	    -3332000	 0.071113090	25.990571565	-38.955292903	161.691892563	 0.212394358	         0.002339878	         0.000043586	         0.002383463
 17670	    -3331000	 0.071842988	25.540098752	-33.264284158	161.127840230	 0.199502946	         0.001747973	         0.000003395	         0.001751368
 17671	    -3330000	 0.072406265	25.092130438	-27.792609353	160.561469484	 0.187459235	         0.001286987	         0.000000000	         0.001286987
 17672	    -3329000	 0.073080084	24.647180306	-22.266442487	159.945234602	 0.176216498	         0.000918050	         0.000000000	         0.000918050
 17673	    -3328000	 0.073660068	24.206514542	-16.653879480	159.274830542	 0.165746713	         0.000636773	         0.000000000	         0.000636773
 17674	    -3327000	 0.074014870	23.771326278	-11.162414932	158.768719042	 0.156017726	         0.000446631	         0.000000000	         0.000446631
 17675	    -3326000	 0.074449847	23.341971229	-5.721945235	158.271889766	 0.146978935	         0.000309375	         0.000000000	         0.000309375
 17676	    -3325000	 0.074894167	22.920781739	-0.202993534	157.773633337	 0.138621049	         0.000209687	         0.000000000	         0.000209687
 17677	    -3324000	 0.075141015	22.508605105	 5.313329142	157.285168415	 0.130902319	         0.000138240	         0.000000000	         0.000138240
 17678	    -3323000	 0.075376696	22.106269580	10.752094963	156.823985610	 0.123782594	         0.000088046	         0.000000000	         0.000088046
 17679	    -3322000	 0.075606119	21.715448151	16.161613999	156.352119188	 0.117237591	         0.000053280	         0.000000000	         0.000053280
 17680	    -3321000	 0.075745869	21.337240840	21.664542331	155.886564247	 0.111233518	         0.000029300	         0.000000000	         0.000029300
 17681	    -3320000	 0.075802194	20.973295275	27.084429099	155.455571422	 0.105746352	         0.000014476	         0.000000000	         0.000014476
 17682	    -3319000	 0.075801885	20.624069003	32.486133711	155.030179957	 0.100735762	         0.000005305	         0.000000000	         0.000005305
 17683	    -3318000	 0.075831381	20.290818599	37.942126269	154.614577931	 0.096175925	         0.000000550	         0.000000000	         0.000000550
 17684	    -3317000	 0.075726970	19.975778665	43.391545670	154.204973424	 0.092055211	         0.000000000	         0.000000000	         0.000000000
 17685	    -3316000	 0.075611891	19.678781541	48.822825521	153.838256500	 0.088332307	         0.000000000	         0.000000000	         0.000000000
 17686	    -3315000	 0.075584368	19.401153968	54.162213634	153.486073173	 0.084988477	         0.000000000	         0.000000000	         0.000000000
 17687	    -3314000	 0.075440197	19.144805234	59.700254196	153.151287783	 0.082013446	         0.000000000	         0.000000000	         0.000000000
 17688	    -3313000	 0.075277505	18.909629205	64.980126606	152.851908003	 0.079375816	         0.000000000	         0.000000000	         0.000000000
 17689	    -3312000	 0.075096588	18.697578420	70.241866936	152.584706837	 0.077070353	         0.000000000	         0.000000000	         0.000000000
 17690	    -3311000	 0.075005988	18.509118955	75.614455661	152.336744673	 0.075077643	         0.000000000	         0.000000000	         0.000000000
 17691	    -3310000	 0.074595064	18.344709740	80.814377889	152.119293124	 0.073381359	         0.000000000	         0.000000000	         0.000000000
 17692	    -3309000	 0.074298218	18.206553359	85.985982711	151.919818323	 0.071985607	         0.000000000	         0.000000000	         0.000000000
 17693	    -3308000	 0.073866748	18.094061625	91.136870178	151.779755002	 0.070868769	         0.000000000	         0.000000000	         0.000000000
 17694	    -3307000	 0.073267492	18.008544262	96.355680778	151.677354885	 0.070031345	         0.000000000	         0.000000000	         0.000000000
 17695	    -3306000	 0.072559339	17.951337744	101.515699664	151.618836804	 0.069476685	         0.000000000	         0.000000000	         0.000000000
 17696	    -3305000	 0.071711374	17.921978806	106.728065470	151.579607186	 0.069193736	         0.000000000	         0.000000000	         0.000000000
 17697	    -3304000	 0.070881213	17.922159329	112.095334542	151.588101114	 0.069195472	         0.000000000	         0.000000000	         0.000000000
 17698	    -3303000	 0.069792952	17.951657940	117.522841990	151.665101729	 0.069479777	         0.000000000	         0.000000000	         0.000000000
 17699	    -3302000	 0.068765467	18.010615281	123.078905348	151.779915806	 0.070051508	         0.000000000	         0.000000000	         0.000000000
 17700	    -3301000	 0.067745606	18.100630396	128.738536071	151.912451518	 0.070933506	         0.000000000	         0.000000000	         0.000000000
 17701	    -3300000	 0.066621532	18.219995129	134.643906104	152.066129087	 0.072120231	         0.000000000	         0.000000000	         0.000000000
 17702	    -3299000	 0.065535573	18.369484405	140.520405365	152.307997913	 0.073634496	         0.000000000	         0.000000000	         0.000000000
 17703	    -3298000	 0.064549719	18.549334914	146.554037883	152.553916876	 0.075498503	         0.000000000	         0.000000000	         0.000000000
 17704	    -3297000	 0.063567229	18.757393127	152.876358711	152.845707892	 0.077713806	         0.000000000	         0.000000000	         0.000000000
 17705	    -3296000	 0.062449174	18.994733134	159.181660392	153.148557075	 0.080320364	         0.000000000	         0.000000000	         0.000000000
 17706	    -3295000	 0.061501734	19.259228109	165.486999857	153.516915407	 0.083328280	         0.000000000	         0.000000000	         0.000000000
 17707	    -3294000	 0.060615151	19.549434924	172.077870621	153.885055958	 0.086758356	         0.000000000	         0.000000000	         0.000000000
 17708	    -3293000	 0.059597918	19.865744081	178.776851560	154.294477436	 0.090657957	         0.000000751	         0.000000000	         0.000000751
 17709	    -3292000	 0.058635104	20.204303376	-174.502482375	154.691847346	 0.095026277	         0.000005307	         0.000000000	         0.000005307
 17710	    -3291000	 0.057659569	20.564752860	-167.637237727	155.136549287	 0.099908616	         0.000014550	         0.000000000	         0.000014550
 17711	    -3290000	 0.056715372	20.946324961	-160.567888413	155.604258500	 0.105350665	         0.000029750	         0.000000000	         0.000029750
 17712	    -3289000	 0.055801173	21.344660659	-153.431498333	156.073838680	 0.111348298	         0.000053291	         0.000000000	         0.000053291
 17713	    -3288000	 0.054831836	21.760113718	-146.144671205	156.560395816	 0.117967727	         0.000087961	         0.000000000	         0.000087961
 17714	    -3287000	 0.054056739	22.190793353	-138.646271675	157.065549991	 0.125245468	         0.000140461	         0.000000000	         0.000140461
 17715	    -3286000	 0.053048421	22.633818666	-131.016833911	157.593835830	 0.133200575	         0.000215020	         0.000000000	         0.000215020
 17716	    -3285000	 0.052171072	23.089005548	-123.276390951	158.124493383	 0.141900634	         0.000317588	         0.000000000	         0.000317588
 17717	    -3284000	 0.051440187	23.553755994	-115.419713193	158.817827409	 0.151370029	         0.000480589	         0.000000000	         0.000480589
 17718	    -3283000	 0.050756811	24.028166473	-107.083344791	159.467407834	 0.161688302	         0.000693161	         0.000000000	         0.000693161
 17719	    -3282000	 0.050042260	24.510606471	-98.832175953	160.071417214	 0.172902799	         0.000959665	         0.000000000	         0.000959665
 17720	    -3281000	 0.049501766	24.998358962	-90.400791659	160.682370908	 0.185031702	         0.001302635	         0.000000000	         0.001302635
 17721	    -3280000	 0.049260140	25.493303573	-81.818164825	161.308175652	 0.198209485	         0.001743480	         0.000003763	         0.001747243
 17722	    -3279000	 0.048983086	25.992941514	-73.001143193	161.935591957	 0.212464337	         0.002266741	         0.000042516	         0.002309256
 17723	    -3278000	 0.048990768	26.494795364	-64.321505028	162.581652275	 0.227814530	         0.002916689	         0.000126777	         0.003043466
 17724	    -3277000	 0.049153335	27.000790734	-55.596292773	163.237707167	 0.244414411	         0.003685496	         0.000261945	         0.003947441
 17725	    -3276000	 0.049433825	27.508205564	-46.843998708	163.909764200	 0.262275598	         0.004583633	         0.000456901	         0.005040533
 17726	    -3275000	 0.049824000	28.015349987	-38.410825725	164.601960884	 0.281431199	         0.005631183	         0.000721765	         0.006352948
 17727	    -3274000	 0.050297478	28.522110325	-29.946383397	165.319114646	 0.301650241	         0.006832434	         0.001065205	         0.007897639
 17728	    -3273000	 0.050861860	29.025855608	-21.591007419	166.047295614	 0.322549125	         0.008169999	         0.001491889	         0.009661888
 17729	    -3272000	 0.051280031	29.526636774	-13.271727639	166.802109277	 0.344086018	         0.009676099	         0.002022397	         0.011698497
 17730	    -3271000	 0.051736045	30.021367081	-5.131618011	167.578648446	 0.366072373	         0.011364615	         0.002680104	         0.014044719
 17731	    -3270000	 0.052235059	30.508376510	 2.961188328	168.363007159	 0.388364339	         0.013230986	         0.003483541	         0.016714527
 17732	    -3269000	 0.052852362	30.988493909	11.256438839	169.160921880	 0.410926337	         0.015212760	         0.004426146	         0.019638906
 17733	    -3268000	 0.053191608	31.457179383	19.418892757	169.980947264	 0.433464363	         0.017477148	         0.005621934	         0.023099081
 17734	    -3267000	 0.053770369	31.914059557	27.527354187	170.811654074	 0.455873470	         0.020086185	         0.007177481	         0.027263666
 17735	    -3266000	 0.054469055	32.359575459	35.704931741	171.651853847	 0.478092068	         0.023025049	         0.009281292	         0.032306341
 17736	    -3265000	 0.055154848	32.789855268	43.864093182	172.491394170	 0.499844978	         0.026511354	         0.012142061	         0.038653415
 17737	    -3264000	 0.055976754	33.205760294	51.855863452	173.331865356	 0.521097515	         0.030797352	         0.015607138	         0.046404489
 17738	    -3263000	 0.056988138	33.606422480	59.758765964	174.185474868	 0.541735367	         0.036576365	         0.020370291	         0.056946656
 17739	    -3262000	 0.057911811	33.989395474	67.630909563	175.095024786	 0.561569663	         0.046007334	         0.028448780	         0.074456114
 17740	    -3261000	 0.058915363	34.356633277	75.222514781	175.838673742	 0.580648106	         0.053018872	         0.034381565	         0.087400437
 17741	    -3260000	 0.059989570	34.705997894	82.674208430	176.496361923	 0.598815837	         0.059117097	         0.039500026	         0.098617123
 17742	    -3259000	 0.061095546	35.036870141	90.086963617	177.057457764	 0.616006178	         0.064910881	         0.044361308	         0.109272188
 17743	    -3258000	 0.062019734	35.350384020	97.323948133	177.541316615	 0.632252711	         0.070900082	         0.049423614	         0.120323696
 17744	    -3257000	 0.062959934	35.643982684	104.432471743	177.962034162	 0.647406472	         0.077480734	         0.055058030	         0.132538764
 17745	    -3256000	 0.063909049	35.918603985	111.390239647	178.306136692	 0.661507650	         0.084397535	         0.061068736	         0.145466271
 17746	    -3255000	 0.064733459	36.173287558	118.405715845	178.578209011	 0.674505629	         0.091911405	         0.067720900	         0.159632305
 17747	    -3254000	 0.065438346	36.406115121	125.314078256	178.778334072	 0.686308407	         0.100337863	         0.075342784	         0.175680647
 17748	    -3253000	 0.066091951	36.618629106	132.062631495	178.912764581	 0.697004968	         0.109508011	         0.083846213	         0.193354224
 17749	    -3252000	 0.066885279	36.808048467	138.954918396	179.003421750	 0.706470279	         0.119771037	         0.093558608	         0.213329645
 17750	    -3251000	 0.067362844	36.973186256	145.696240188	179.019393512	 0.714664263	         0.130832004	         0.104328959	         0.235160963
 17751	    -3250000	 0.067918217	37.115374978	152.443074318	178.998822029	 0.721672954	         0.142903815	         0.116359314	         0.259263129
 17752	    -3249000	 0.068559923	37.231801413	159.140753426	178.910751374	 0.727377735	         0.155608909	         0.129381050	         0.284989959
 17753	    -3248000	 0.068982648	37.322341846	165.909183456	178.789137803	 0.731791935	         0.169276877	         0.143695270	         0.312972147
 17754	    -3247000	 0.069506283	37.386676350	172.520537176	178.608841961	 0.734916279	         0.182793596	         0.158266736	         0.341060332
 17755	    -3246000	 0.070047869	37.423548751	179.216087719	178.408389804	 0.736702267	         0.197159687	         0.174008300	         0.371167987
 17756	    -3245000	 0.070635098	37.434314682	-174.087946794	178.171431333	 0.737223084	         0.211574910	         0.190178186	         0.401753095
 17757	    -3244000	 0.071093246	37.416651470	-167.507687421	177.909079975	 0.736368446	         0.225398051	         0.205974770	         0.431372821
 17758	    -3243000	 0.071733156	37.371359752	-160.938397916	177.616034233	 0.734173379	         0.238341115	         0.221074885	         0.459415999
 17759	    -3242000	 0.072467339	37.300370480	-154.436714122	177.302475588	 0.730722572	         0.250271068	         0.235219687	         0.485490755
 17760	    -3241000	 0.073081603	37.201055571	-147.920079876	176.977936386	 0.725874290	         0.260724196	         0.247836229	         0.508560425
 17761	    -3240000	 0.073722731	37.075580308	-141.571798788	176.636243678	 0.719715926	         0.268736343	         0.257802752	         0.526539095
 17762	    -3239000	 0.074380055	36.924555565	-135.327506730	176.302421806	 0.712257128	         0.274672112	         0.265353003	         0.540025115
 17763	    -3238000	 0.075073037	36.747066975	-129.048776238	175.931410378	 0.703430511	         0.277606723	         0.269547055	         0.547153777
 17764	    -3237000	 0.075531381	36.546226327	-122.897339020	175.553506357	 0.693369453	         0.276822959	         0.269447770	         0.546270728
 17765	    -3236000	 0.075988925	36.320390705	-116.851048092	175.159383739	 0.681972381	         0.272345995	         0.265082938	         0.537428933
 17766	    -3235000	 0.076416715	36.070286251	-110.725988918	174.760651504	 0.669259070	         0.265314893	         0.257740126	         0.523055019
 17767	    -3234000	 0.076569373	35.799288971	-104.631127272	174.358693318	 0.655390992	         0.254326583	         0.245832166	         0.500158749
 17768	    -3233000	 0.076732225	35.504845476	-98.600670520	173.938169545	 0.640233834	         0.239569689	         0.229629923	         0.469199612
 17769	    -3232000	 0.076897762	35.188691827	-92.457378056	173.509253659	 0.623880463	         0.222183263	         0.210425454	         0.432608716
 17770	    -3231000	 0.076808747	34.852714936	-86.232499230	173.059778796	 0.606442195	         0.201023916	         0.187032076	         0.388055992
 17771	    -3230000	 0.076773946	34.495381203	-80.060439584	172.568376406	 0.587863193	         0.176388432	         0.159927705	         0.336316137
 17772	    -3229000	 0.076753925	34.119165885	-73.811611944	172.050742098	 0.568306811	         0.148785980	         0.129724497	         0.278510477
 17773	    -3228000	 0.076807454	33.723357103	-67.435863999	171.406961695	 0.547782275	         0.112741457	         0.090576945	         0.203318403
 17774	    -3227000	 0.076779312	33.308145245	-61.103715913	170.800968297	 0.526357821	         0.086288070	         0.063236046	         0.149524115
 17775	    -3226000	 0.076763712	32.876139883	-54.753764614	170.246920631	 0.504237407	         0.067435367	         0.044943269	         0.112378636
 17776	    -3225000	 0.077015862	32.425625652	-48.435639067	169.693661057	 0.481413743	         0.052868193	         0.031625313	         0.084493507
 17777	    -3224000	 0.077112320	31.958144619	-42.081075601	169.153791365	 0.458056760	         0.041059344	         0.021424953	         0.062484296
 17778	    -3223000	 0.077263371	31.475142085	-35.786309508	168.611460157	 0.434337554	         0.031648282	         0.013702746	         0.045351028
 17779	    -3222000	 0.077399695	30.976177219	-29.590035226	168.050132092	 0.410340675	         0.024036127	         0.008392796	         0.032428923
 17780	    -3221000	 0.077615555	30.463848209	-23.292401438	167.520754344	 0.386300571	         0.018179628	         0.005345322	         0.023524950
 17781	    -3220000	 0.077594260	29.937836130	-17.184502382	166.972311817	 0.362312369	         0.013539637	         0.003346458	         0.016886095
 17782	    -3219000	 0.077699275	29.399884824	-11.043047880	166.421984758	 0.338565009	         0.010004102	         0.002068389	         0.012072492
 17783	    -3218000	 0.077821194	28.853088862	-4.919967402	165.853761754	 0.315293403	         0.007282754	         0.001228302	         0.008511057
 17784	    -3217000	 0.077623813	28.296194325	 1.222355945	165.269788784	 0.292535204	         0.005204971	         0.000679610	         0.005884581
 17785	    -3216000	 0.077509867	27.732785250	 7.203058175	164.661664871	 0.270592075	         0.003687576	         0.000345943	         0.004033520
 17786	    -3215000	 0.077330820	27.165026373	13.270065606	164.037970334	 0.250058264	         0.002571723	         0.000149520	         0.002721243
 17787	    -3214000	 0.077037437	26.592539571	19.376332526	163.404794681	 0.230930842	         0.001780740	         0.000049244	         0.001829984
 17788	    -3213000	 0.076616146	26.019628565	25.396205483	162.705032568	 0.213253937	         0.001199308	         0.000004443	         0.001203751
 17789	    -3212000	 0.076101040	25.446597853	31.457715780	161.977064711	 0.196926858	         0.000793272	         0.000000000	         0.000793272
 17790	    -3211000	 0.075620033	24.874897721	37.584543037	161.355522268	 0.181883444	         0.000526765	         0.000000000	         0.000526765
 17791	    -3210000	 0.074942289	24.308269448	43.754217218	160.714213434	 0.168107681	         0.000340858	         0.000000000	         0.000340858
 17792	    -3209000	 0.074234281	23.745730338	49.908310393	160.063616561	 0.155463627	         0.000216133	         0.000000000	         0.000216133
 17793	    -3208000	 0.073573434	23.190204962	56.120924852	159.381440498	 0.143910815	         0.000130560	         0.000000000	         0.000130560
 17794	    -3207000	 0.072885840	22.643826176	62.482430191	158.727994966	 0.133385992	         0.000076316	         0.000000000	         0.000076316
 17795	    -3206000	 0.072135646	22.105801961	68.738706174	158.035499919	 0.123774548	         0.000040367	         0.000000000	         0.000040367
 17796	    -3205000	 0.071522564	21.580007339	74.998136542	157.338798733	 0.115051091	         0.000018411	         0.000000000	         0.000018411
 17797	    -3204000	 0.070974739	21.066618850	81.390940191	156.637048028	 0.107127027	         0.000005705	         0.000000000	         0.000005705
 17798	    -3203000	 0.070351967	20.566392202	87.613455152	155.923907303	 0.099931384	         0.000000137	         0.000000000	         0.000000137
 17799	    -3202000	 0.069817581	20.083362552	93.751387351	155.208250501	 0.093442164	         0.000000000	         0.000000000	         0.000000000
 17800	    -3201000	 0.069443116	19.616840541	99.890636667	154.509521208	 0.087575048	         0.000000000	         0.000000000	         0.000000000
 17801	    -3200000	 0.068779832	19.169505229	105.934946391	153.771084734	 0.082295506	         0.000000000	         0.000000000	         0.000000000
 17802	    -3199000	 0.068191095	18.744453519	111.818095764	153.069325517	 0.077574155	         0.000000000	         0.000000000	         0.000000000
 17803	    -3198000	 0.067531498	18.341789235	117.626989771	152.342485780	 0.073351575	         0.000000000	         0.000000000	         0.000000000
 17804	    -3197000	 0.066801263	17.965593333	123.497849499	151.634631706	 0.069614491	         0.000000000	         0.000000000	         0.000000000
 17805	    -3196000	 0.065885907	17.617270592	129.271478059	150.917809829	 0.066324270	         0.000000000	         0.000000000	         0.000000000
 17806	    -3195000	 0.064864814	17.298521925	135.106539105	150.225754404	 0.063449850	         0.000000000	         0.000000000	         0.000000000
 17807	    -3194000	 0.063929693	17.013477803	140.928574089	149.498101569	 0.060985046	         0.000000000	         0.000000000	         0.000000000
 17808	    -3193000	 0.062799265	16.761930141	146.962549383	148.721246859	 0.058889545	         0.000000000	         0.000000000	         0.000000000
 17809	    -3192000	 0.061733817	16.546921762	153.025839089	147.794040072	 0.057155602	         0.000000000	         0.000000000	         0.000000000
 17810	    -3191000	 0.060702661	16.370752547	159.165492644	145.946874235	 0.055773000	         0.000000000	         0.000000000	         0.000000000
 17811	    -3190000	 0.059794561	16.232572418	165.633764898	145.944398152	 0.054711988	         0.000000000	         0.000000000	         0.000000000
 17812	    -3189000	 0.058835370	16.135576885	171.960552930	145.941697769	 0.053979291	         0.000000000	         0.000000000	         0.000000000
 17813	    -3188000	 0.058133851	16.079061044	178.478926667	145.938818582	 0.053556907	         0.000000000	         0.000000000	         0.000000000
 17814	    -3187000	 0.057606987	16.062212068	-174.863264025	145.935738015	 0.053431623	         0.000000000	         0.000000000	         0.000000000
 17815	    -3186000	 0.056977286	16.086756920	-168.088485599	145.932382714	 0.053614229	         0.000000000	         0.000000000	         0.000000000
 17816	    -3185000	 0.056540032	16.149920765	-161.427926673	145.928987577	 0.054087022	         0.000000000	         0.000000000	         0.000000000
 17817	    -3184000	 0.056269214	16.250821534	-154.598056173	145.925412223	 0.054850948	         0.000000000	         0.000000000	         0.000000000
 17818	    -3183000	 0.056129266	16.388451512	-147.604481587	145.921652130	 0.055910379	         0.000000000	         0.000000000	         0.000000000
 17819	    -3182000	 0.055904163	16.559699375	-140.676776730	145.917829316	 0.057257205	         0.000000000	         0.000000000	         0.000000000
 17820	    -3181000	 0.055815787	16.763530917	-133.597560370	147.731347347	 0.058902650	         0.000000000	         0.000000000	         0.000000000
 17821	    -3180000	 0.055850803	16.996900712	-126.485370402	148.452114579	 0.060844686	         0.000000000	         0.000000000	         0.000000000
 17822	    -3179000	 0.055916766	17.257219056	-119.263322967	149.005968036	 0.063086622	         0.000000000	         0.000000000	         0.000000000
 17823	    -3178000	 0.056046602	17.542910427	-111.983127213	149.547030156	 0.065642269	         0.000000000	         0.000000000	         0.000000000
 17824	    -3177000	 0.056304970	17.850761105	-104.642991076	150.109982696	 0.068512148	         0.000000000	         0.000000000	         0.000000000
 17825	    -3176000	 0.056578011	18.179311612	-97.046590275	150.615945209	 0.071713541	         0.000000000	         0.000000000	         0.000000000
 17826	    -3175000	 0.056821680	18.526075806	-89.496337895	151.168213773	 0.075254810	         0.000000000	         0.000000000	         0.000000000
 17827	    -3174000	 0.057279075	18.889025290	-81.956066803	151.734991670	 0.079148813	         0.000000000	         0.000000000	         0.000000000
 17828	    -3173000	 0.057951677	19.267943958	-74.132273487	152.283627770	 0.083429294	         0.000000000	         0.000000000	         0.000000000
 17829	    -3172000	 0.058509930	19.659761480	-66.239650642	152.859131197	 0.088099083	         0.000001886	         0.000000000	         0.000001886
 17830	    -3171000	 0.059259936	20.063397554	-58.419127020	153.435797168	 0.093183208	         0.000007795	         0.000000000	         0.000007795
 17831	    -3170000	 0.060229825	20.479076709	-50.617265279	154.047797922	 0.098725862	         0.000018755	         0.000000000	         0.000018755
 17832	    -3169000	 0.061338585	20.904463397	-42.676839074	154.673477425	 0.104739435	         0.000035660	         0.000000000	         0.000035660
 17833	    -3168000	 0.062532514	21.338468819	-34.925128700	155.305647077	 0.111252506	         0.000059532	         0.000000000	         0.000059532
 17834	    -3167000	 0.063837568	21.780446590	-27.193894312	155.951641034	 0.118301607	         0.000091976	         0.000000000	         0.000091976
 17835	    -3166000	 0.065314935	22.229495621	-19.565988249	156.630376886	 0.125921056	         0.000135068	         0.000000000	         0.000135068
 17836	    -3165000	 0.066637537	22.684384906	-12.099685401	157.341064269	 0.134140101	         0.000190328	         0.000000000	         0.000190328
 17837	    -3164000	 0.068094628	23.142787160	-4.702546731	158.057212648	 0.142965407	         0.000257572	         0.000000000	         0.000257572
 17838	    -3163000	 0.069520694	23.604672046	 2.554515417	158.792628400	 0.152445125	         0.000336506	         0.000000000	         0.000336506
 17839	    -3162000	 0.070842530	24.069209001	 9.899461824	159.571166798	 0.162613355	         0.000430982	         0.000000000	         0.000430982
 17840	    -3161000	 0.072033445	24.533138837	17.079329572	160.362153596	 0.173445179	         0.000540785	         0.000000000	         0.000540785
 17841	    -3160000	 0.073176283	24.996276885	24.231792720	161.176377170	 0.184978160	         0.000667380	         0.000000000	         0.000667380
 17842	    -3159000	 0.074514133	25.457952437	31.400673367	161.980541727	 0.197237911	         0.000801136	         0.000000000	         0.000801136
 17843	    -3158000	 0.075438839	25.915885740	38.672837246	162.825329303	 0.210200828	         0.000962490	         0.000000084	         0.000962573
 17844	    -3157000	 0.076546052	26.369531599	45.822180973	163.742324084	 0.223882234	         0.001151117	         0.000013125	         0.001164242
 17845	    -3156000	 0.077657667	26.818161612	52.953022706	164.597628560	 0.238287933	         0.001358486	         0.000039048	         0.001397534
 17846	    -3155000	 0.078738910	27.261407457	60.205857013	165.431757494	 0.253430827	         0.001589653	         0.000076239	         0.001665892
 17847	    -3154000	 0.079809757	27.698518457	67.276201306	166.250691803	 0.269306287	         0.001875470	         0.000130937	         0.002006407
 17848	    -3153000	 0.080955500	28.128820415	74.386063030	167.037363125	 0.285887039	         0.002208068	         0.000202910	         0.002410978
 17849	    -3152000	 0.082097814	28.552798485	81.452204592	167.779501325	 0.302900854	         0.002604505	         0.000295754	         0.002900260
 17850	    -3151000	 0.083115121	28.969980158	88.425476934	168.481516795	 0.320192562	         0.003087430	         0.000415857	         0.003503286
 17851	    -3150000	 0.084197898	29.380304863	95.320728732	169.143240166	 0.337716324	         0.003709562	         0.000581471	         0.004291032
 17852	    -3149000	 0.085290079	29.783925313	102.163428855	169.772200624	 0.355434648	         0.004483272	         0.000799775	         0.005283047
 17853	    -3148000	 0.086233571	30.180191032	109.037819001	170.331726130	 0.373273635	         0.005457748	         0.001093182	         0.006550929
 17854	    -3147000	 0.087068219	30.569462934	115.748418661	170.847796223	 0.391203664	         0.006699940	         0.001494281	         0.008194221
 17855	    -3146000	 0.087895939	30.951163073	122.415105175	171.330258087	 0.409152326	         0.008313573	         0.002061001	         0.010374574
 17856	    -3145000	 0.088726397	31.324036211	129.095795358	171.744579821	 0.427013171	         0.010365404	         0.002851152	         0.013216556
 17857	    -3144000	 0.089307634	31.688711941	135.731122687	172.127105985	 0.444769683	         0.013044176	         0.003997509	         0.017041685
 17858	    -3143000	 0.089833794	32.043753759	142.266025209	172.464626455	 0.462306452	         0.016442576	         0.005645663	         0.022088239
 17859	    -3142000	 0.090451748	32.387792269	148.782627020	172.770604273	 0.479510274	         0.020715519	         0.008074174	         0.028789693
 17860	    -3141000	 0.090727715	32.720932333	155.339435404	173.048714621	 0.496343217	         0.026511900	         0.012179022	         0.038690922
 17861	    -3140000	 0.090980923	33.040958223	161.807343283	173.287909057	 0.512652727	         0.033767025	         0.017572432	         0.051339457
 17862	    -3139000	 0.091256394	33.347685197	168.235673416	173.507328613	 0.528391943	         0.043065671	         0.024930693	         0.067996364
 17863	    -3138000	 0.091328799	33.640157393	174.781979222	173.716021296	 0.543478912	         0.055820045	         0.035796999	         0.091617043
 17864	    -3137000	 0.091321239	33.915951544	-178.790810781	173.959930909	 0.557759824	         0.075070415	         0.053694286	         0.128764701
 17865	    -3136000	 0.091319506	34.176174895	-172.274538707	174.107811413	 0.571268318	         0.094113463	         0.072062999	         0.166176463
 17866	    -3135000	 0.091341230	34.419321645	-165.773324057	174.182815316	 0.583907787	         0.113118197	         0.091080988	         0.204199185
 17867	    -3134000	 0.091185674	34.643439036	-159.232037427	174.221182608	 0.595562929	         0.133066700	         0.111752137	         0.244818837
 17868	    -3133000	 0.091162638	34.850082416	-152.704346384	174.233291052	 0.606305399	         0.153830742	         0.133895383	         0.287726125
 17869	    -3132000	 0.091178765	35.037680973	-146.266524933	174.232776706	 0.616048260	         0.174824202	         0.156855234	         0.331679436
 17870	    -3131000	 0.091186585	35.205886247	-139.668924621	174.212769456	 0.624771516	         0.195972513	         0.180426020	         0.376398533
 17871	    -3130000	 0.091151168	35.355692630	-133.257406437	174.187720642	 0.632527300	         0.216398632	         0.203494579	         0.419893211
 17872	    -3129000	 0.091112991	35.485291740	-126.867430488	174.159607315	 0.639224496	         0.235890129	         0.225764970	         0.461655099
 17873	    -3128000	 0.091245424	35.596175630	-120.496747146	174.123143520	 0.644943917	         0.254253581	         0.246866055	         0.501119637
 17874	    -3127000	 0.091052380	35.688318193	-114.152705747	174.070032899	 0.649688286	         0.269026061	         0.263939981	         0.532966042
 17875	    -3126000	 0.090924448	35.760336963	-107.903396691	174.056161613	 0.653390728	         0.283021138	         0.279945117	         0.562966255
 17876	    -3125000	 0.090751383	35.813575848	-101.697248633	173.997068503	 0.656124245	         0.291828257	         0.290202025	         0.582030282
 17877	    -3124000	 0.090364409	35.847231654	-95.419381757	173.977334055	 0.657850693	         0.297751647	         0.296881952	         0.594633599
 17878	    -3123000	 0.089834023	35.861212782	-89.267118474	173.941294161	 0.658567514	         0.298869747	         0.298109311	         0.596979058
 17879	    -3122000	 0.089340752	35.855429600	-83.032351469	173.908605112	 0.658271034	         0.295886868	         0.294556348	         0.590443216
 17880	    -3121000	 0.088682988	35.828338041	-76.717336620	173.901285622	 0.656881658	         0.289701311	         0.287157356	         0.576858668
 17881	    -3120000	 0.087863141	35.781123712	-70.448971389	173.878123321	 0.654458370	         0.278543321	         0.274119064	         0.552662384
 17882	    -3119000	 0.087104887	35.712508768	-64.094426450	173.866365787	 0.650932493	         0.265063051	         0.258361686	         0.523424736
 17883	    -3118000	 0.086367833	35.620605633	-57.723997088	173.845509799	 0.646202576	         0.249112653	         0.239886209	         0.488998862
 17884	    -3117000	 0.085497984	35.507191829	-51.238175640	173.819240141	 0.640354929	         0.230524578	         0.218544786	         0.449069364
 17885	    -3116000	 0.084611508	35.370143572	-44.762081462	173.781600926	 0.633274680	         0.210099372	         0.195288975	         0.405388347
 17886	    -3115000	 0.083844621	35.209101815	-38.310107112	173.743007254	 0.624938136	         0.189856020	         0.172491519	         0.362347539
 17887	    -3114000	 0.083100897	35.025219435	-31.704374818	173.687439960	 0.615401473	         0.168672723	         0.149047127	         0.317719850
 17888	    -3113000	 0.082229029	34.815920455	-25.100908692	173.610558362	 0.604530051	         0.147182848	         0.125770859	         0.272953707
 17889	    -3112000	 0.081478780	34.583306726	-18.562201130	173.504927315	 0.592435849	         0.126440770	         0.103938283	         0.230379053
 17890	    -3111000	 0.080841894	34.327427046	-11.902463898	173.353619886	 0.579129609	         0.106215861	         0.083294000	         0.189509861
 17891	    -3110000	 0.080005544	34.046450910	-5.285392960	173.156643217	 0.564530964	         0.086365165	         0.063759528	         0.150124693
 17892	    -3109000	 0.079313658	33.743784525	 1.347040457	172.843721276	 0.548839529	         0.064987542	         0.043463711	         0.108451253
 17893	    -3108000	 0.078673501	33.418660063	 7.943283703	172.525602623	 0.532046732	         0.049201077	         0.029503842	         0.078704919
 17894	    -3107000	 0.077914651	33.071005671	14.690837569	172.216047914	 0.514190250	         0.037966677	         0.020332280	         0.058298957
 17895	    -3106000	 0.077155743	32.704135232	21.232903260	171.892061352	 0.495490758	         0.029444993	         0.013816215	         0.043261208
 17896	    -3105000	 0.076368355	32.316641440	27.854651845	171.543661992	 0.475936546	         0.022892263	         0.009088138	         0.031980400
 17897	    -3104000	 0.075623870	31.910464616	34.537290036	171.170894610	 0.455695588	         0.017695799	         0.006015830	         0.023711629
 17898	    -3103000	 0.074587745	31.487674507	41.165900268	170.760573335	 0.434947167	         0.013726696	         0.004097045	         0.017823741
 17899	    -3102000	 0.073576329	31.046849304	47.892748736	170.331262251	 0.413705899	         0.010681653	         0.002824497	         0.013506151
 17900	    -3101000	 0.072509304	30.591144969	54.578237763	169.855666970	 0.392213700	         0.008285377	         0.001930911	         0.010216288
 17901	    -3100000	 0.071327895	30.120575725	61.496239632	169.352820345	 0.370562674	         0.006440653	         0.001314816	         0.007755469
 17902	    -3099000	 0.069999110	29.635022429	68.424828946	168.795331108	 0.348843803	         0.005007264	         0.000883704	         0.005890968
 17903	    -3098000	 0.068712330	29.137410197	75.466919714	168.198234945	 0.327282200	         0.003903813	         0.000583274	         0.004487087
 17904	    -3097000	 0.067552448	28.625853587	82.738029881	167.556798375	 0.305889903	         0.003037920	         0.000370152	         0.003408072
 17905	    -3096000	 0.066146760	28.101784489	90.119263395	166.865645029	 0.284821601	         0.002362075	         0.000220135	         0.002582210
 17906	    -3095000	 0.065029983	27.567353176	97.575794466	166.138399473	 0.264440790	         0.001838108	         0.000119975	         0.001958083
 17907	    -3094000	 0.064039632	27.020121980	105.218142398	165.367359166	 0.245072046	         0.001422988	         0.000054885	         0.001477874
 17908	    -3093000	 0.063023718	26.462700946	112.914571583	164.556303265	 0.226800485	         0.001099910	         0.000016710	         0.001116621
 17909	    -3092000	 0.062209282	25.896153223	120.571872597	163.692165014	 0.209625075	         0.000835466	         0.000000086	         0.000835552
 17910	    -3091000	 0.061556516	25.319665708	128.250491489	162.716260057	 0.193482837	         0.000618514	         0.000000000	         0.000618514
 17911	    -3090000	 0.060917124	24.736699032	136.025173642	161.833380418	 0.178422877	         0.000460107	         0.000000000	         0.000460107
 17912	    -3089000	 0.060218190	24.146701891	143.641070962	160.930607333	 0.164374415	         0.000335991	         0.000000000	         0.000335991
 17913	    -3088000	 0.059631504	23.552166329	151.221634202	159.998149667	 0.151336585	         0.000236776	         0.000000000	         0.000236776
 17914	    -3087000	 0.059102728	22.956603993	158.796558634	159.064288032	 0.139313005	         0.000160991	         0.000000000	         0.000160991
 17915	    -3086000	 0.058423677	22.359064020	166.482506533	158.096888182	 0.128209440	         0.000103114	         0.000000000	         0.000103114
 17916	    -3085000	 0.057687746	21.764763863	174.096861900	157.144475761	 0.118044002	         0.000062249	         0.000000000	         0.000062249
 17917	    -3084000	 0.057008181	21.176354180	-178.255613089	156.167615263	 0.108773584	         0.000033156	         0.000000000	         0.000033156
 17918	    -3083000	 0.056366446	20.593995089	-170.448493920	155.226963012	 0.100315538	         0.000014720	         0.000000000	         0.000014720
 17919	    -3082000	 0.055720823	20.023895651	-162.528870848	154.259690588	 0.092672964	         0.000003783	         0.000000000	         0.000003783
 17920	    -3081000	 0.055168764	19.467322187	-154.617457931	153.294098232	 0.085773754	         0.000000000	         0.000000000	         0.000000000
 17921	    -3080000	 0.054964622	18.926206654	-146.530678291	152.350437875	 0.079558930	         0.000000000	         0.000000000	         0.000000000
 17922	    -3079000	 0.054579412	18.406363863	-138.510949742	151.401173751	 0.074012934	         0.000000000	         0.000000000	         0.000000000
 17923	    -3078000	 0.054603255	17.908080598	-130.559526552	150.444059854	 0.069060193	         0.000000000	         0.000000000	         0.000000000
 17924	    -3077000	 0.054897427	17.434926230	-122.727475131	149.419303737	 0.064664349	         0.000000000	         0.000000000	         0.000000000
 17925	    -3076000	 0.055319580	16.990316348	-114.803345652	148.308817108	 0.060789024	         0.000000000	         0.000000000	         0.000000000
 17926	    -3075000	 0.055877751	16.575966189	-107.354892823	145.899401818	 0.057386815	         0.000000000	         0.000000000	         0.000000000
 17927	    -3074000	 0.056692074	16.196450384	-100.027268350	145.895388765	 0.054437970	         0.000000000	         0.000000000	         0.000000000
 17928	    -3073000	 0.057751402	15.852419001	-93.092598410	145.891615102	 0.051895990	         0.000000000	         0.000000000	         0.000000000
 17929	    -3072000	 0.058768286	15.547758365	-86.235455601	145.888067672	 0.049744191	         0.000000000	         0.000000000	         0.000000000
 17930	    -3071000	 0.059929683	15.286543185	-79.729579536	145.884826427	 0.047970430	         0.000000000	         0.000000000	         0.000000000
 17931	    -3070000	 0.061101886	15.068319298	-73.507829205	145.881938734	 0.046537185	         0.000000000	         0.000000000	         0.000000000
 17932	    -3069000	 0.062369513	14.897146075	-67.390442985	145.879317611	 0.045442990	         0.000000000	         0.000000000	         0.000000000
 17933	    -3068000	 0.063561214	14.775092653	-61.513593314	145.877125663	 0.044678534	         0.000000000	         0.000000000	         0.000000000
 17934	    -3067000	 0.064807949	14.701907862	-55.717916635	145.875265240	 0.044226337	         0.000000000	         0.000000000	         0.000000000
 17935	    -3066000	 0.066106602	14.680016664	-49.935314492	145.873758257	 0.044091966	         0.000000000	         0.000000000	         0.000000000
 17936	    -3065000	 0.067221146	14.707872573	-44.103872245	145.872796805	 0.044263020	         0.000000000	         0.000000000	         0.000000000
 17937	    -3064000	 0.068456881	14.786112369	-38.393312689	145.872219682	 0.044747022	         0.000000000	         0.000000000	         0.000000000
 17938	    -3063000	 0.069883867	14.914225213	-32.585943583	145.872021342	 0.045551000	         0.000000000	         0.000000000	         0.000000000
 17939	    -3062000	 0.071377794	15.088065407	-26.517239083	145.872385459	 0.046665091	         0.000000000	         0.000000000	         0.000000000
 17940	    -3061000	 0.072826193	15.308308507	-20.571352712	145.873346625	 0.048115779	         0.000000000	         0.000000000	         0.000000000
 17941	    -3060000	 0.074547330	15.571220790	-14.570437159	145.874783523	 0.049906685	         0.000000000	         0.000000000	         0.000000000
 17942	    -3059000	 0.076400610	15.873415359	-8.538031981	145.876813492	 0.052047669	         0.000000000	         0.000000000	         0.000000000
 17943	    -3058000	 0.078272445	16.213479898	-2.474933180	145.879519781	 0.054566983	         0.000000000	         0.000000000	         0.000000000
 17944	    -3057000	 0.080297371	16.585640491	 3.559986989	145.882804089	 0.057464037	         0.000000000	         0.000000000	         0.000000000
 17945	    -3056000	 0.082292151	16.988160513	 9.523340470	147.818861114	 0.060770811	         0.000000000	         0.000000000	         0.000000000
 17946	    -3055000	 0.084203159	17.417835174	15.552502004	149.035774137	 0.064510911	         0.000000000	         0.000000000	         0.000000000
 17947	    -3054000	 0.086028698	17.868254977	21.529047943	150.071287296	 0.068678948	         0.000000000	         0.000000000	         0.000000000
 17948	    -3053000	 0.087789565	18.338236195	27.473506784	151.089543339	 0.073315358	         0.000000000	         0.000000000	         0.000000000
 17949	    -3052000	 0.089471491	18.823945346	33.568308866	152.103501946	 0.078436053	         0.000000000	         0.000000000	         0.000000000
 17950	    -3051000	 0.090811104	19.320359200	39.708637763	153.096683107	 0.084039356	         0.000000000	         0.000000000	         0.000000000
 17951	    -3050000	 0.092088530	19.825759180	45.883188187	154.105238712	 0.090155486	         0.000000000	         0.000000000	         0.000000000
 17952	    -3049000	 0.093404197	20.336377259	52.087621544	155.152797688	 0.096786906	         0.000000000	         0.000000000	         0.000000000
 17953	    -3048000	 0.094443467	20.850369159	58.569221660	156.167018357	 0.103954842	         0.000002115	         0.000000000	         0.000002115
 17954	    -3047000	 0.095488904	21.365026992	65.008828220	157.166628889	 0.111663963	         0.000008877	         0.000000000	         0.000008877
 17955	    -3046000	 0.096466755	21.877888293	71.532748156	158.174236828	 0.119914831	         0.000020388	         0.000000000	         0.000020388
 17956	    -3045000	 0.097587646	22.389523376	78.201084798	159.131087234	 0.128753410	         0.000036989	         0.000000000	         0.000036989
 17957	    -3044000	 0.098480173	22.897114403	84.827046097	160.054826377	 0.138165768	         0.000061963	         0.000000000	         0.000061963
 17958	    -3043000	 0.099556491	23.400092758	91.529100375	160.925850253	 0.148171172	         0.000096324	         0.000000000	         0.000096324
 17959	    -3042000	 0.100591644	23.899352574	98.194858651	161.758510077	 0.158819016	         0.000145750	         0.000000000	         0.000145750
 17960	    -3041000	 0.101482363	24.392637562	104.918391512	162.527018257	 0.170090713	         0.000213857	         0.000000000	         0.000213857
 17961	    -3040000	 0.102419352	24.880824564	111.562768827	163.239522679	 0.182033347	         0.000308907	         0.000000000	         0.000308907
 17962	    -3039000	 0.103235459	25.363625156	118.193742287	163.893339838	 0.194668707	         0.000443748	         0.000000000	         0.000443748
 17963	    -3038000	 0.104111710	25.839280110	124.867767876	164.479035420	 0.207974446	         0.000626385	         0.000000000	         0.000626385
 17964	    -3037000	 0.104649917	26.309372218	131.476449319	165.129622183	 0.222017902	         0.000897271	         0.000007506	         0.000904777
 17965	    -3036000	 0.105214371	26.771268137	138.052837338	165.654323945	 0.236739777	         0.001258407	         0.000035546	         0.001293954
 17966	    -3035000	 0.105762998	27.223922423	144.580699340	166.123821216	 0.252113781	         0.001749497	         0.000092380	         0.001841878
 17967	    -3034000	 0.105979599	27.668764685	151.211373818	166.535078903	 0.268194797	         0.002417914	         0.000192020	         0.002609934
 17968	    -3033000	 0.106162362	28.101540030	157.698343990	166.901423349	 0.284811978	         0.003311235	         0.000355538	         0.003666773
 17969	    -3032000	 0.106255164	28.522269203	164.204209038	167.227625041	 0.301656708	         0.004477623	         0.000603941	         0.005081563
 17970	    -3031000	 0.106192315	28.931195655	170.796336695	167.520105480	 0.318562395	         0.006049553	         0.000993855	         0.007043408
 17971	    -3030000	 0.105939964	29.324520876	177.308608088	167.766458780	 0.335304555	         0.008038707	         0.001554431	         0.009593138
 17972	    -3029000	 0.105668835	29.703206609	-176.176482117	167.999603197	 0.351854046	         0.010581341	         0.002372784	         0.012954126
 17973	    -3028000	 0.105332183	30.066263048	-169.587700418	168.204926284	 0.368101130	         0.013748418	         0.003535492	         0.017283910
 17974	    -3027000	 0.104763975	30.411785863	-162.984649156	168.382827924	 0.383894013	         0.017622806	         0.005184356	         0.022807162
 17975	    -3026000	 0.104271669	30.741546528	-156.385879586	168.548062760	 0.399251964	         0.022243675	         0.007470937	         0.029714613
 17976	    -3025000	 0.103713956	31.053738307	-149.788734836	168.711197806	 0.414034547	         0.027777739	         0.010803449	         0.038581188
 17977	    -3024000	 0.103109564	31.348559730	-143.090246730	168.861490577	 0.428198591	         0.034059006	         0.015654751	         0.049713757
 17978	    -3023000	 0.102527057	31.627824357	-136.441164936	169.013709155	 0.441786241	         0.041390920	         0.021719716	         0.063110635
 17979	    -3022000	 0.101931437	31.889679742	-129.829052527	169.159580245	 0.454667593	         0.049194803	         0.028402791	         0.077597594
 17980	    -3021000	 0.101461645	32.135946743	-123.154140136	169.313102112	 0.466897301	         0.058101709	         0.036438078	         0.094539787
 17981	    -3020000	 0.100761051	32.367189626	-116.528785959	169.463551549	 0.478474642	         0.067097384	         0.044834101	         0.111931484
 17982	    -3019000	 0.100090799	32.582470966	-109.971855656	169.616171134	 0.489327734	         0.076381790	         0.053746247	         0.130128037
 17983	    -3018000	 0.099585817	32.783823323	-103.470080530	169.780083547	 0.499538267	         0.085993534	         0.063269736	         0.149263269
 17984	    -3017000	 0.098735507	32.970528960	-96.885567875	169.948243970	 0.509052854	         0.094829826	         0.072222393	         0.167052219
 17985	    -3016000	 0.097899851	33.142924210	-90.424622943	170.140478681	 0.517874290	         0.103920365	         0.081652430	         0.185572795
 17986	    -3015000	 0.096946514	33.301863034	-83.994136978	170.330644499	 0.526034767	         0.111187638	         0.089218080	         0.200405718
 17987	    -3014000	 0.095957403	33.445878243	-77.475701219	170.534575012	 0.533449458	         0.117406336	         0.095735483	         0.213141819
 17988	    -3013000	 0.094683717	33.576202469	-71.023343180	170.763454645	 0.540174173	         0.122438314	         0.101018296	         0.223456610
 17989	    -3012000	 0.093511498	33.692140982	-64.488486355	170.998375021	 0.546167143	         0.126366495	         0.105198839	         0.231565334
 17990	    -3011000	 0.092256657	33.792338975	-57.972358212	171.258196140	 0.551353555	         0.130163962	         0.109315536	         0.239479498
 17991	    -3010000	 0.090799307	33.878489452	-51.339707763	171.529781101	 0.555817493	         0.131896386	         0.111201551	         0.243097937
 17992	    -3009000	 0.089482615	33.948464913	-44.753859502	171.788296164	 0.559446123	         0.130110022	         0.109141261	         0.239251282
 17993	    -3008000	 0.088087048	34.001968089	-38.128776823	172.018166487	 0.562222095	         0.124628371	         0.103105042	         0.227733414
 17994	    -3007000	 0.086769761	34.040212657	-31.373928623	172.261136631	 0.564207122	         0.118250462	         0.096182909	         0.214433371
 17995	    -3006000	 0.085287303	34.060824728	-24.644971542	172.495345338	 0.565277198	         0.110441720	         0.087939981	         0.198381700
 17996	    -3005000	 0.083914739	34.064927392	-17.921374780	172.731795106	 0.565490207	         0.102422939	         0.079665269	         0.182088208
 17997	    -3004000	 0.082672312	34.052739235	-11.133309346	172.942266941	 0.564857420	         0.093563139	         0.070783818	         0.164346957
 17998	    -3003000	 0.081251639	34.022728576	-4.216539623	173.141235945	 0.563299564	         0.084496364	         0.061959054	         0.146455418
 17999	    -3002000	 0.079872454	33.976618516	 2.571575248	173.321353828	 0.560906696	         0.075672791	         0.053613634	         0.129286425
 18000	    -3001000	 0.078614967	33.914023672	 9.455638103	173.470514412	 0.557659851	         0.067195793	         0.045875389	         0.113071182
 18001	    -3000000	 0.077273126	33.834816341	16.474395888	173.585632300	 0.553554041	         0.058511265	         0.038156058	         0.096667323
 18002	    -2999000	 0.075990391	33.740623962	23.419094693	173.654731208	 0.548675932	         0.049936768	         0.030741479	         0.080678246
 18003	    -2998000	 0.074765227	33.630472350	30.422398856	173.680263538	 0.542978272	         0.042990503	         0.025049295	         0.068039797
 18004	    -2997000	 0.073583843	33.505623051	37.540364474	173.701118315	 0.536530628	         0.037269463	         0.020576113	         0.057845576
 18005	    -2996000	 0.072275448	33.366904660	44.613036879	173.692495768	 0.529381195	         0.032535296	         0.017010046	         0.049545342
 18006	    -2995000	 0.071104085	33.213265132	51.730074727	173.621168802	 0.521482749	         0.028444304	         0.014033497	         0.042477802
 18007	    -2994000	 0.069964686	33.046427658	58.868981802	173.524120850	 0.512932523	         0.024986591	         0.011574880	         0.036561472
 18008	    -2993000	 0.068692270	32.865985052	66.177222481	173.363650985	 0.503719980	         0.022068225	         0.009541314	         0.031609539
 18009	    -2992000	 0.067412545	32.671687792	73.486551348	173.174894328	 0.493845111	         0.019626245	         0.007821826	         0.027448072
 18010	    -2991000	 0.066192779	32.464440725	80.789346985	172.925405424	 0.483368862	         0.017594635	         0.006517765	         0.024112400
 18011	    -2990000	 0.065018443	32.242940366	88.346896558	172.640782912	 0.472243196	         0.015830666	         0.005497688	         0.021328354
 18012	    -2989000	 0.063730706	32.007865899	96.021557090	172.293389770	 0.460523374	         0.014391228	         0.004715844	         0.019107072
 18013	    -2988000	 0.062494860	31.759497371	103.796400630	171.897650421	 0.448247194	         0.013134385	         0.004064338	         0.017198723
 18014	    -2987000	 0.061512171	31.496030476	111.651162283	171.482845750	 0.435353804	         0.012028969	         0.003512824	         0.015541793
 18015	    -2986000	 0.060412898	31.218430214	119.892167134	170.982812891	 0.421923205	         0.011061245	         0.003046127	         0.014107373
 18016	    -2985000	 0.059607791	30.926795611	128.038720552	170.509187452	 0.407996099	         0.010236990	         0.002661110	         0.012898101
 18017	    -2984000	 0.058927334	30.619939517	136.347807415	169.957331088	 0.393556873	         0.009450917	         0.002307434	         0.011758352
 18018	    -2983000	 0.058415087	30.298550867	144.858682666	169.366702879	 0.378683844	         0.008738745	         0.001999946	         0.010738691
 18019	    -2982000	 0.057926114	29.962111890	153.216270153	168.765053276	 0.363403136	         0.008068049	         0.001722648	         0.009790697
 18020	    -2981000	 0.057755947	29.611636578	161.681704065	168.131859890	 0.347814393	         0.007384074	         0.001452377	         0.008836450
 18021	    -2980000	 0.057656463	29.247555365	170.131823674	167.491095366	 0.331992076	         0.006766354	         0.001222669	         0.007989023
 18022	    -2979000	 0.057563619	28.868719715	178.680406691	166.825769118	 0.315946103	         0.006132627	         0.001000468	         0.007133095
 18023	    -2978000	 0.057565735	28.477604463	-172.913204050	166.162139873	 0.299841789	         0.005511156	         0.000795543	         0.006306698
 18024	    -2977000	 0.057687072	28.074874067	-164.519282655	165.480625930	 0.283763449	         0.004896625	         0.000610889	         0.005507514
 18025	    -2976000	 0.057989739	27.660016309	-155.974219069	164.799136665	 0.267868864	         0.004315816	         0.000448062	         0.004763877
 18026	    -2975000	 0.058129148	27.235255396	-147.446313202	164.104840744	 0.252511244	         0.003740669	         0.000306108	         0.004046777
 18027	    -2974000	 0.058444759	26.801420214	-138.954172364	163.417494907	 0.237734068	         0.003200266	         0.000192186	         0.003392452
 18028	    -2973000	 0.058907613	26.359133089	-130.477091231	162.729527600	 0.223558870	         0.002688585	         0.000100497	         0.002789083
 18029	    -2972000	 0.059435246	25.909813964	-121.861540571	162.045626283	 0.210023498	         0.002221693	         0.000038802	         0.002260495
 18030	    -2971000	 0.060085062	25.453679591	-113.402672325	161.352196006	 0.197120801	         0.001795539	         0.000004834	         0.001800373
 18031	    -2970000	 0.060959217	24.992166522	-104.987210425	160.653869228	 0.184872505	         0.001411692	         0.000000000	         0.001411692
 18032	    -2969000	 0.061849698	24.525914004	-96.418771903	159.959736039	 0.173271084	         0.001093069	         0.000000000	         0.001093069
 18033	    -2968000	 0.062851674	24.055181481	-88.135298719	159.262926163	 0.162296597	         0.000817603	         0.000000000	         0.000817603
 18034	    -2967000	 0.064116155	23.580933622	-80.000820513	158.531251703	 0.151942940	         0.000588964	         0.000000000	         0.000588964
 18035	    -2966000	 0.065565237	23.102768526	-71.845219016	157.647936833	 0.142172357	         0.000388118	         0.000000000	         0.000388118
 18036	    -2965000	 0.066962480	22.622505691	-63.838119652	156.960922398	 0.132991281	         0.000258201	         0.000000000	         0.000258201
 18037	    -2964000	 0.068565921	22.140743829	-56.092775468	156.303266144	 0.124377174	         0.000166493	         0.000000000	         0.000166493
 18038	    -2963000	 0.070209808	21.656981947	-48.573794405	155.632346973	 0.116288686	         0.000100469	         0.000000000	         0.000100469
 18039	    -2962000	 0.072060725	21.173812903	-41.127336337	154.950556479	 0.108735168	         0.000055824	         0.000000000	         0.000055824
 18040	    -2961000	 0.073880742	20.692863151	-33.907831326	154.283012444	 0.101703657	         0.000027211	         0.000000000	         0.000027211
 18041	    -2960000	 0.075638930	20.214944699	-26.942819499	153.599918612	 0.095166938	         0.000009998	         0.000000000	         0.000009998
 18042	    -2959000	 0.077561021	19.742444035	-20.131386888	152.892913500	 0.089117435	         0.000001292	         0.000000000	         0.000001292
 18043	    -2958000	 0.079225474	19.278138764	-13.487004127	152.203468771	 0.083547603	         0.000000000	         0.000000000	         0.000000000
 18044	    -2957000	 0.080944040	18.825580700	-7.033092743	151.508557136	 0.078453885	         0.000000000	         0.000000000	         0.000000000
 18045	    -2956000	 0.082601844	18.386561084	-0.730222752	150.782467426	 0.073809487	         0.000000000	         0.000000000	         0.000000000
 18046	    -2955000	 0.084140799	17.963593175	 5.655752062	150.072783672	 0.069595140	         0.000000000	         0.000000000	         0.000000000
 18047	    -2954000	 0.085569571	17.562916191	11.735983363	149.297965550	 0.065825061	         0.000000000	         0.000000000	         0.000000000
 18048	    -2953000	 0.087056065	17.185999093	17.788033340	148.498218478	 0.062465172	         0.000000000	         0.000000000	         0.000000000
 18049	    -2952000	 0.088715000	16.835369863	23.760114714	147.406670738	 0.059493775	         0.000000000	         0.000000000	         0.000000000
 18050	    -2951000	 0.090121356	16.516581090	29.702940104	145.903920212	 0.056915064	         0.000000000	         0.000000000	         0.000000000
 18051	    -2950000	 0.091775198	16.231119333	35.407704369	145.909864828	 0.054700938	         0.000000000	         0.000000000	         0.000000000
 18052	    -2949000	 0.093417422	15.982125989	40.994303010	145.915933343	 0.052840122	         0.000000000	         0.000000000	         0.000000000
 18053	    -2948000	 0.095181002	15.772145775	46.509892353	145.922105244	 0.051320154	         0.000000000	         0.000000000	         0.000000000
 18054	    -2947000	 0.097002560	15.602251746	51.763421333	145.928107597	 0.050122413	         0.000000000	         0.000000000	         0.000000000
 18055	    -2946000	 0.098725730	15.475561003	56.891009139	145.933998244	 0.049247483	         0.000000000	         0.000000000	         0.000000000
 18056	    -2945000	 0.100536237	15.392196519	61.869572562	145.939727023	 0.048680113	         0.000000000	         0.000000000	         0.000000000
 18057	    -2944000	 0.102111269	15.352357619	66.726831990	145.945181465	 0.048411287	         0.000000000	         0.000000000	         0.000000000
 18058	    -2943000	 0.103615183	15.357148105	71.421330773	145.950306997	 0.048443534	         0.000000000	         0.000000000	         0.000000000
 18059	    -2942000	 0.105058367	15.405297924	76.088499268	145.955195908	 0.048768845	         0.000000000	         0.000000000	         0.000000000
 18060	    -2941000	 0.106248622	15.496897155	80.865332694	145.959828306	 0.049393754	         0.000000000	         0.000000000	         0.000000000
 18061	    -2940000	 0.107173930	15.629821218	85.520924195	145.963934612	 0.050314858	         0.000000000	         0.000000000	         0.000000000
 18062	    -2939000	 0.108048944	15.802384121	90.259934790	145.967734081	 0.051536313	         0.000000000	         0.000000000	         0.000000000
 18063	    -2938000	 0.108812178	16.014431148	95.186525142	145.971203757	 0.053077930	         0.000000000	         0.000000000	         0.000000000
 18064	    -2937000	 0.109338914	16.261749546	100.183454342	147.849256494	 0.054934330	         0.000000000	         0.000000000	         0.000000000
 18065	    -2936000	 0.109823416	16.543346268	105.310648702	149.369099674	 0.057127203	         0.000000000	         0.000000000	         0.000000000
 18066	    -2935000	 0.110347705	16.858141595	110.574637187	150.418605928	 0.059682388	         0.000000000	         0.000000000	         0.000000000
 18067	    -2934000	 0.110639863	17.201716025	116.037212165	151.270749507	 0.062601786	         0.000000000	         0.000000000	         0.000000000
 18068	    -2933000	 0.111029784	17.574242586	121.564541564	152.045331676	 0.065928775	         0.000000000	         0.000000000	         0.000000000
 18069	    -2932000	 0.111371805	17.973024493	127.219568353	152.776792088	 0.069686435	         0.000000000	         0.000000000	         0.000000000
 18070	    -2931000	 0.111734854	18.394779450	133.063663483	153.473906582	 0.073893851	         0.000000000	         0.000000000	         0.000000000
 18071	    -2930000	 0.112020167	18.840309209	138.929084074	154.144889440	 0.078614665	         0.000000000	         0.000000000	         0.000000000
 18072	    -2929000	 0.112227325	19.304919496	144.889663318	154.784676600	 0.083859191	         0.000000000	         0.000000000	         0.000000000
 18073	    -2928000	 0.112555536	19.786993852	150.878416011	155.421681190	 0.089671001	         0.000000000	         0.000000000	         0.000000000
 18074	    -2927000	 0.112619737	20.286153697	157.006327371	156.014862667	 0.096113582	         0.000003573	         0.000000000	         0.000003573
 18075	    -2926000	 0.112690709	20.796144479	163.104785188	156.624304351	 0.103174256	         0.000016948	         0.000000000	         0.000016948
 18076	    -2925000	 0.112618736	21.316667743	169.189976023	157.210892434	 0.110915882	         0.000042285	         0.000000000	         0.000042285
 18077	    -2924000	 0.112473686	21.845576131	175.499553988	157.759748418	 0.119377455	         0.000084994	         0.000000000	         0.000084994
 18078	    -2923000	 0.112044737	22.376701654	-178.347682252	158.301807625	 0.128524148	         0.000152785	         0.000000000	         0.000152785
 18079	    -2922000	 0.111548619	22.909925181	-172.077095525	158.833208918	 0.138412019	         0.000259217	         0.000000000	         0.000259217
 18080	    -2921000	 0.110957729	23.441956674	-165.730308868	159.332384220	 0.149035906	         0.000418180	         0.000000000	         0.000418180
 18081	    -2920000	 0.109999643	23.969072211	-159.314632093	160.045576923	 0.160365617	         0.000692738	         0.000000000	         0.000692738
 18082	    -2919000	 0.109055024	24.490441966	-152.853719535	160.590978776	 0.172418854	         0.001064140	         0.000000000	         0.001064140
 18083	    -2918000	 0.107944380	25.002588787	-146.310884436	161.082827098	 0.185140523	         0.001566001	         0.000000000	         0.001566001
 18084	    -2917000	 0.106800180	25.505415732	-139.586840231	161.566505813	 0.198543469	         0.002252035	         0.000020891	         0.002272926
 18085	    -2916000	 0.105551198	25.997581787	-132.841210528	162.031096183	 0.212601420	         0.003156374	         0.000109344	         0.003265718
 18086	    -2915000	 0.104284752	26.476548875	-125.992509255	162.481207527	 0.227237465	         0.004272475	         0.000273366	         0.004545840
 18087	    -2914000	 0.103161942	26.944287548	-119.043146018	162.908611796	 0.242502313	         0.005682969	         0.000551465	         0.006234434
 18088	    -2913000	 0.101907987	27.399436751	-112.033123088	163.357218513	 0.258340114	         0.007418256	         0.000970160	         0.008388416
 18089	    -2912000	 0.100824872	27.841116212	-105.017939483	163.786461365	 0.274697484	         0.009442367	         0.001544576	         0.010986943
 18090	    -2911000	 0.099795122	28.270835609	-97.990413365	164.219007481	 0.291522179	         0.011765703	         0.002293321	         0.014059024
 18091	    -2910000	 0.098712852	28.687197845	-90.851441806	164.637857521	 0.308412682	         0.014264402	         0.003205756	         0.017470158
 18092	    -2909000	 0.097542980	29.090937251	-83.858870209	165.085221193	 0.325305876	         0.017021275	         0.004339062	         0.021360337
 18093	    -2908000	 0.096464199	29.481276472	-76.909781674	165.531572296	 0.342104877	         0.019815965	         0.005620221	         0.025436185
 18094	    -2907000	 0.095316880	29.856736530	-69.819305252	165.993567097	 0.358680133	         0.022646226	         0.007064694	         0.029710920
 18095	    -2906000	 0.093901194	30.218751772	-62.805969972	166.466571449	 0.375032186	         0.025403509	         0.008653613	         0.034057122
 18096	    -2905000	 0.092474871	30.564398401	-55.826100367	166.951047600	 0.390967906	         0.027937466	         0.010287106	         0.038224573
 18097	    -2904000	 0.090989505	30.892561985	-48.782557000	167.458361393	 0.406374072	         0.030347118	         0.012043045	         0.042390163
 18098	    -2903000	 0.089302745	31.204072409	-41.654715438	167.964098500	 0.421233071	         0.032313737	         0.013812296	         0.046126032
 18099	    -2902000	 0.087696561	31.495355390	-34.476856490	168.494584431	 0.435320946	         0.034064148	         0.015507181	         0.049571329
 18100	    -2901000	 0.085931291	31.766462610	-27.248840791	169.020523181	 0.448589899	         0.035129144	         0.016563624	         0.051692767
 18101	    -2900000	 0.084280263	32.017201776	-19.830106111	169.557496244	 0.460987006	         0.035800914	         0.017354378	         0.053155293
 18102	    -2899000	 0.082558512	32.244766149	-12.454279955	170.091767184	 0.472334584	         0.036237077	         0.017976180	         0.054213257
 18103	    -2898000	 0.080901675	32.450593572	-4.985224325	170.626331923	 0.482671119	         0.036192874	         0.018197893	         0.054390767
 18104	    -2897000	 0.079500339	32.633788687	 2.582093001	171.143985556	 0.491924788	         0.035769935	         0.018123026	         0.053892961
 18105	    -2896000	 0.077906862	32.793493205	10.271917802	171.635640069	 0.500029981	         0.034918653	         0.017715192	         0.052633845
 18106	    -2895000	 0.076505500	32.931652870	17.896548521	172.117134821	 0.507068225	         0.034116870	         0.017358454	         0.051475324
 18107	    -2894000	 0.075179630	33.047385895	25.516459970	172.552279285	 0.512981546	         0.033129926	         0.016857931	         0.049987857
 18108	    -2893000	 0.074033724	33.141788319	33.363916130	172.966947953	 0.517816061	         0.032029635	         0.016266037	         0.048295673
 18109	    -2892000	 0.072736378	33.215748024	41.092855447	173.327224409	 0.521610211	         0.030938687	         0.015656914	         0.046595601
 18110	    -2891000	 0.071625279	33.269082743	48.874747201	173.638437971	 0.524349687	         0.029862808	         0.015044659	         0.044907467
 18111	    -2890000	 0.070627623	33.303989540	56.692440680	173.888835828	 0.526144115	         0.028771709	         0.014398823	         0.043170531
 18112	    -2889000	 0.069529665	33.320031417	64.576075169	174.082154665	 0.526969151	         0.027832050	         0.013832633	         0.041664683
 18113	    -2888000	 0.068646105	33.317479714	72.384162190	174.216071770	 0.526837901	         0.026945033	         0.013275940	         0.040220973
 18114	    -2887000	 0.067751592	33.298433689	80.301763535	174.278525129	 0.525858433	         0.026221346	         0.012797235	         0.039018581
 18115	    -2886000	 0.066886271	33.261851313	88.291329639	174.266580287	 0.523978091	         0.025516878	         0.012296019	         0.037812896
 18116	    -2885000	 0.066086852	33.208294014	96.187202572	174.202616380	 0.521227568	         0.024991696	         0.011889632	         0.036881327
 18117	    -2884000	 0.065332192	33.138710826	104.156044272	174.069164765	 0.517658307	         0.024604177	         0.011561002	         0.036165178
 18118	    -2883000	 0.064746017	33.052234686	112.233866524	173.879044794	 0.513229625	         0.024235266	         0.011195711	         0.035430977
 18119	    -2882000	 0.064068522	32.950043481	120.436883785	173.632217917	 0.508006846	         0.024082269	         0.010974714	         0.035056983
 18120	    -2881000	 0.063485521	32.831407645	128.522459872	173.329215191	 0.501959087	         0.023916367	         0.010695441	         0.034611807
 18121	    -2880000	 0.063133814	32.696325365	136.707646376	172.974297780	 0.495094532	         0.023684622	         0.010341587	         0.034026209
 18122	    -2879000	 0.062925431	32.546326819	145.121943655	172.592637922	 0.487500812	         0.023664075	         0.010118749	         0.033782824
 18123	    -2878000	 0.062741059	32.380073511	153.420629630	172.152359304	 0.479122198	         0.023517614	         0.009788644	         0.033306258
 18124	    -2877000	 0.062809467	32.198492989	161.687985059	171.696301304	 0.470020090	         0.023277208	         0.009323650	         0.032600858
 18125	    -2876000	 0.063108089	32.002525159	170.063704533	171.218487010	 0.460258215	         0.023059444	         0.008944341	         0.032003784
 18126	    -2875000	 0.063453116	31.791912496	178.281136637	170.715568834	 0.449842877	         0.022741140	         0.008561898	         0.031303039
 18127	    -2874000	 0.064008453	31.568426066	-173.570133216	170.201817602	 0.438882861	         0.022235053	         0.008069023	         0.030304076
 18128	    -2873000	 0.064776133	31.331794984	-165.487324607	169.689615894	 0.427388077	         0.021727674	         0.007628336	         0.029356010
 18129	    -2872000	 0.065430023	31.082876114	-157.435486266	169.160676346	 0.415425797	         0.021049609	         0.007118107	         0.028167716
 18130	    -2871000	 0.066244447	30.824338924	-149.604754592	168.638099216	 0.403149833	         0.020139095	         0.006508773	         0.026647867
 18131	    -2870000	 0.067124121	30.555317059	-141.807804648	168.119555503	 0.390545324	         0.019151235	         0.005905191	         0.025056426
 18132	    -2869000	 0.068104287	30.277142998	-133.969477504	167.607982333	 0.377702567	         0.018106667	         0.005314742	         0.023421408
 18133	    -2868000	 0.068968436	29.991985181	-126.262296162	167.108349357	 0.364747626	         0.016937208	         0.004705220	         0.021642427
 18134	    -2867000	 0.069869384	29.699511093	-118.548550301	166.613319424	 0.351690556	         0.015594915	         0.004047932	         0.019642846
 18135	    -2866000	 0.070987972	29.401177855	-110.985416584	166.139734315	 0.338621094	         0.014337740	         0.003488070	         0.017825810
 18136	    -2865000	 0.072062096	29.097040470	-103.211944105	165.647298120	 0.325565053	         0.012949724	         0.002910643	         0.015860367
 18137	    -2864000	 0.073191991	28.787957610	-95.632648184	165.183318366	 0.312581794	         0.011564383	         0.002375489	         0.013939872
 18138	    -2863000	 0.074369485	28.475205540	-88.096405862	164.726011603	 0.299744489	         0.010187497	         0.001889619	         0.012077116
 18139	    -2862000	 0.075820583	28.157227703	-80.505630449	164.284479019	 0.287009055	         0.008908843	         0.001474393	         0.010383236
 18140	    -2861000	 0.077093735	27.835331913	-73.119584618	163.850007257	 0.274476711	         0.007618759	         0.001091195	         0.008709954
 18141	    -2860000	 0.078617015	27.510235358	-65.777112555	163.419319012	 0.262349607	         0.006442398	         0.000775115	         0.007217513
 18142	    -2859000	 0.080180168	27.180572612	-58.448960312	162.999187935	 0.250599205	         0.005366162	         0.000523000	         0.005889162
 18143	    -2858000	 0.081652153	26.847706839	-51.204724035	162.589130938	 0.239268542	         0.004407017	         0.000327936	         0.004734954
 18144	    -2857000	 0.083173700	26.511312759	-44.154578263	162.183209898	 0.228338175	         0.003567326	         0.000185454	         0.003752779
 18145	    -2856000	 0.084810047	26.171021797	-37.097389373	161.781205269	 0.217789132	         0.002840251	         0.000087981	         0.002928232
 18146	    -2855000	 0.086497554	25.828663800	-30.030955063	161.373380371	 0.207667771	         0.002222341	         0.000028691	         0.002251033
 18147	    -2854000	 0.088028275	25.483134847	-23.130944326	160.981497002	 0.197929523	         0.001712638	         0.000001386	         0.001714023
 18148	    -2853000	 0.089580845	25.135460580	-16.268213037	160.572185000	 0.188591688	         0.001292286	         0.000000000	         0.001292286
 18149	    -2852000	 0.091256185	24.787043413	-9.524091966	160.004688289	 0.179675835	         0.000929040	         0.000000000	         0.000929040
 18150	    -2851000	 0.092823193	24.437209302	-2.738854145	159.700242661	 0.171147776	         0.000692515	         0.000000000	         0.000692515
 18151	    -2850000	 0.094318626	24.088394327	 3.902844966	159.381021939	 0.163047585	         0.000505270	         0.000000000	         0.000505270
 18152	    -2849000	 0.095810578	23.740647893	10.481205941	159.071942747	 0.155353837	         0.000361425	         0.000000000	         0.000361425
 18153	    -2848000	 0.097251606	23.394537850	17.106814718	158.761633097	 0.148056808	         0.000252827	         0.000000000	         0.000252827
 18154	    -2847000	 0.098521939	23.053045701	23.604081876	158.470839791	 0.141193125	         0.000173991	         0.000000000	         0.000173991
 18155	    -2846000	 0.099825758	22.715156171	30.037380348	158.160211345	 0.134715074	         0.000115120	         0.000000000	         0.000115120
 18156	    -2845000	 0.101153763	22.381943964	36.570164804	157.897044398	 0.128617835	         0.000074032	         0.000000000	         0.000074032
 18157	    -2844000	 0.102156813	22.055938097	43.016197879	157.630341658	 0.122919624	         0.000045095	         0.000000000	         0.000045095
 18158	    -2843000	 0.103261892	21.736210637	49.422184399	157.369023648	 0.117576426	         0.000025016	         0.000000000	         0.000025016
 18159	    -2842000	 0.104403174	21.423972300	55.784555149	157.088937798	 0.112582629	         0.000011592	         0.000000000	         0.000011592
 18160	    -2841000	 0.105455402	21.120042690	62.229314117	156.834673466	 0.107925504	         0.000003637	         0.000000000	         0.000003637
 18161	    -2840000	 0.106505209	20.824208426	68.514319888	156.605968346	 0.103577513	         0.000000053	         0.000000000	         0.000000053
 18162	    -2839000	 0.107464074	20.537765875	74.791139211	156.350578792	 0.099534542	         0.000000000	         0.000000000	         0.000000000
 18163	    -2838000	 0.108636481	20.259911346	81.010282059	156.099548903	 0.095763629	         0.000000000	         0.000000000	         0.000000000
 18164	    -2837000	 0.109546981	19.991401815	87.116068204	155.850523995	 0.092255337	         0.000000000	         0.000000000	         0.000000000
 18165	    -2836000	 0.110455459	19.733183100	93.191073923	155.566966464	 0.089002791	         0.000000000	         0.000000000	         0.000000000
 18166	    -2835000	 0.111355621	19.484507349	99.130692871	155.294499956	 0.085978890	         0.000000000	         0.000000000	         0.000000000
 18167	    -2834000	 0.112078036	19.246750772	105.106036799	154.984280102	 0.083183885	         0.000000000	         0.000000000	         0.000000000
 18168	    -2833000	 0.112627026	19.020230580	110.906566760	154.651702275	 0.080605536	         0.000000000	         0.000000000	         0.000000000
 18169	    -2832000	 0.113097492	18.805503090	116.701746237	154.322968960	 0.078235242	         0.000000000	         0.000000000	         0.000000000
 18170	    -2831000	 0.113628294	18.604425416	122.518205622	153.972473807	 0.076078858	         0.000000000	         0.000000000	         0.000000000
 18171	    -2830000	 0.113676469	18.416990381	128.259103930	153.607787244	 0.074122338	         0.000000000	         0.000000000	         0.000000000
 18172	    -2829000	 0.113844481	18.245227334	133.977225694	153.262381759	 0.072373621	         0.000000000	         0.000000000	         0.000000000
 18173	    -2828000	 0.113937554	18.090947435	139.696203378	152.923143302	 0.070838099	         0.000000000	         0.000000000	         0.000000000
 18174	    -2827000	 0.113799620	17.954040773	145.462236111	152.578740588	 0.069502794	         0.000000000	         0.000000000	         0.000000000
 18175	    -2826000	 0.113659024	17.837856251	151.140111841	152.271657711	 0.068389363	         0.000000000	         0.000000000	         0.000000000
 18176	    -2825000	 0.113408586	17.743201759	156.871581883	151.981904301	 0.067495459	         0.000000000	         0.000000000	         0.000000000
 18177	    -2824000	 0.113171788	17.670345964	162.653273188	151.708211081	 0.066815385	         0.000000000	         0.000000000	         0.000000000
 18178	    -2823000	 0.112707727	17.622547426	168.366616305	151.477449863	 0.066372935	         0.000000000	         0.000000000	         0.000000000
 18179	    -2822000	 0.112239310	17.599249202	174.116612766	151.293478026	 0.066158337	         0.000000000	         0.000000000	         0.000000000
 18180	    -2821000	 0.111813043	17.600998620	179.872651493	151.144578828	 0.066174427	         0.000000000	         0.000000000	         0.000000000
 18181	    -2820000	 0.111213771	17.629453347	-174.284349489	151.047157170	 0.066436679	         0.000000000	         0.000000000	         0.000000000
 18182	    -2819000	 0.110512669	17.683307753	-168.498660956	151.007479425	 0.066935874	         0.000000000	         0.000000000	         0.000000000
 18183	    -2818000	 0.109828328	17.763069893	-162.696399627	151.007580522	 0.067682117	         0.000000000	         0.000000000	         0.000000000
 18184	    -2817000	 0.109135072	17.868349656	-156.782748142	151.060605800	 0.068679852	         0.000000000	         0.000000000	         0.000000000
 18185	    -2816000	 0.108290011	17.997125572	-150.922487086	151.127043799	 0.069920280	         0.000000000	         0.000000000	         0.000000000
 18186	    -2815000	 0.107403197	18.149916729	-145.044537840	151.258313387	 0.071421126	         0.000000000	         0.000000000	         0.000000000
 18187	    -2814000	 0.106644922	18.325011267	-139.057729867	151.431982018	 0.073180709	         0.000000000	         0.000000000	         0.000000000
 18188	    -2813000	 0.105436869	18.520590362	-133.095238402	151.635642726	 0.075197451	         0.000000000	         0.000000000	         0.000000000
 18189	    -2812000	 0.104344020	18.736375825	-127.093942965	151.877054941	 0.077487104	         0.000000000	         0.000000000	         0.000000000
 18190	    -2811000	 0.103199638	18.970550080	-121.028006668	152.116657893	 0.080050825	         0.000000000	         0.000000000	         0.000000000
 18191	    -2810000	 0.101877789	19.222500538	-114.779869024	152.431417511	 0.082903962	         0.000001444	         0.000000000	         0.000001444
 18192	    -2809000	 0.100421949	19.490730091	-108.536223068	152.730423762	 0.086053291	         0.000004905	         0.000000000	         0.000004905
 18193	    -2808000	 0.098876305	19.773910426	-102.138358283	153.073033168	 0.089508074	         0.000010843	         0.000000000	         0.000010843
 18194	    -2807000	 0.097438427	20.072480165	-95.635484645	153.433746582	 0.093300925	         0.000019924	         0.000000000	         0.000019924
 18195	    -2806000	 0.095809993	20.384942452	-88.940205222	153.827736530	 0.097442482	         0.000033249	         0.000000000	         0.000033249
 18196	    -2805000	 0.094244962	20.710144989	-82.089252808	154.218735413	 0.101948260	         0.000050688	         0.000000000	         0.000050688
 18197	    -2804000	 0.092777045	21.048500814	-75.179293464	154.644823277	 0.106857577	         0.000074837	         0.000000000	         0.000074837
 18198	    -2803000	 0.091317688	21.399029333	-68.002964691	155.109619032	 0.112192972	         0.000106861	         0.000000000	         0.000106861
 18199	    -2802000	 0.089957329	21.761102846	-60.884189163	155.592283892	 0.117983947	         0.000146426	         0.000000000	         0.000146426
 18200	    -2801000	 0.088669383	22.133339667	-53.616371577	156.101848243	 0.124249233	         0.000196609	         0.000000000	         0.000196609
 18201	    -2800000	 0.087614984	22.515102448	-46.235200434	156.628459952	 0.131020594	         0.000258206	         0.000000000	         0.000258206
 18202	    -2799000	 0.086207442	22.906467414	-38.826772876	157.196824145	 0.138345510	         0.000331096	         0.000000000	         0.000331096
 18203	    -2798000	 0.085055936	23.303798893	-31.419490182	157.793457714	 0.146201137	         0.000418960	         0.000000000	         0.000418960
 18204	    -2797000	 0.083956675	23.706239182	-23.928307267	158.421342182	 0.154612583	         0.000518768	         0.000000000	         0.000518768
 18205	    -2796000	 0.082810741	24.113309311	-16.259572841	159.081637655	 0.163613227	         0.000626778	         0.000000000	         0.000626778
 18206	    -2795000	 0.081513294	24.521434757	-8.659261253	159.765166417	 0.173163236	         0.000748998	         0.000000000	         0.000748998
 18207	    -2794000	 0.080323033	24.929154375	-0.896580727	160.464876988	 0.183260335	         0.000870045	         0.000000000	         0.000870045
 18208	    -2793000	 0.079187514	25.334966453	 6.959140644	161.201611239	 0.193894775	         0.001007619	         0.000000000	         0.001007619
 18209	    -2792000	 0.078030190	25.736613139	14.898128643	162.037167954	 0.205027580	         0.001164967	         0.000000007	         0.001164974
 18210	    -2791000	 0.076985853	26.132832028	23.003615650	162.825796385	 0.216636088	         0.001323777	         0.000010704	         0.001334481
 18211	    -2790000	 0.076089438	26.521607241	31.151556458	163.600775230	 0.228665145	         0.001480245	         0.000030277	         0.001510522
 18212	    -2789000	 0.075201783	26.902008341	39.469595427	164.358155996	 0.241081352	         0.001654235	         0.000060137	         0.001714372
 18213	    -2788000	 0.074427988	27.273592521	47.769006813	165.091654026	 0.253860433	         0.001842138	         0.000097166	         0.001939304
 18214	    -2787000	 0.073902947	27.634571092	56.075034492	165.789673000	 0.266923116	         0.002049116	         0.000141914	         0.002191030
 18215	    -2786000	 0.073581773	27.985568904	64.591665587	166.485690327	 0.280268860	         0.002301607	         0.000200568	         0.002502176
 18216	    -2785000	 0.073130896	28.325880650	73.058210860	167.121432850	 0.293723714	         0.002599279	         0.000272166	         0.002871445
 18217	    -2784000	 0.072919561	28.654565607	81.424224087	167.705173820	 0.307069223	         0.002954284	         0.000360315	         0.003314599
 18218	    -2783000	 0.072955390	28.972845040	89.789195891	168.240893379	 0.320313158	         0.003378273	         0.000468296	         0.003846569
 18219	    -2782000	 0.072961542	29.279424054	98.235439450	168.720762347	 0.333361531	         0.003898672	         0.000603297	         0.004501969
 18220	    -2781000	 0.073101970	29.573704979	106.551301212	169.137084953	 0.346148025	         0.004551969	         0.000781450	         0.005333418
 18221	    -2780000	 0.073302946	29.856374306	114.808902596	169.501478311	 0.358663951	         0.005360970	         0.001011232	         0.006372202
 18222	    -2779000	 0.073655402	30.125933252	123.098990425	169.795335882	 0.370805916	         0.006336898	         0.001302309	         0.007639208
 18223	    -2778000	 0.073930682	30.381384951	131.190635800	170.051778751	 0.382491955	         0.007544636	         0.001683636	         0.009228272
 18224	    -2777000	 0.074357896	30.622335280	139.307776285	170.237385611	 0.393668720	         0.008992873	         0.002170109	         0.011162982
 18225	    -2776000	 0.074853138	30.847368856	147.338966910	170.375142191	 0.404236999	         0.010760604	         0.002811830	         0.013572434
 18226	    -2775000	 0.075182090	31.055912569	155.371082053	170.447827041	 0.414138296	         0.012782686	         0.003589174	         0.016371860
 18227	    -2774000	 0.075662008	31.245981236	163.331369712	170.493892637	 0.423248763	         0.015245948	         0.004637615	         0.019883563
 18228	    -2773000	 0.076156895	31.417017613	171.204873758	170.498709375	 0.431514473	         0.017996257	         0.005909128	         0.023905386
 18229	    -2772000	 0.076883371	31.569226969	179.191962469	170.466033918	 0.438921962	         0.021139523	         0.007512325	         0.028651849
 18230	    -2771000	 0.077399232	31.699827902	-172.912200349	170.399599682	 0.445315140	         0.024633378	         0.009528778	         0.034162155
 18231	    -2770000	 0.078147457	31.809563367	-165.089520075	170.292657861	 0.450712606	         0.028228677	         0.011997972	         0.040226649
 18232	    -2769000	 0.079141965	31.898772279	-157.376297310	170.173075058	 0.455117201	         0.032129702	         0.014885421	         0.047015123
 18233	    -2768000	 0.079988325	31.965897137	-149.551139123	170.033632849	 0.458441062	         0.036122739	         0.017926569	         0.054049308
 18234	    -2767000	 0.081067553	32.012376616	-141.990095996	169.880332486	 0.460747363	         0.039953082	         0.020932618	         0.060885700
 18235	    -2766000	 0.082215845	32.038158497	-134.456757481	169.711338292	 0.462028304	         0.043529954	         0.023795680	         0.067325634
 18236	    -2765000	 0.083406449	32.043376487	-127.008521259	169.527261766	 0.462287696	         0.046600160	         0.026317396	         0.072917555
 18237	    -2764000	 0.084556123	32.029796821	-119.742195892	169.342917746	 0.461612736	         0.049058001	         0.028341550	         0.077399551
 18238	    -2763000	 0.085783399	31.996546080	-112.543127542	169.139955147	 0.459961423	         0.050711345	         0.029713060	         0.080424405
 18239	    -2762000	 0.086994493	31.944694059	-105.390370215	168.951724206	 0.457390255	         0.051937386	         0.030719420	         0.082656806
 18240	    -2761000	 0.087994030	31.875935803	-98.297434123	168.750950481	 0.453988269	         0.052131940	         0.030847893	         0.082979833
 18241	    -2760000	 0.089020362	31.789083602	-91.304056429	168.549100563	 0.449703541	         0.051101929	         0.029846711	         0.080948640
 18242	    -2759000	 0.090070676	31.685620560	-84.344770413	168.348193949	 0.444618032	         0.049473829	         0.028353771	         0.077827600
 18243	    -2758000	 0.091053210	31.565742492	-77.298810696	168.164820070	 0.438751856	         0.046923971	         0.026021388	         0.072945359
 18244	    -2757000	 0.091923054	31.429061489	-70.326926358	167.970428135	 0.432098861	         0.043622584	         0.023073002	         0.066695586
 18245	    -2756000	 0.092837161	31.276886761	-63.407254475	167.782057935	 0.424737686	         0.039867486	         0.019831768	         0.059699254
 18246	    -2755000	 0.093908741	31.107901209	-56.457629705	167.603973738	 0.416622211	         0.036058625	         0.016623335	         0.052681960
 18247	    -2754000	 0.094822117	30.922792946	-49.503930768	167.424879119	 0.407806307	         0.031981075	         0.013224772	         0.045205847
 18248	    -2753000	 0.095796880	30.722496381	-42.624313047	167.237153549	 0.398357422	         0.027902191	         0.010375538	         0.038277729
 18249	    -2752000	 0.096996152	30.505475229	-35.820845875	167.067288824	 0.388229720	         0.024019423	         0.008064530	         0.032083953
 18250	    -2751000	 0.097936098	30.272888381	-28.957761377	166.894473475	 0.377507690	         0.020274006	         0.006131928	         0.026405935
 18251	    -2750000	 0.099010211	30.025314947	-22.264031978	166.720897183	 0.366250550	         0.016885399	         0.004590850	         0.021476249
 18252	    -2749000	 0.100104335	29.762529065	-15.570839956	166.542808630	 0.354483748	         0.013863270	         0.003374064	         0.017237334
 18253	    -2748000	 0.101177704	29.486209003	-8.880080540	166.378312774	 0.342320020	         0.011241630	         0.002438008	         0.013679638
 18254	    -2747000	 0.102066600	29.196105334	-2.305308728	166.187887037	 0.329787538	         0.008931244	         0.001700315	         0.010631559
 18255	    -2746000	 0.103053455	28.894058314	 4.282142314	166.008309304	 0.317005762	         0.007068922	         0.001176110	         0.008245032
 18256	    -2745000	 0.104053430	28.581959895	10.754521946	165.819603303	 0.304091989	         0.005525975	         0.000787213	         0.006313188
 18257	    -2744000	 0.104846292	28.259373887	17.322521899	165.623521675	 0.291064983	         0.004252353	         0.000501712	         0.004754065
 18258	    -2743000	 0.105644519	27.929597602	23.779134649	165.422411051	 0.278096825	         0.003250680	         0.000306593	         0.003557273
 18259	    -2742000	 0.106344942	27.593859302	30.170896043	165.193979949	 0.265416880	         0.002469613	         0.000177244	         0.002646857
 18260	    -2741000	 0.107127077	27.252530335	36.654300564	164.970358066	 0.253118307	         0.001869457	         0.000095438	         0.001964895
 18261	    -2740000	 0.107648192	26.908912784	43.028476656	164.645833150	 0.241312833	         0.001392779	         0.000041967	         0.001434746
 18262	    -2739000	 0.108187791	26.563285317	49.419409571	164.440581956	 0.229993705	         0.001051489	         0.000015043	         0.001066532
 18263	    -2738000	 0.108747023	26.216780594	55.758034386	164.208632243	 0.219178788	         0.000792892	         0.000002302	         0.000795194
 18264	    -2737000	 0.109025206	25.871890596	62.174641557	163.981651310	 0.208919304	         0.000602813	         0.000000000	         0.000602813
 18265	    -2736000	 0.109332405	25.528099223	68.471394241	163.705187715	 0.199170466	         0.000454027	         0.000000000	         0.000454027
 18266	    -2735000	 0.109695780	25.186751284	74.818983550	163.429117469	 0.189941040	         0.000347452	         0.000000000	         0.000347452
 18267	    -2734000	 0.109926540	24.848993800	81.236101599	163.112796983	 0.181229724	         0.000266392	         0.000000000	         0.000266392
 18268	    -2733000	 0.110057067	24.514425812	87.534904226	162.758024640	 0.172994615	         0.000206167	         0.000000000	         0.000206167
 18269	    -2732000	 0.110300831	24.184537688	93.850668944	162.392393394	 0.165241166	         0.000161323	         0.000000000	         0.000161323
 18270	    -2731000	 0.110547503	23.859167861	100.145476651	161.991088452	 0.157934377	         0.000127556	         0.000000000	         0.000127556
 18271	    -2730000	 0.110640502	23.538777652	106.410485148	161.560007785	 0.151055206	         0.000102444	         0.000000000	         0.000102444
 18272	    -2729000	 0.110778650	23.224797761	112.641197110	161.100099054	 0.144604462	         0.000083697	         0.000000000	         0.000083697
 18273	    -2728000	 0.110921969	22.917022215	118.767588660	160.625249311	 0.138548628	         0.000069472	         0.000000000	         0.000069472
 18274	    -2727000	 0.110938431	22.616614532	124.948539935	160.110118716	 0.132882423	         0.000057692	         0.000000000	         0.000057692
 18275	    -2726000	 0.110797209	22.324666233	131.055578726	159.583271739	 0.127597896	         0.000048975	         0.000000000	         0.000048975
 18276	    -2725000	 0.110642721	22.041979811	137.076051671	159.053182480	 0.122681366	         0.000041525	         0.000000000	         0.000041525
 18277	    -2724000	 0.110464546	21.770126201	143.180316542	158.520342138	 0.118132021	         0.000035731	         0.000000000	         0.000035731
 18278	    -2723000	 0.109919881	21.509556746	149.247307623	157.984724122	 0.113929936	         0.000030568	         0.000000000	         0.000030568
 18279	    -2722000	 0.109395797	21.262001948	155.333267671	157.471185190	 0.110076277	         0.000026525	         0.000000000	         0.000026525
 18280	    -2721000	 0.108910841	21.029007674	161.404808486	156.956832774	 0.106568433	         0.000022712	         0.000000000	         0.000022712
 18281	    -2720000	 0.108102869	20.810450516	167.609327946	156.456676024	 0.103379626	         0.000019360	         0.000000000	         0.000019360
 18282	    -2719000	 0.107403905	20.608431629	173.745840675	155.991573814	 0.100517041	         0.000016607	         0.000000000	         0.000016607
 18283	    -2718000	 0.106594630	20.423400461	179.942733326	155.558056407	 0.097964772	         0.000014317	         0.000000000	         0.000014317
 18284	    -2717000	 0.105862995	20.255084315	-173.754836625	155.130407294	 0.095699397	         0.000012063	         0.000000000	         0.000012063
 18285	    -2716000	 0.104887711	20.105307205	-167.541554235	154.753497884	 0.093727626	         0.000010215	         0.000000000	         0.000010215
 18286	    -2715000	 0.104046215	19.973152337	-161.232513824	154.422797682	 0.092021611	         0.000009098	         0.000000000	         0.000009098
 18287	    -2714000	 0.103198242	19.858303458	-154.944910327	154.089794261	 0.090564242	         0.000007558	         0.000000000	         0.000007558
 18288	    -2713000	 0.102154679	19.761573856	-148.567700987	153.819705722	 0.089354718	         0.000006628	         0.000000000	         0.000006628
 18289	    -2712000	 0.101128681	19.681474890	-142.190813515	153.556089074	 0.088365382	         0.000005801	         0.000000000	         0.000005801
 18290	    -2711000	 0.100027166	19.617580575	-135.844885037	153.344122197	 0.087584057	         0.000005318	         0.000000000	         0.000005318
 18291	    -2710000	 0.099040914	19.569513468	-129.340730189	153.163323973	 0.087000829	         0.000004913	         0.000000000	         0.000004913
 18292	    -2709000	 0.097732901	19.536128905	-122.826443069	153.010080946	 0.086598041	         0.000004600	         0.000000000	         0.000004600
 18293	    -2708000	 0.096543261	19.517143336	-116.252193454	152.881572740	 0.086369811	         0.000004470	         0.000000000	         0.000004470
 18294	    -2707000	 0.095415560	19.511274715	-109.632084751	152.785426907	 0.086299384	         0.000004477	         0.000000000	         0.000004477
 18295	    -2706000	 0.094030193	19.517942934	-102.863276039	152.713670518	 0.086379411	         0.000004566	         0.000000000	         0.000004566
 18296	    -2705000	 0.092835276	19.537076064	-96.118482289	152.673470236	 0.086609443	         0.000004782	         0.000000000	         0.000004782
 18297	    -2704000	 0.091649669	19.567418509	-89.237891701	152.659722531	 0.086975498	         0.000005111	         0.000000000	         0.000005111
 18298	    -2703000	 0.090350277	19.608893987	-82.203534255	152.665314897	 0.087478368	         0.000005482	         0.000000000	         0.000005482
 18299	    -2702000	 0.089004911	19.661169644	-75.193442595	152.702967861	 0.088116329	         0.000005998	         0.000000000	         0.000005998
 18300	    -2701000	 0.087789095	19.723854983	-68.085215355	152.770357678	 0.088887464	         0.000006590	         0.000000000	         0.000006590
 18301	    -2700000	 0.086634066	19.796908588	-60.843744617	152.863777780	 0.089794666	         0.000007329	         0.000000000	         0.000007329
 18302	    -2699000	 0.085344023	19.879602027	-53.407661352	152.968008622	 0.090832755	         0.000007756	         0.000000000	         0.000007756
 18303	    -2698000	 0.084144662	19.972226929	-45.944355555	153.112131812	 0.092009775	         0.000008566	         0.000000000	         0.000008566
 18304	    -2697000	 0.083037710	20.074325106	-38.411354059	153.268012296	 0.093324855	         0.000009474	         0.000000000	         0.000009474
 18305	    -2696000	 0.082051406	20.185195645	-30.679759296	153.482836485	 0.094774224	         0.000010757	         0.000000000	         0.000010757
 18306	    -2695000	 0.081158477	20.305041330	-22.852967689	153.714835727	 0.096366249	         0.000012170	         0.000000000	         0.000012170
 18307	    -2694000	 0.080350632	20.432661293	-14.994884018	153.964462235	 0.098090959	         0.000013426	         0.000000000	         0.000013426
 18308	    -2693000	 0.079824906	20.567769179	-7.022365117	154.266011405	 0.099950513	         0.000014960	         0.000000000	         0.000014960
 18309	    -2692000	 0.079114490	20.710271270	 0.973928015	154.588377735	 0.101950050	         0.000016553	         0.000000000	         0.000016553
 18310	    -2691000	 0.078693589	20.858127127	 8.975038444	154.950799876	 0.104067003	         0.000018427	         0.000000000	         0.000018427
 18311	    -2690000	 0.078464505	21.011543948	16.952141987	155.309373826	 0.106310057	         0.000019748	         0.000000000	         0.000019748
 18312	    -2689000	 0.078184451	21.170129709	25.198703336	155.715069840	 0.108679514	         0.000021139	         0.000000000	         0.000021139
 18313	    -2688000	 0.077943508	21.331940091	33.232401476	156.145178276	 0.111151591	         0.000023291	         0.000000000	         0.000023291
 18314	    -2687000	 0.077879978	21.497175679	41.336047189	156.578084373	 0.113734035	         0.000025375	         0.000000000	         0.000025375
 18315	    -2686000	 0.077979014	21.665208442	49.457594502	157.025230393	 0.116421736	         0.000027685	         0.000000000	         0.000027685
 18316	    -2685000	 0.078015709	21.835467259	57.702248792	157.479230544	 0.119209831	         0.000030259	         0.000000000	         0.000030259
 18317	    -2684000	 0.078287293	22.007824711	65.909859619	157.922211890	 0.122100309	         0.000034119	         0.000000000	         0.000034119
 18318	    -2683000	 0.078602709	22.181569197	74.053935461	158.349638325	 0.125084986	         0.000038631	         0.000000000	         0.000038631
 18319	    -2682000	 0.079098220	22.357385877	82.293963355	158.769331806	 0.128179537	         0.000045105	         0.000000000	         0.000045105
 18320	    -2681000	 0.079748308	22.535030139	90.389307211	159.156316871	 0.131384018	         0.000053636	         0.000000000	         0.000053636
 18321	    -2680000	 0.080453844	22.713974496	98.467901443	159.528597458	 0.134692949	         0.000064728	         0.000000000	         0.000064728
 18322	    -2679000	 0.081385187	22.895420574	106.510564888	159.851318581	 0.138133242	         0.000079864	         0.000000000	         0.000079864
 18323	    -2678000	 0.082124784	23.079067399	114.515135478	160.139157042	 0.141704747	         0.000099230	         0.000000000	         0.000099230
 18324	    -2677000	 0.083089690	23.264734385	122.343140493	160.385516434	 0.145409421	         0.000124317	         0.000000000	         0.000124317
 18325	    -2676000	 0.084115325	23.453184120	130.117484858	160.608378568	 0.149268675	         0.000157483	         0.000000000	         0.000157483
 18326	    -2675000	 0.085255133	23.644003625	138.023835568	160.796762538	 0.153280838	         0.000200286	         0.000000000	         0.000200286
 18327	    -2674000	 0.086180239	23.837366964	145.683718947	160.936531657	 0.157456509	         0.000253315	         0.000000000	         0.000253315
 18328	    -2673000	 0.087310716	24.033043718	153.301412021	161.072372188	 0.161797953	         0.000321994	         0.000000000	         0.000321994
 18329	    -2672000	 0.088517043	24.230683485	160.902694720	161.182116023	 0.166304473	         0.000408669	         0.000000000	         0.000408669
 18330	    -2671000	 0.089629535	24.430375089	168.446807704	161.258519225	 0.170985271	         0.000516252	         0.000000000	         0.000516252
 18331	    -2670000	 0.090849871	24.630939632	175.870234811	161.498844270	 0.175819146	         0.000672989	         0.000000000	         0.000672989
 18332	    -2669000	 0.092043295	24.832234469	-176.755079509	161.607019792	 0.180808032	         0.000850283	         0.000000000	         0.000850283
 18333	    -2668000	 0.093174426	25.033989645	-169.402206385	161.705016979	 0.185950375	         0.001072473	         0.000000000	         0.001072473
 18334	    -2667000	 0.094345935	25.234602400	-162.201854638	161.794345073	 0.191208606	         0.001338771	         0.000000000	         0.001338771
 18335	    -2666000	 0.095435494	25.434244773	-155.059291050	161.874172830	 0.196589009	         0.001655302	         0.000002070	         0.001657372
 18336	    -2665000	 0.096587271	25.632333814	-147.881429354	161.951471356	 0.202077175	         0.002035432	         0.000019191	         0.002054623
 18337	    -2664000	 0.097527510	25.827535578	-140.763628692	162.031965582	 0.207635206	         0.002478732	         0.000049523	         0.002528255
 18338	    -2663000	 0.098463229	26.020200297	-133.753767226	162.116940455	 0.213270885	         0.002981135	         0.000095373	         0.003076507
 18339	    -2662000	 0.099472747	26.209629678	-126.787294330	162.201716065	 0.218961038	         0.003545670	         0.000163803	         0.003709473
 18340	    -2661000	 0.100359626	26.395309561	-119.706180032	162.291305675	 0.224685873	         0.004185040	         0.000254671	         0.004439712
 18341	    -2660000	 0.101227596	26.577440463	-112.762565383	162.377676396	 0.230446678	         0.004827771	         0.000358931	         0.005186702
 18342	    -2659000	 0.102075769	26.755327412	-105.894390823	162.483562759	 0.236215799	         0.005562602	         0.000499711	         0.006062313
 18343	    -2658000	 0.103055584	26.929336184	-98.917982298	162.583216035	 0.241998858	         0.006289707	         0.000648454	         0.006938161
 18344	    -2657000	 0.103799881	27.099295454	-92.112904315	162.709451360	 0.247783987	         0.007033864	         0.000822024	         0.007855888
 18345	    -2656000	 0.104640156	27.264581170	-85.315109969	162.830360201	 0.253542652	         0.007704236	         0.000986071	         0.008690307
 18346	    -2655000	 0.105480351	27.426009943	-78.569925111	162.977499247	 0.259296102	         0.008403031	         0.001179187	         0.009582218
 18347	    -2654000	 0.106073034	27.582781512	-71.825867582	163.130375340	 0.265008502	         0.008925695	         0.001327511	         0.010253205
 18348	    -2653000	 0.106746685	27.734385333	-65.177564327	163.296921090	 0.270652265	         0.009421136	         0.001482417	         0.010903553
 18349	    -2652000	 0.107247844	27.881143345	-58.547905777	163.479696063	 0.276230097	         0.009753862	         0.001595001	         0.011348863
 18350	    -2651000	 0.107786702	28.021802519	-51.877336101	163.675723498	 0.281683466	         0.009958842	         0.001679982	         0.011638823
 18351	    -2650000	 0.108078296	28.156168700	-45.285151642	163.891439099	 0.286967181	         0.010071119	         0.001744853	         0.011815972
 18352	    -2649000	 0.108370864	28.283511059	-38.672678567	164.114477737	 0.292028279	         0.009969945	         0.001739517	         0.011709462
 18353	    -2648000	 0.108749454	28.402456580	-32.105008423	164.372792721	 0.296802423	         0.009880937	         0.001753772	         0.011634709
 18354	    -2647000	 0.108860101	28.513112889	-25.427588838	164.635985104	 0.301284136	         0.009547885	         0.001689366	         0.011237251
 18355	    -2646000	 0.109041996	28.613871138	-18.880860184	164.911868037	 0.305398496	         0.009150955	         0.001611318	         0.010762273
 18356	    -2645000	 0.109178276	28.703715852	-12.329605575	165.192574384	 0.309093986	         0.008625228	         0.001494475	         0.010119703
 18357	    -2644000	 0.109361230	28.782989460	-5.681626396	165.498244204	 0.312375491	         0.008095319	         0.001389293	         0.009484611
 18358	    -2643000	 0.109342377	28.849860698	 0.840339440	165.799870153	 0.315158697	         0.007480668	         0.001256623	         0.008737291
 18359	    -2642000	 0.109392355	28.904268687	 7.351407689	166.109648517	 0.317433315	         0.006862429	         0.001128261	         0.007990690
 18360	    -2641000	 0.109440654	28.946269041	13.929648060	166.419168347	 0.319195406	         0.006224535	         0.000995446	         0.007219981
 18361	    -2640000	 0.109288916	28.974515656	20.471228783	166.719906080	 0.320383494	         0.005609306	         0.000871649	         0.006480955
 18362	    -2639000	 0.109187454	28.990076438	26.959712651	167.029960579	 0.321039037	         0.005058469	         0.000765685	         0.005824154
 18363	    -2638000	 0.109031774	28.992496968	33.479957303	167.320553158	 0.321141075	         0.004532522	         0.000666452	         0.005198974
 18364	    -2637000	 0.108772981	28.981245806	40.062153809	167.591555313	 0.320666931	         0.004038633	         0.000572293	         0.004610927
 18365	    -2636000	 0.108536247	28.957894110	46.570894445	167.840682715	 0.319684077	         0.003631618	         0.000501027	         0.004132645
 18366	    -2635000	 0.108184778	28.921660648	53.082385359	168.052499008	 0.318162327	         0.003244705	         0.000428977	         0.003673681
 18367	    -2634000	 0.107942371	28.872765840	59.648782921	168.246047407	 0.316115179	         0.002936811	         0.000376555	         0.003313366
 18368	    -2633000	 0.107498662	28.812449271	66.199950057	168.370345258	 0.313599922	         0.002665189	         0.000328362	         0.002993550
 18369	    -2632000	 0.107020740	28.739701267	72.696357806	168.454928462	 0.310581178	         0.002433006	         0.000285917	         0.002718922
 18370	    -2631000	 0.106692871	28.655314731	79.186505671	168.503028228	 0.307100027	         0.002257839	         0.000255441	         0.002513281
 18371	    -2630000	 0.106068961	28.559603891	85.779382393	168.480376810	 0.303178591	         0.002115268	         0.000228329	         0.002343596
 18372	    -2629000	 0.105453870	28.451709956	92.285008508	168.412608980	 0.298792466	         0.002006311	         0.000206106	         0.002212416
 18373	    -2628000	 0.104787857	28.332584894	98.768151192	168.270423200	 0.293992511	         0.001914122	         0.000184440	         0.002098562
 18374	    -2627000	 0.104127250	28.201580348	105.395809550	168.082200605	 0.288766060	         0.001858983	         0.000169269	         0.002028252
 18375	    -2626000	 0.103252039	28.058604769	111.941563836	167.829208214	 0.283124854	         0.001815574	         0.000153839	         0.001969413
 18376	    -2625000	 0.102457775	27.904365092	118.562230944	167.522722485	 0.277123160	         0.001786164	         0.000139824	         0.001925987
 18377	    -2624000	 0.101683764	27.737713504	125.193406279	167.174817144	 0.270777502	         0.001764811	         0.000125753	         0.001890564
 18378	    -2623000	 0.100715912	27.559459271	131.924068154	171.098842552	 0.264150791	         0.002900315	         0.000359027	         0.003259342
 18379	    -2622000	 0.099953051	27.370032984	138.578062070	166.362785413	 0.257286401	         0.001755908	         0.000101069	         0.001856977
 18380	    -2621000	 0.099099890	27.168777447	145.275622347	165.892309540	 0.250188678	         0.001739846	         0.000085911	         0.001825757
 18381	    -2620000	 0.098322043	26.957148668	152.064039418	165.418811905	 0.242936221	         0.001734777	         0.000073397	         0.001808174
 18382	    -2619000	 0.097473265	26.735150851	158.753758462	164.917514872	 0.235554250	         0.001722308	         0.000060660	         0.001782968
 18383	    -2618000	 0.096577629	26.503544287	165.469956026	164.395482521	 0.228091744	         0.001684673	         0.000045461	         0.001730134
 18384	    -2617000	 0.095835863	26.263974837	172.177846549	163.878568429	 0.220621327	         0.001651161	         0.000032507	         0.001683668
 18385	    -2616000	 0.094829375	26.016051662	178.995779686	163.341859332	 0.213147936	         0.001595406	         0.000019281	         0.001614687
 18386	    -2615000	 0.093825192	25.762078603	-174.310878433	162.812196262	 0.205754602	         0.001527873	         0.000008958	         0.001536831
 18387	    -2614000	 0.092848876	25.503445627	-167.552313532	162.283949461	 0.198489107	         0.001444669	         0.000001291	         0.001445959
 18388	    -2613000	 0.091821069	25.239795381	-160.629064339	161.753421629	 0.191346675	         0.001350204	         0.000000000	         0.001350204
 18389	    -2612000	 0.090632054	24.974018671	-153.797857575	161.240747211	 0.184406742	         0.001250363	         0.000000000	         0.001250363
 18390	    -2611000	 0.089536484	24.706916654	-146.884425038	160.739336335	 0.177685777	         0.001138755	         0.000000000	         0.001138755
 18391	    -2610000	 0.088422571	24.438715836	-139.840572035	160.250605587	 0.171183620	         0.001036207	         0.000000000	         0.001036207
 18392	    -2609000	 0.087254339	24.171977279	-132.813561845	159.763396790	 0.164952923	         0.000918594	         0.000000000	         0.000918594
 18393	    -2608000	 0.086178662	23.906523519	-125.727505429	159.304040850	 0.158977399	         0.000810010	         0.000000000	         0.000810010
 18394	    -2607000	 0.085199748	23.643323412	-118.587610162	158.844713346	 0.153266346	         0.000700552	         0.000000000	         0.000700552
 18395	    -2606000	 0.084083589	23.384109653	-111.319846221	158.409573187	 0.147842353	         0.000599521	         0.000000000	         0.000599521
 18396	    -2605000	 0.083085483	23.128241839	-104.135048347	157.972000900	 0.142676652	         0.000505627	         0.000000000	         0.000505627
 18397	    -2604000	 0.082102140	22.877315215	-96.923185252	157.516274040	 0.137786046	         0.000412107	         0.000000000	         0.000412107
 18398	    -2603000	 0.081261802	22.631967781	-89.567666259	156.949594486	 0.133166310	         0.000315076	         0.000000000	         0.000315076
 18399	    -2602000	 0.080302328	22.392183219	-82.189009448	156.606012679	 0.128801022	         0.000257477	         0.000000000	         0.000257477
 18400	    -2601000	 0.079364524	22.159893807	-74.818964901	156.256136918	 0.124708688	         0.000203532	         0.000000000	         0.000203532
 18401	    -2600000	 0.078603088	21.934943057	-67.452810673	155.936164716	 0.120869610	         0.000159618	         0.000000000	         0.000159618
 18402	    -2599000	 0.077826174	21.718473145	-59.861346629	155.636215852	 0.117286897	         0.000123817	         0.000000000	         0.000123817
 18403	    -2598000	 0.077121487	21.512671584	-52.347059187	155.365047017	 0.113979274	         0.000094904	         0.000000000	         0.000094904
 18404	    -2597000	 0.076474703	21.317134781	-44.809695136	155.106449741	 0.110923083	         0.000071119	         0.000000000	         0.000071119
 18405	    -2596000	 0.075996955	21.133573292	-37.048544744	154.885641082	 0.108128676	         0.000053457	         0.000000000	         0.000053457
 18406	    -2595000	 0.075426228	20.963847940	-29.485416146	154.682558070	 0.105607579	         0.000039218	         0.000000000	         0.000039218
 18407	    -2594000	 0.075111884	20.808098936	-21.817919821	154.511617607	 0.103345840	         0.000028212	         0.000000000	         0.000028212
 18408	    -2593000	 0.074875121	20.667809203	-14.080290569	154.370179541	 0.101350090	         0.000019744	         0.000000000	         0.000019744
 18409	    -2592000	 0.074559576	20.543404295	-6.248439262	154.270830790	 0.099612581	         0.000013499	         0.000000000	         0.000013499
 18410	    -2591000	 0.074452936	20.436045537	 1.490012593	154.194244866	 0.098137113	         0.000008582	         0.000000000	         0.000008582
 18411	    -2590000	 0.074374762	20.346319565	 9.278803199	154.169569892	 0.096920756	         0.000005253	         0.000000000	         0.000005253
 18412	    -2589000	 0.074652037	20.273315463	17.175692601	154.168369034	 0.095942219	         0.000002716	         0.000000000	         0.000002716
 18413	    -2588000	 0.074771846	20.218350762	25.055535789	154.224974162	 0.095212005	         0.000001088	         0.000000000	         0.000001088
 18414	    -2587000	 0.075118791	20.180713779	32.930483803	154.307118374	 0.094715200	         0.000000187	         0.000000000	         0.000000187
 18415	    -2586000	 0.075647341	20.159224239	40.714895503	154.454452645	 0.094432703	         0.000000000	         0.000000000	         0.000000000
 18416	    -2585000	 0.076303827	20.154379701	48.611416271	154.624158288	 0.094369135	         0.000000000	         0.000000000	         0.000000000
 18417	    -2584000	 0.077070010	20.164563967	56.337252887	154.807221131	 0.094502820	         0.000000000	         0.000000000	         0.000000000
 18418	    -2583000	 0.077985475	20.189060706	64.053275201	155.032154618	 0.094825155	         0.000000000	         0.000000000	         0.000000000
 18419	    -2582000	 0.079007223	20.227589391	71.803833545	155.272711384	 0.095334352	         0.000000000	         0.000000000	         0.000000000
 18420	    -2581000	 0.079911981	20.278051388	79.400432841	155.515870350	 0.096005398	         0.000000000	         0.000000000	         0.000000000
 18421	    -2580000	 0.080988245	20.340381840	86.884470562	155.746544144	 0.096840796	         0.000000000	         0.000000000	         0.000000000
 18422	    -2579000	 0.082264293	20.413881629	94.486360330	156.010696211	 0.097835239	         0.000000000	         0.000000000	         0.000000000
 18423	    -2578000	 0.083334239	20.496812694	102.093590520	156.256750650	 0.098969552	         0.000000000	         0.000000000	         0.000000000
 18424	    -2577000	 0.084514850	20.589338747	109.571779652	156.466259768	 0.100250631	         0.000000051	         0.000000000	         0.000000051
 18425	    -2576000	 0.085760575	20.690387831	117.061274899	156.644251985	 0.101668669	         0.000000878	         0.000000000	         0.000000878
 18426	    -2575000	 0.087194599	20.799220039	124.581804038	156.824217864	 0.103218372	         0.000002987	         0.000000000	         0.000002987
 18427	    -2574000	 0.088580580	20.915638213	132.020620712	156.960986848	 0.104902253	         0.000006051	         0.000000000	         0.000006051
 18428	    -2573000	 0.089998453	21.038301137	139.485184222	157.108637658	 0.106706187	         0.000011234	         0.000000000	         0.000011234
 18429	    -2572000	 0.091588228	21.166955261	146.837644920	157.191670919	 0.108631569	         0.000017563	         0.000000000	         0.000017563
 18430	    -2571000	 0.093067549	21.300904423	154.195551504	157.272500146	 0.110673120	         0.000026243	         0.000000000	         0.000026243
 18431	    -2570000	 0.094548749	21.438581281	161.449037531	157.337504678	 0.112811477	         0.000037784	         0.000000000	         0.000037784
 18432	    -2569000	 0.096122795	21.579717717	168.636895079	157.411663554	 0.115046459	         0.000052670	         0.000000000	         0.000052670
 18433	    -2568000	 0.097631895	21.723268843	175.930429414	157.419078522	 0.117365107	         0.000070088	         0.000000000	         0.000070088
 18434	    -2567000	 0.098944323	21.867545738	-176.959941925	157.469314075	 0.119742564	         0.000092554	         0.000000000	         0.000092554
 18435	    -2566000	 0.100266430	22.011962064	-169.837872105	157.483126713	 0.122170548	         0.000119003	         0.000000000	         0.000119003
 18436	    -2565000	 0.101759824	22.155362343	-162.735763858	157.503169628	 0.124630162	         0.000151411	         0.000000000	         0.000151411
 18437	    -2564000	 0.102896818	22.296627417	-155.581183905	157.515293104	 0.127101565	         0.000189401	         0.000000000	         0.000189401
 18438	    -2563000	 0.104143745	22.434725748	-148.518361454	157.525446469	 0.129564932	         0.000233551	         0.000000000	         0.000233551
 18439	    -2562000	 0.105302510	22.568914218	-141.483940237	157.535994793	 0.132004281	         0.000284220	         0.000000000	         0.000284220
 18440	    -2561000	 0.106517642	22.698775073	-134.364060884	157.724680033	 0.134408681	         0.000364592	         0.000000000	         0.000364592
 18441	    -2560000	 0.107578600	22.823292345	-127.413366451	157.797157278	 0.136755261	         0.000442277	         0.000000000	         0.000442277
 18442	    -2559000	 0.108634920	22.942337083	-120.380650307	157.847274291	 0.139037007	         0.000523196	         0.000000000	         0.000523196
 18443	    -2558000	 0.109697615	23.055886702	-113.426275556	157.891257227	 0.141248893	         0.000604914	         0.000000000	         0.000604914
 18444	    -2557000	 0.110495192	23.163503189	-106.492114019	157.928280567	 0.143377674	         0.000687110	         0.000000000	         0.000687110
 18445	    -2556000	 0.111292614	23.265441910	-99.588316094	157.965211914	 0.145423722	         0.000765140	         0.000000000	         0.000765140
 18446	    -2555000	 0.112017732	23.361773276	-92.734028176	158.014586529	 0.147384050	         0.000842520	         0.000000000	         0.000842520
 18447	    -2554000	 0.112734911	23.452495508	-85.786156689	158.063112217	 0.149254388	         0.000915418	         0.000000000	         0.000915418
 18448	    -2553000	 0.113090395	23.538109662	-78.949488455	158.103803534	 0.151041181	         0.000958544	         0.000000000	         0.000958544
 18449	    -2552000	 0.113541336	23.618439416	-72.110926929	158.163775593	 0.152737133	         0.001000763	         0.000000000	         0.001000763
 18450	    -2551000	 0.114031124	23.693641011	-65.248968287	158.214707437	 0.154342071	         0.001022310	         0.000000000	         0.001022310
 18451	    -2550000	 0.114184998	23.764120301	-58.418076697	158.281271460	 0.155861532	         0.001030716	         0.000000000	         0.001030716
 18452	    -2549000	 0.114409219	23.829478972	-51.643933118	158.348435091	 0.157283963	         0.001016828	         0.000000000	         0.001016828
 18453	    -2548000	 0.114628693	23.889960273	-44.872020077	158.433472544	 0.158611808	         0.000996208	         0.000000000	         0.000996208
 18454	    -2547000	 0.114629268	23.945692270	-38.078807896	158.509295985	 0.159845305	         0.000955146	         0.000000000	         0.000955146
 18455	    -2546000	 0.114579344	23.996473969	-31.387248255	158.413745833	 0.160977590	         0.000857542	         0.000000000	         0.000857542
 18456	    -2545000	 0.114471696	24.042662633	-24.717968518	158.567319062	 0.162014427	         0.000818278	         0.000000000	         0.000818278
 18457	    -2544000	 0.114349703	24.084331162	-18.015486145	158.742332746	 0.162955525	         0.000764400	         0.000000000	         0.000764400
 18458	    -2543000	 0.113927119	24.121531314	-11.368922621	158.937955128	 0.163800321	         0.000714312	         0.000000000	         0.000714312
 18459	    -2542000	 0.113510914	24.154831932	-4.723089129	159.143083614	 0.164560275	         0.000654586	         0.000000000	         0.000654586
 18460	    -2541000	 0.113061713	24.184407505	 1.878299849	159.368315431	 0.165238176	         0.000595394	         0.000000000	         0.000595394
 18461	    -2540000	 0.112437415	24.210667363	 8.539231338	159.602399482	 0.165842417	         0.000537401	         0.000000000	         0.000537401
 18462	    -2539000	 0.111797484	24.234236858	15.180150174	159.843542731	 0.166386634	         0.000480583	         0.000000000	         0.000480583
 18463	    -2538000	 0.111095481	24.255374748	21.755617100	160.123860545	 0.166876225	         0.000433667	         0.000000000	         0.000433667
 18464	    -2537000	 0.110473693	24.274713850	28.445750666	160.398331109	 0.167325414	         0.000388390	         0.000000000	         0.000388390
 18465	    -2536000	 0.109546455	24.292669429	35.006579536	160.674257766	 0.167743551	         0.000348816	         0.000000000	         0.000348816
 18466	    -2535000	 0.108670666	24.309650001	41.586556498	160.936394503	 0.168139943	         0.000311540	         0.000000000	         0.000311540
 18467	    -2534000	 0.107965821	24.326164586	48.160281717	161.221825701	 0.168526357	         0.000283603	         0.000000000	         0.000283603
 18468	    -2533000	 0.106841729	24.342525368	54.769511808	161.475432338	 0.168910047	         0.000258689	         0.000000000	         0.000258689
 18469	    -2532000	 0.105826177	24.359122290	61.292466657	161.723218697	 0.169300167	         0.000240041	         0.000000000	         0.000240041
 18470	    -2531000	 0.104718904	24.376263840	67.830777362	161.932695877	 0.169704036	         0.000225734	         0.000000000	         0.000225734
 18471	    -2530000	 0.103619771	24.394224186	74.420147345	162.131568545	 0.170128229	         0.000216374	         0.000000000	         0.000216374
 18472	    -2529000	 0.102307254	24.413338653	80.958111362	162.287071304	 0.170580846	         0.000212782	         0.000000000	         0.000212782
 18473	    -2528000	 0.101017717	24.433758192	87.578891141	162.417332491	 0.171065696	         0.000213725	         0.000000000	         0.000213725
 18474	    -2527000	 0.099789325	24.455719536	94.174219038	162.505411242	 0.171588693	         0.000218840	         0.000000000	         0.000218840
 18475	    -2526000	 0.098359480	24.479471031	100.830283939	162.549625480	 0.172156122	         0.000229899	         0.000000000	         0.000229899
 18476	    -2525000	 0.097062616	24.505035378	107.470062882	162.571442961	 0.172768958	         0.000245797	         0.000000000	         0.000245797
 18477	    -2524000	 0.095738772	24.532685652	114.105977263	162.553483478	 0.173434253	         0.000265944	         0.000000000	         0.000265944
 18478	    -2523000	 0.094447150	24.562423611	120.867441969	162.512448983	 0.174152641	         0.000292350	         0.000000000	         0.000292350
 18479	    -2522000	 0.092962178	24.594283115	127.518067295	162.455707214	 0.174925581	         0.000326386	         0.000000000	         0.000326386
 18480	    -2521000	 0.091608513	24.628275566	134.181894394	162.354803530	 0.175754051	         0.000361424	         0.000000000	         0.000361424
 18481	    -2520000	 0.090332670	24.664206224	140.930703931	162.255976399	 0.176634026	         0.000406780	         0.000000000	         0.000406780
 18482	    -2519000	 0.088810639	24.702117888	147.757678016	162.134685798	 0.177567295	         0.000458928	         0.000000000	         0.000458928
 18483	    -2518000	 0.087323742	24.741623539	154.484042507	162.008183205	 0.178545050	         0.000517371	         0.000000000	         0.000517371
 18484	    -2517000	 0.085960035	24.782458033	161.317001063	161.949894088	 0.179561352	         0.000588484	         0.000000000	         0.000588484
 18485	    -2516000	 0.084436365	24.824607542	168.258746974	161.870734524	 0.180616451	         0.000669671	         0.000000000	         0.000669671
 18486	    -2515000	 0.083026450	24.867426593	175.190778490	161.774418076	 0.181694658	         0.000761175	         0.000000000	         0.000761175
 18487	    -2514000	 0.081625236	24.910600435	-177.781370984	161.674858598	 0.182788316	         0.000853423	         0.000000000	         0.000853423
 18488	    -2513000	 0.080335170	24.953972056	-170.660984191	161.570246197	 0.183893612	         0.000952188	         0.000000000	         0.000952188
 18489	    -2512000	 0.078950937	24.996806212	-163.573870808	161.467897622	 0.184991771	         0.001059843	         0.000000000	         0.001059843
 18490	    -2511000	 0.077702765	25.039066260	-156.386144354	161.376686535	 0.186081638	         0.001169815	         0.000000000	         0.001169815
 18491	    -2510000	 0.076630522	25.080294657	-149.201760650	161.292122575	 0.187151086	         0.001280482	         0.000000000	         0.001280482
 18492	    -2509000	 0.075415057	25.119929250	-141.853738020	161.219944883	 0.188184986	         0.001398212	         0.000000000	         0.001398212
 18493	    -2508000	 0.074247651	25.158075548	-134.534740227	161.152645130	 0.189185456	         0.001508284	         0.000000000	         0.001508284
 18494	    -2507000	 0.073216663	25.194067827	-127.234801979	161.082472329	 0.190134308	         0.001602830	         0.000000000	         0.001602830
 18495	    -2506000	 0.072335184	25.227662669	-119.728167571	161.032019408	 0.191024251	         0.001700287	         0.000000016	         0.001700303
 18496	    -2505000	 0.071258538	25.258695087	-112.213759604	160.996107779	 0.191850015	         0.001787231	         0.000000429	         0.001787660
 18497	    -2504000	 0.070331973	25.286601833	-104.625914045	160.950647174	 0.192595654	         0.001850312	         0.000001583	         0.001851895
 18498	    -2503000	 0.069625848	25.311368420	-97.007978312	160.920213868	 0.193259818	         0.001899611	         0.000002814	         0.001902425
 18499	    -2502000	 0.068791134	25.332459698	-89.164484008	160.886912753	 0.193827226	         0.001918175	         0.000003527	         0.001921702
 18500	    -2501000	 0.068217246	25.349366835	-81.423179653	160.885648697	 0.194283274	         0.001932723	         0.000003309	         0.001936032
 18501	    -2500000	 0.067735799	25.362287267	-73.541951156	160.871004288	 0.194632509	         0.001905532	         0.000002792	         0.001908324
 18502	    -2499000	 0.067363162	25.370472745	-65.574576722	160.859660180	 0.194854084	         0.001853373	         0.000001863	         0.001855236
 18503	    -2498000	 0.067003334	25.373510351	-57.729143406	160.878475009	 0.194936374	         0.001803252	         0.000001567	         0.001804820
 18504	    -2497000	 0.066839359	25.371433280	-49.769905868	160.880294458	 0.194880101	         0.001715211	         0.000000442	         0.001715653
 18505	    -2496000	 0.066813819	25.363515587	-41.804961058	160.899713730	 0.194665742	         0.001622889	         0.000000007	         0.001622896
 18506	    -2495000	 0.066722944	25.349778804	-33.731821882	160.937493982	 0.194294400	         0.001522864	         0.000000000	         0.001522864
 18507	    -2494000	 0.066759471	25.329706489	-25.749765538	160.958390436	 0.193753064	         0.001396997	         0.000000000	         0.001396997
 18508	    -2493000	 0.066933683	25.302942753	-17.765336929	161.000620733	 0.193033611	         0.001283191	         0.000000000	         0.001283191
 18509	    -2492000	 0.067345318	25.269788804	-9.629687721	161.032037123	 0.192146081	         0.001156839	         0.000000000	         0.001156839
 18510	    -2491000	 0.067580503	25.229446778	-1.527780832	161.070721810	 0.191071629	         0.001036888	         0.000000000	         0.001036888
 18511	    -2490000	 0.068079445	25.182008121	 6.507837044	161.026939745	 0.189815853	         0.000903675	         0.000000000	         0.000903675
 18512	    -2489000	 0.068753295	25.127784064	14.547723154	161.114455983	 0.188390562	         0.000800715	         0.000000000	         0.000800715
 18513	    -2488000	 0.069434747	25.066382700	22.624484791	161.226871299	 0.186789530	         0.000709448	         0.000000000	         0.000709448
 18514	    -2487000	 0.070263834	24.998407354	30.559632517	161.324300693	 0.185032947	         0.000622862	         0.000000000	         0.000622862
 18515	    -2486000	 0.071311423	24.923867627	38.440367803	161.419549329	 0.183125714	         0.000545691	         0.000000000	         0.000545691
 18516	    -2485000	 0.072209227	24.842798936	46.393247683	161.509537842	 0.181073736	         0.000476863	         0.000000000	         0.000476863
 18517	    -2484000	 0.073210031	24.756405338	54.126943870	161.575112025	 0.178912278	         0.000415922	         0.000000000	         0.000415922
 18518	    -2483000	 0.074330341	24.664354063	61.831774843	161.646428945	 0.176637656	         0.000363982	         0.000000000	         0.000363982
 18519	    -2482000	 0.075551951	24.567020427	69.552015352	161.685632239	 0.174263953	         0.000320095	         0.000000000	         0.000320095
 18520	    -2481000	 0.076607389	24.465548926	77.238150996	161.716346635	 0.171823293	         0.000286124	         0.000000000	         0.000286124
 18521	    -2480000	 0.077804208	24.359697722	84.852717890	161.698721938	 0.169313709	         0.000255883	         0.000000000	         0.000255883
 18522	    -2479000	 0.079059653	24.250060502	92.329929149	161.660491673	 0.166753002	         0.000232438	         0.000000000	         0.000232438
 18523	    -2478000	 0.080408593	24.136971945	99.929236331	161.596635399	 0.164152255	         0.000214528	         0.000000000	         0.000214528
 18524	    -2477000	 0.081747439	24.020717817	107.429159663	161.485632628	 0.161520982	         0.000200544	         0.000000000	         0.000200544
 18525	    -2476000	 0.083107499	23.901936623	114.807261094	161.337112225	 0.158876071	         0.000190479	         0.000000000	         0.000190479
 18526	    -2475000	 0.084704394	23.780354953	122.170029978	161.156862052	 0.156213649	         0.000183440	         0.000000000	         0.000183440
 18527	    -2474000	 0.086057611	23.656635237	129.435841710	160.933531577	 0.153550204	         0.000179244	         0.000000000	         0.000179244
 18528	    -2473000	 0.087592907	23.531583095	136.614939450	160.696517852	 0.150904220	         0.000177515	         0.000000000	         0.000177515
 18529	    -2472000	 0.089142898	23.404970212	143.700184484	160.433980087	 0.148271661	         0.000178382	         0.000000000	         0.000178382
 18530	    -2471000	 0.090520650	23.277698284	150.873995199	160.136698129	 0.145671683	         0.000180254	         0.000000000	         0.000180254
 18531	    -2470000	 0.091874235	23.150538987	157.825831500	159.819817801	 0.143119536	         0.000181383	         0.000000000	         0.000181383
 18532	    -2469000	 0.093310124	23.023876073	164.791138254	159.485412532	 0.140621805	         0.000183446	         0.000000000	         0.000183446
 18533	    -2468000	 0.094790639	22.898858747	171.752695747	159.152523760	 0.138199272	         0.000186771	         0.000000000	         0.000186771
 18534	    -2467000	 0.095963485	22.775890792	178.684405638	158.817726373	 0.135857168	         0.000189382	         0.000000000	         0.000189382
 18535	    -2466000	 0.097325135	22.656118865	-174.441279994	158.478568756	 0.133614101	         0.000191303	         0.000000000	         0.000191303
 18536	    -2465000	 0.098591959	22.540446750	-167.660138739	158.148588930	 0.131482975	         0.000193585	         0.000000000	         0.000193585
 18537	    -2464000	 0.099845480	22.429138015	-160.797882111	157.829345444	 0.129464338	         0.000195408	         0.000000000	         0.000195408
 18538	    -2463000	 0.101087875	22.323601960	-154.043805249	157.507673558	 0.127579022	         0.000194747	         0.000000000	         0.000194747
 18539	    -2462000	 0.102240554	22.224132691	-147.337456257	157.219091019	 0.125827223	         0.000196330	         0.000000000	         0.000196330
 18540	    -2461000	 0.103448826	22.130977349	-140.636037918	156.941669408	 0.124208441	         0.000195272	         0.000000000	         0.000195272
 18541	    -2460000	 0.104387500	22.045198703	-133.962468196	156.681811732	 0.122736269	         0.000195150	         0.000000000	         0.000195150
 18542	    -2459000	 0.105365858	21.966483274	-127.396481449	156.439047231	 0.121400677	         0.000193441	         0.000000000	         0.000193441
 18543	    -2458000	 0.106377381	21.895050953	-120.789276051	156.225852193	 0.120201243	         0.000192178	         0.000000000	         0.000192178
 18544	    -2457000	 0.107098931	21.831487963	-114.116818305	156.023746500	 0.119143912	         0.000189343	         0.000000000	         0.000189343
 18545	    -2456000	 0.107801041	21.775058811	-107.568708834	155.853484571	 0.118213044	         0.000187037	         0.000000000	         0.000187037
 18546	    -2455000	 0.108492019	21.726124715	-101.031542640	155.688830384	 0.117411706	         0.000183171	         0.000000000	         0.000183171
 18547	    -2454000	 0.109140248	21.684725292	-94.387737686	155.546774516	 0.116737998	         0.000179371	         0.000000000	         0.000179371
 18548	    -2453000	 0.109626883	21.650207092	-87.832639173	155.447038645	 0.116179228	         0.000177063	         0.000000000	         0.000177063
 18549	    -2452000	 0.110119200	21.623112499	-81.261740877	155.344830629	 0.115742502	         0.000171081	         0.000000000	         0.000171081
 18550	    -2451000	 0.110602018	21.603113545	-74.706587526	155.266813601	 0.115421202	         0.000165935	         0.000000000	         0.000165935
 18551	    -2450000	 0.110817255	21.589852117	-68.113905023	155.223900336	 0.115208637	         0.000160349	         0.000000000	         0.000160349
 18552	    -2449000	 0.111083184	21.583843510	-61.555147749	155.183765335	 0.115112456	         0.000152891	         0.000000000	         0.000152891
 18553	    -2448000	 0.111231219	21.584585211	-55.042630632	155.178261673	 0.115124324	         0.000146568	         0.000000000	         0.000146568
 18554	    -2447000	 0.111266562	21.591936097	-48.419078662	155.187011655	 0.115242015	         0.000139387	         0.000000000	         0.000139387
 18555	    -2446000	 0.111143801	21.606170495	-41.827266721	155.232855744	 0.115470257	         0.000132849	         0.000000000	         0.000132849
 18556	    -2445000	 0.110890089	21.626481603	-35.227089335	155.292626033	 0.115796718	         0.000126632	         0.000000000	         0.000126632
 18557	    -2444000	 0.110752349	21.652879929	-28.611515045	155.388637578	 0.116222399	         0.000119667	         0.000000000	         0.000119667
 18558	    -2443000	 0.110214939	21.685111932	-21.874996566	155.512643258	 0.116744272	         0.000113320	         0.000000000	         0.000113320
 18559	    -2442000	 0.109822940	21.722203065	-15.180572608	155.646613337	 0.117347721	         0.000105706	         0.000000000	         0.000105706
 18560	    -2441000	 0.109331633	21.764057514	-8.500054714	155.822324047	 0.118032413	         0.000099694	         0.000000000	         0.000099694
 18561	    -2440000	 0.108732239	21.809903096	-1.623378637	156.022463959	 0.118786981	         0.000092238	         0.000000000	         0.000092238
 18562	    -2439000	 0.108029702	21.858783964	 5.086358503	156.223277009	 0.119596820	         0.000084613	         0.000000000	         0.000084613
 18563	    -2438000	 0.107375663	21.910245073	11.909061654	156.478778383	 0.120455374	         0.000077803	         0.000000000	         0.000077803
 18564	    -2437000	 0.106644645	21.963328721	18.734016770	156.733352958	 0.121347456	         0.000070883	         0.000000000	         0.000070883
 18565	    -2436000	 0.105656289	22.017340633	25.600083285	157.022483554	 0.122261920	         0.000064433	         0.000000000	         0.000064433
 18566	    -2435000	 0.104700982	22.071704840	32.469485163	157.317680387	 0.123189307	         0.000058014	         0.000000000	         0.000058014
 18567	    -2434000	 0.103677491	22.125491695	39.326387043	157.611600852	 0.124113767	         0.000052457	         0.000000000	         0.000052457
 18568	    -2433000	 0.102586868	22.178340343	46.344441071	157.935300487	 0.125028860	         0.000048161	         0.000000000	         0.000048161
 18569	    -2432000	 0.101338412	22.229662330	53.326612967	158.223397252	 0.125923974	         0.000043646	         0.000000000	         0.000043646
 18570	    -2431000	 0.100064591	22.278851593	60.366057223	158.511566159	 0.126787905	         0.000040739	         0.000000000	         0.000040739
 18571	    -2430000	 0.098851095	22.325826590	67.474009015	158.776137047	 0.127618478	         0.000038335	         0.000000000	         0.000038335
 18572	    -2429000	 0.097453031	22.370107816	74.645182772	159.015635961	 0.128406404	         0.000037777	         0.000000000	         0.000037777
 18573	    -2428000	 0.096154539	22.411364997	81.818475537	159.201322030	 0.129144898	         0.000037480	         0.000000000	         0.000037480
 18574	    -2427000	 0.094890866	22.449513496	89.033707291	159.369876839	 0.129831526	         0.000039202	         0.000000000	         0.000039202
 18575	    -2426000	 0.093463796	22.484204290	96.416194947	159.489499296	 0.130459088	         0.000042164	         0.000000000	         0.000042164
 18576	    -2425000	 0.092029342	22.515231097	103.674498602	159.542181967	 0.131022937	         0.000046664	         0.000000000	         0.000046664
 18577	    -2424000	 0.090720357	22.542391747	110.947105858	159.576846880	 0.131518527	         0.000052327	         0.000000000	         0.000052327
 18578	    -2423000	 0.089353111	22.565352896	118.413542618	159.558060834	 0.131938952	         0.000059485	         0.000000000	         0.000059485
 18579	    -2422000	 0.087813222	22.584070043	125.863928568	159.482252255	 0.132282662	         0.000068062	         0.000000000	         0.000068062
 18580	    -2421000	 0.086368086	22.598192613	133.326393870	159.394620065	 0.132542593	         0.000077820	         0.000000000	         0.000077820
 18581	    -2420000	 0.084912742	22.607511672	140.831526510	159.264463011	 0.132714393	         0.000089041	         0.000000000	         0.000089041
 18582	    -2419000	 0.083447890	22.612138598	148.476037257	159.129406367	 0.132799775	         0.000101568	         0.000000000	         0.000101568
 18583	    -2418000	 0.082103258	22.611865731	156.176150088	158.950209835	 0.132794738	         0.000113912	         0.000000000	         0.000113912
 18584	    -2417000	 0.080696681	22.606776894	163.857953799	158.767628944	 0.132700839	         0.000127020	         0.000000000	         0.000127020
 18585	    -2416000	 0.079483901	22.597059261	171.722885910	158.582483466	 0.132521715	         0.000140581	         0.000000000	         0.000140581
 18586	    -2415000	 0.078178541	22.582821415	179.482239466	158.373354346	 0.132259706	         0.000153171	         0.000000000	         0.000153171
 18587	    -2414000	 0.077007974	22.564545079	-172.700647163	158.184098410	 0.131924138	         0.000165098	         0.000000000	         0.000165098
 18588	    -2413000	 0.076045563	22.542616727	-164.868748104	157.983829286	 0.131522640	         0.000176935	         0.000000000	         0.000176935
 18589	    -2412000	 0.074885300	22.517254016	-156.845443387	157.786803717	 0.131059784	         0.000186709	         0.000000000	         0.000186709
 18590	    -2411000	 0.073891726	22.489250002	-149.003286830	157.609600854	 0.130550618	         0.000195699	         0.000000000	         0.000195699
 18591	    -2410000	 0.072936914	22.459055670	-141.131883006	157.440756747	 0.130003844	         0.000203844	         0.000000000	         0.000203844
 18592	    -2409000	 0.072209089	22.426950546	-133.095617740	157.260811835	 0.129424980	         0.000207113	         0.000000000	         0.000207113
 18593	    -2408000	 0.071280001	22.393757607	-125.079764341	157.101118851	 0.128829212	         0.000211027	         0.000000000	         0.000211027
 18594	    -2407000	 0.070605946	22.359934054	-117.076963532	156.957823540	 0.128224946	         0.000210837	         0.000000000	         0.000210837
 18595	    -2406000	 0.070024180	22.325851682	-109.045629030	156.839123830	 0.127618923	         0.000212819	         0.000000000	         0.000212819
 18596	    -2405000	 0.069472207	22.292155355	-100.952243692	156.711103214	 0.127022581	         0.000208920	         0.000000000	         0.000208920
 18597	    -2404000	 0.069176075	22.259267762	-92.985537860	156.606403107	 0.126443238	         0.000204998	         0.000000000	         0.000204998
 18598	    -2403000	 0.068903314	22.227628711	-84.992862697	156.505392727	 0.125888384	         0.000199021	         0.000000000	         0.000199021
 18599	    -2402000	 0.068770141	22.197892880	-76.988088737	156.410532529	 0.125369125	         0.000189131	         0.000000000	         0.000189131
 18600	    -2401000	 0.068655476	22.170401895	-69.155380908	156.363484834	 0.124890973	         0.000182490	         0.000000000	         0.000182490
 18601	    -2400000	 0.068649291	22.145837412	-61.388333535	156.314927456	 0.124465265	         0.000172453	         0.000000000	         0.000172453
 18602	    -2399000	 0.068830824	22.124814666	-53.668839229	156.282627622	 0.124102088	         0.000162886	         0.000000000	         0.000162886
 18603	    -2398000	 0.068945692	22.107719825	-45.819675476	156.271893189	 0.123807549	         0.000153063	         0.000000000	         0.000153063
 18604	    -2397000	 0.069041802	22.095506270	-38.269259090	156.278668720	 0.123597541	         0.000142786	         0.000000000	         0.000142786
 18605	    -2396000	 0.069348328	22.088600384	-30.724670573	156.320981018	 0.123478954	         0.000135347	         0.000000000	         0.000135347
 18606	    -2395000	 0.069764374	22.087432207	-23.099795711	156.362837552	 0.123458906	         0.000126214	         0.000000000	         0.000126214
 18607	    -2394000	 0.070133822	22.092923229	-15.624764473	156.447638632	 0.123553172	         0.000117534	         0.000000000	         0.000117534
 18608	    -2393000	 0.070648419	22.105321577	-8.245603466	156.538056424	 0.123766284	         0.000109652	         0.000000000	         0.000109652
 18609	    -2392000	 0.071317890	22.125014417	-0.872304079	156.665344189	 0.124105534	         0.000102982	         0.000000000	         0.000102982
 18610	    -2391000	 0.071905317	22.152582674	 6.373714818	156.829601046	 0.124582017	         0.000097262	         0.000000000	         0.000097262
 18611	    -2390000	 0.072646344	22.187908302	13.506630901	156.983014972	 0.125195252	         0.000090246	         0.000000000	         0.000090246
 18612	    -2389000	 0.073488756	22.231400999	20.546924903	157.198663402	 0.125954410	         0.000086193	         0.000000000	         0.000086193
 18613	    -2388000	 0.074263876	22.283139478	27.626949505	157.411712001	 0.126863495	         0.000082027	         0.000000000	         0.000082027
 18614	    -2387000	 0.075055742	22.342645215	34.484158077	157.664429319	 0.127917172	         0.000078938	         0.000000000	         0.000078938
 18615	    -2386000	 0.075873916	22.410256149	41.319919712	157.933977942	 0.129124994	         0.000076531	         0.000000000	         0.000076531
 18616	    -2385000	 0.076833813	22.485650477	48.133447249	158.196887853	 0.130485315	         0.000073596	         0.000000000	         0.000073596
 18617	    -2384000	 0.077635073	22.568410666	54.920994704	158.505599384	 0.131995042	         0.000073638	         0.000000000	         0.000073638
 18618	    -2383000	 0.078456821	22.658462567	61.662820867	158.800562692	 0.133657636	         0.000073766	         0.000000000	         0.000073766
 18619	    -2382000	 0.079404393	22.755285561	68.260730831	159.115917126	 0.135468613	         0.000075645	         0.000000000	         0.000075645
 18620	    -2381000	 0.080388193	22.858840279	75.070950348	159.428563070	 0.137432664	         0.000078685	         0.000000000	         0.000078685
 18621	    -2380000	 0.081302679	22.968530753	81.640830809	159.708302465	 0.139544152	         0.000082225	         0.000000000	         0.000082225
 18622	    -2379000	 0.082249477	23.083707686	88.223876666	160.004441379	 0.141796176	         0.000089341	         0.000000000	         0.000089341
 18623	    -2378000	 0.083379433	23.204650879	94.840280542	160.291196628	 0.144200076	         0.000098777	         0.000000000	         0.000098777
 18624	    -2377000	 0.084252799	23.330533415	101.345206483	160.541612591	 0.146745446	         0.000110939	         0.000000000	         0.000110939
 18625	    -2376000	 0.085298009	23.460733954	107.810437328	160.767951662	 0.149425404	         0.000126369	         0.000000000	         0.000126369
 18626	    -2375000	 0.086293296	23.595274261	114.312007503	160.986076572	 0.152246117	         0.000146504	         0.000000000	         0.000146504
 18627	    -2374000	 0.087205419	23.733192981	120.832392993	161.160121624	 0.155192938	         0.000171429	         0.000000000	         0.000171429
 18628	    -2373000	 0.088076375	23.874270658	127.235251798	161.317836543	 0.158266275	         0.000202229	         0.000000000	         0.000202229
 18629	    -2372000	 0.088968864	24.017942689	133.696034565	161.460608493	 0.161458689	         0.000242293	         0.000000000	         0.000242293
 18630	    -2371000	 0.089949198	24.163044016	140.216387700	161.567027265	 0.164748225	         0.000290973	         0.000000000	         0.000290973
 18631	    -2370000	 0.090709671	24.309671555	146.707411748	161.648039921	 0.168140447	         0.000349198	         0.000000000	         0.000349198
 18632	    -2369000	 0.091517931	24.456634131	153.181144107	161.720297563	 0.171610508	         0.000422312	         0.000000000	         0.000422312
 18633	    -2368000	 0.092396989	24.602836927	159.631433722	161.757537560	 0.175133688	         0.000505814	         0.000000000	         0.000505814
 18634	    -2367000	 0.093201500	24.748170873	166.191996616	161.904574490	 0.178707614	         0.000625435	         0.000000000	         0.000625435
 18635	    -2366000	 0.093929016	24.890939542	172.650891820	161.970834346	 0.182289462	         0.000758002	         0.000000000	         0.000758002
 18636	    -2365000	 0.094692870	25.030547873	179.094095709	162.004488608	 0.185861437	         0.000909775	         0.000000000	         0.000909775
 18637	    -2364000	 0.095424443	25.166376936	-174.341602144	162.025841218	 0.189403881	         0.001093425	         0.000000000	         0.001093425
 18638	    -2363000	 0.095959657	25.296538928	-167.857544331	162.024448634	 0.192861862	         0.001291418	         0.000000000	         0.001291418
 18639	    -2362000	 0.096543928	25.421159456	-161.394723646	162.027519263	 0.196231767	         0.001525647	         0.000000788	         0.001526435
 18640	    -2361000	 0.097160061	25.539312749	-154.800564677	162.007257529	 0.199481151	         0.001785256	         0.000008000	         0.001793256
 18641	    -2360000	 0.097487644	25.649423677	-148.224519090	161.974103707	 0.202557778	         0.002051541	         0.000020065	         0.002071606
 18642	    -2359000	 0.097932943	25.752026441	-141.648742013	161.955863389	 0.205467312	         0.002361402	         0.000038787	         0.002400189
 18643	    -2358000	 0.098325890	25.846133245	-135.045314190	161.935213273	 0.208172653	         0.002678129	         0.000062056	         0.002740185
 18644	    -2357000	 0.098701978	25.931131483	-128.320914010	161.892200849	 0.210646749	         0.002990653	         0.000089095	         0.003079748
 18645	    -2356000	 0.099025667	26.007534154	-121.679977347	161.860506292	 0.212895732	         0.003303778	         0.000119283	         0.003423061
 18646	    -2355000	 0.099226381	26.074428462	-115.002661451	161.823009310	 0.214884535	         0.003593807	         0.000150037	         0.003743845
 18647	    -2354000	 0.099639454	26.132187930	-108.283057983	161.786818513	 0.216616693	         0.003872418	         0.000184396	         0.004056814
 18648	    -2353000	 0.099753314	26.181021976	-101.571168759	161.754562566	 0.218092074	         0.004098188	         0.000214865	         0.004313052
 18649	    -2352000	 0.099845005	26.220161957	-94.854406839	161.721547179	 0.219281829	         0.004276615	         0.000238964	         0.004515579
 18650	    -2351000	 0.099929253	26.250300577	-88.175009176	161.699051626	 0.220202386	         0.004387646	         0.000252478	         0.004640124
 18651	    -2350000	 0.099877376	26.271110643	-81.332336933	161.668866735	 0.220840265	         0.004430256	         0.000259772	         0.004690028
 18652	    -2349000	 0.099666549	26.282159252	-74.623594516	161.655480715	 0.221179683	         0.004366863	         0.000247061	         0.004613924
 18653	    -2348000	 0.099422127	26.283825728	-67.813547885	161.639534453	 0.221230923	         0.004265747	         0.000235322	         0.004501069
 18654	    -2347000	 0.099240598	26.275237589	-60.918977431	161.622033322	 0.220966986	         0.004084443	         0.000211143	         0.004295585
 18655	    -2346000	 0.098703747	26.256441303	-54.011409804	161.622313874	 0.220390422	         0.003847272	         0.000183836	         0.004031108
 18656	    -2345000	 0.098324784	26.227201656	-47.102541095	161.621595222	 0.219496505	         0.003583672	         0.000154804	         0.003738477
 18657	    -2344000	 0.097891724	26.186615991	-40.109978033	161.627425920	 0.218261722	         0.003273626	         0.000121630	         0.003395256
 18658	    -2343000	 0.097350871	26.135181173	-33.038540100	161.627932345	 0.216706838	         0.002936012	         0.000088367	         0.003024379
 18659	    -2342000	 0.096831866	26.072323058	-26.040743195	161.631979627	 0.214821658	         0.002612485	         0.000062878	         0.002675363
 18660	    -2341000	 0.096228070	25.997850313	-18.978434118	161.647132729	 0.212609356	         0.002290057	         0.000039528	         0.002329585
 18661	    -2340000	 0.095678933	25.912584916	-11.836671460	161.666286219	 0.210104407	         0.001982562	         0.000022122	         0.002004684
 18662	    -2339000	 0.094916745	25.815953383	-4.726890322	161.663830854	 0.207301198	         0.001682656	         0.000008554	         0.001691210
 18663	    -2338000	 0.094105389	25.708943741	 2.393757897	161.671962087	 0.204240549	         0.001418679	         0.000001479	         0.001420157
 18664	    -2337000	 0.093344465	25.592465469	 9.549623102	161.565305988	 0.200960421	         0.001166136	         0.000000000	         0.001166136
 18665	    -2336000	 0.092442451	25.466220909	16.859622348	161.617687389	 0.197464730	         0.000971784	         0.000000000	         0.000971784
 18666	    -2335000	 0.091377282	25.332160901	24.081885896	161.663137310	 0.193819176	         0.000807495	         0.000000000	         0.000807495
 18667	    -2334000	 0.090359823	25.190748388	31.366819017	161.685647838	 0.190046600	         0.000665808	         0.000000000	         0.000665808
 18668	    -2333000	 0.089297666	25.042172845	38.822412634	161.724877989	 0.186162008	         0.000552193	         0.000000000	         0.000552193
 18669	    -2332000	 0.088144969	24.888547778	46.217209028	161.728628775	 0.182228869	         0.000455894	         0.000000000	         0.000455894
 18670	    -2331000	 0.086991440	24.729776541	53.674069375	161.715154034	 0.178251276	         0.000379143	         0.000000000	         0.000379143
 18671	    -2330000	 0.085967344	24.566390556	61.266788308	161.669649769	 0.174248696	         0.000315092	         0.000000000	         0.000315092
 18672	    -2329000	 0.084618421	24.399791450	68.858264692	161.608154853	 0.170259934	         0.000267194	         0.000000000	         0.000267194
 18673	    -2328000	 0.083446720	24.229564261	76.456767515	161.498259586	 0.166278603	         0.000228161	         0.000000000	         0.000228161
 18674	    -2327000	 0.082277364	24.056573302	84.098082101	161.349884961	 0.162327998	         0.000196811	         0.000000000	         0.000196811
 18675	    -2326000	 0.081101970	23.881289259	91.921546519	161.187540873	 0.158420753	         0.000174562	         0.000000000	         0.000174562
 18676	    -2325000	 0.079827414	23.703427834	99.687144714	160.960974124	 0.154552176	         0.000156330	         0.000000000	         0.000156330
 18677	    -2324000	 0.078554156	23.524288893	107.548353390	160.696562186	 0.150751296	         0.000141821	         0.000000000	         0.000141821
 18678	    -2323000	 0.077468459	23.343636494	115.422860336	160.398682729	 0.147012961	         0.000130558	         0.000000000	         0.000130558
 18679	    -2322000	 0.076280121	23.161730372	123.465013253	160.076856372	 0.143342347	         0.000121882	         0.000000000	         0.000121882
 18680	    -2321000	 0.075176988	22.980160238	131.551262512	159.725193610	 0.139769907	         0.000114927	         0.000000000	         0.000114927
 18681	    -2320000	 0.074163010	22.798699650	139.629482382	159.344425951	 0.136288577	         0.000108510	         0.000000000	         0.000108510
 18682	    -2319000	 0.073275777	22.618192000	147.935960160	158.949376673	 0.132911563	         0.000102530	         0.000000000	         0.000102530
 18683	    -2318000	 0.072351243	22.440148425	156.050003180	158.555331622	 0.129662628	         0.000097630	         0.000000000	         0.000097630
 18684	    -2317000	 0.071618716	22.264841227	164.288397456	158.163371167	 0.126541233	         0.000092810	         0.000000000	         0.000092810
 18685	    -2316000	 0.071061935	22.093306857	172.608165853	157.767629162	 0.123559761	         0.000087937	         0.000000000	         0.000087937
 18686	    -2315000	 0.070276741	21.926497798	-179.037283314	157.362470708	 0.120727806	         0.000083034	         0.000000000	         0.000083034
 18687	    -2314000	 0.069717524	21.765318018	-170.774650514	156.984075771	 0.118053095	         0.000077952	         0.000000000	         0.000077952
 18688	    -2313000	 0.069295770	21.610622053	-162.410901281	156.614119640	 0.115541728	         0.000072625	         0.000000000	         0.000072625
 18689	    -2312000	 0.069038865	21.462476561	-153.919437438	156.269342268	 0.113186797	         0.000067523	         0.000000000	         0.000067523
 18690	    -2311000	 0.068690467	21.322034006	-145.532747825	155.934781395	 0.110998646	         0.000061680	         0.000000000	         0.000061680
 18691	    -2310000	 0.068544230	21.189669237	-137.055940566	155.632868580	 0.108975088	         0.000056759	         0.000000000	         0.000056759
 18692	    -2309000	 0.068603072	21.064981945	-128.653912165	155.343238319	 0.107102655	         0.000052557	         0.000000000	         0.000052557
 18693	    -2308000	 0.068757694	20.948735358	-120.229483258	155.081091093	 0.105385968	         0.000047660	         0.000000000	         0.000047660
 18694	    -2307000	 0.069077594	20.840822986	-111.870079185	154.817759391	 0.103816994	         0.000042591	         0.000000000	         0.000042591
 18695	    -2306000	 0.069564500	20.740947824	-103.614132992	154.584455614	 0.102385697	         0.000038244	         0.000000000	         0.000038244
 18696	    -2305000	 0.070142474	20.649283549	-95.322045466	154.385581979	 0.101089442	         0.000034268	         0.000000000	         0.000034268
 18697	    -2304000	 0.070675525	20.565373446	-87.244789492	154.203071011	 0.099917234	         0.000030385	         0.000000000	         0.000030385
 18698	    -2303000	 0.071427466	20.489426129	-79.330220511	154.046779476	 0.098867989	         0.000027057	         0.000000000	         0.000027057
 18699	    -2302000	 0.072351987	20.421232384	-71.339162467	153.901262416	 0.097935253	         0.000023557	         0.000000000	         0.000023557
 18700	    -2301000	 0.073077350	20.360180357	-63.416947701	153.777868183	 0.097107669	         0.000020156	         0.000000000	         0.000020156
 18701	    -2300000	 0.073912052	20.306903317	-55.674468219	153.683021285	 0.096391193	         0.000017368	         0.000000000	         0.000017368
 18702	    -2299000	 0.074908406	20.260916394	-48.029422104	153.599269585	 0.095777008	         0.000014661	         0.000000000	         0.000014661
 18703	    -2298000	 0.075917366	20.222008806	-40.312852822	153.550706281	 0.095260429	         0.000012552	         0.000000000	         0.000012552
 18704	    -2297000	 0.076965498	20.190664728	-32.781005738	153.531238622	 0.094846299	         0.000010691	         0.000000000	         0.000010691
 18705	    -2296000	 0.078054108	20.166183293	-25.279869819	153.510302002	 0.094524093	         0.000008726	         0.000000000	         0.000008726
 18706	    -2295000	 0.079292686	20.148915467	-17.883413083	153.525145988	 0.094297486	         0.000007131	         0.000000000	         0.000007131
 18707	    -2294000	 0.080356719	20.138816325	-10.612058295	153.580992056	 0.094165206	         0.000005872	         0.000000000	         0.000005872
 18708	    -2293000	 0.081583842	20.135000380	-3.409800656	153.644465661	 0.094115272	         0.000004579	         0.000000000	         0.000004579
 18709	    -2292000	 0.082808992	20.137951474	 3.652978344	153.721334707	 0.094153886	         0.000003336	         0.000000000	         0.000003336
 18710	    -2291000	 0.083930529	20.147241461	10.756081254	153.859753950	 0.094275547	         0.000002455	         0.000000000	         0.000002455
 18711	    -2290000	 0.084984591	20.162121337	17.693774977	153.994049279	 0.094470739	         0.000001591	         0.000000000	         0.000001591
 18712	    -2289000	 0.086018407	20.182700125	24.551909521	154.163205205	 0.094741355	         0.000000948	         0.000000000	         0.000000948
 18713	    -2288000	 0.087253247	20.208233522	31.384410179	154.361357149	 0.095078203	         0.000000412	         0.000000000	         0.000000412
 18714	    -2287000	 0.088085081	20.238653079	38.228380173	154.578943925	 0.095481075	         0.000000057	         0.000000000	         0.000000057
 18715	    -2286000	 0.089082399	20.273527533	44.940223244	154.815023264	 0.095945048	         0.000000000	         0.000000000	         0.000000000
 18716	    -2285000	 0.090089074	20.312043817	51.557075931	155.053720610	 0.096460092	         0.000000000	         0.000000000	         0.000000000
 18717	    -2284000	 0.090970900	20.354596299	58.272712941	155.315221646	 0.097032324	         0.000000000	         0.000000000	         0.000000000
 18718	    -2283000	 0.091845562	20.400564866	64.765861654	155.573721896	 0.097654310	         0.000000000	         0.000000000	         0.000000000
 18719	    -2282000	 0.092716641	20.449534096	71.286080468	155.836994437	 0.098321283	         0.000000000	         0.000000000	         0.000000000
 18720	    -2281000	 0.093566121	20.501840545	77.738477016	156.113807516	 0.099038743	         0.000000000	         0.000000000	         0.000000000
 18721	    -2280000	 0.094208101	20.556980549	84.095372603	156.337165484	 0.099800738	         0.000000000	         0.000000000	         0.000000000
 18722	    -2279000	 0.094891436	20.615142531	90.413508484	156.571769324	 0.100610849	         0.000000000	         0.000000000	         0.000000000
 18723	    -2278000	 0.095535238	20.676464986	96.676385707	156.772612651	 0.101472103	         0.000000000	         0.000000000	         0.000000000
 18724	    -2277000	 0.096006881	20.740506024	102.996250594	156.943662723	 0.102379410	         0.000000001	         0.000000000	         0.000000001
 18725	    -2276000	 0.096388754	20.807925863	109.189752567	157.090354839	 0.103343354	         0.000000380	         0.000000000	         0.000000380
 18726	    -2275000	 0.096782684	20.878664939	115.379320191	157.219317572	 0.104364513	         0.000001547	         0.000000000	         0.000001547
 18727	    -2274000	 0.097194058	20.952679411	121.595945264	157.325899575	 0.105443759	         0.000003439	         0.000000000	         0.000003439
 18728	    -2273000	 0.097395655	21.030601090	127.788404760	157.395427815	 0.106592039	         0.000006073	         0.000000000	         0.000006073
 18729	    -2272000	 0.097623755	21.112212477	133.893582919	157.441295934	 0.107808102	         0.000009782	         0.000000000	         0.000009782
 18730	    -2271000	 0.097962193	21.198068002	140.002397108	157.492909900	 0.109102383	         0.000014653	         0.000000000	         0.000014653
 18731	    -2270000	 0.098032894	21.288385419	146.141059164	157.515086209	 0.110480701	         0.000020725	         0.000000000	         0.000020725
 18732	    -2269000	 0.098119263	21.382979891	152.180541078	157.516344043	 0.111942963	         0.000028208	         0.000000000	         0.000028208
 18733	    -2268000	 0.098295948	21.482614862	158.148298821	157.548708925	 0.113504076	         0.000037574	         0.000000000	         0.000037574
 18734	    -2267000	 0.098254230	21.587301598	164.223039549	157.537608949	 0.115167801	         0.000048385	         0.000000000	         0.000048385
 18735	    -2266000	 0.098143119	21.697066024	170.148453122	157.557901525	 0.116938418	         0.000061979	         0.000000000	         0.000061979
 18736	    -2265000	 0.098009479	21.812188151	176.123527891	157.558427816	 0.118824716	         0.000077812	         0.000000000	         0.000077812
 18737	    -2264000	 0.097855274	21.932490327	-177.934746692	157.574417817	 0.120828409	         0.000096501	         0.000000000	         0.000096501
 18738	    -2263000	 0.097471282	22.058461674	-171.963960015	157.591747082	 0.122962748	         0.000118875	         0.000000000	         0.000118875
 18739	    -2262000	 0.097172705	22.189700182	-165.988640790	157.615823599	 0.125226438	         0.000145059	         0.000000000	         0.000145059
 18740	    -2261000	 0.096836021	22.325922552	-160.090034491	157.654449763	 0.127620181	         0.000176092	         0.000000000	         0.000176092
 18741	    -2260000	 0.096424295	22.467812153	-154.029857471	157.686207583	 0.130162174	         0.000211695	         0.000000000	         0.000211695
 18742	    -2259000	 0.095936452	22.614517209	-148.096224891	157.755068949	 0.132843690	         0.000257317	         0.000000000	         0.000257317
 18743	    -2258000	 0.095426799	22.766076964	-142.165320689	157.819492268	 0.135671969	         0.000305943	         0.000000000	         0.000305943
 18744	    -2257000	 0.095054292	22.922765088	-136.162930883	158.058629799	 0.138659270	         0.000383299	         0.000000000	         0.000383299
 18745	    -2256000	 0.094346598	23.083791846	-130.171222117	158.219343638	 0.141797835	         0.000464662	         0.000000000	         0.000464662
 18746	    -2255000	 0.093737695	23.249613479	-124.195576148	158.358300095	 0.145104120	         0.000548923	         0.000000000	         0.000548923
 18747	    -2254000	 0.093127747	23.419922158	-118.242483001	158.514713447	 0.148580137	         0.000649734	         0.000000000	         0.000649734
 18748	    -2253000	 0.092342194	23.594274982	-112.139650953	158.664924947	 0.152224971	         0.000757321	         0.000000000	         0.000757321
 18749	    -2252000	 0.091484803	23.773235204	-106.137048736	158.823234820	 0.156059130	         0.000867255	         0.000000000	         0.000867255
 18750	    -2251000	 0.090705307	23.956192073	-100.026594366	159.009212983	 0.160078765	         0.001001806	         0.000000000	         0.001001806
 18751	    -2250000	 0.089854671	24.143126135	-93.834186413	159.199718574	 0.164292736	         0.001140949	         0.000000000	         0.001140949
 18752	    -2249000	 0.088856265	24.334187409	-87.664393583	159.390099294	 0.168714397	         0.001281787	         0.000000000	         0.001281787
 18753	    -2248000	 0.088004185	24.528579885	-81.411230850	159.612131961	 0.173335302	         0.001435818	         0.000000000	         0.001435818
 18754	    -2247000	 0.087133250	24.726572030	-75.148671247	159.835822709	 0.178171896	         0.001583977	         0.000000000	         0.001583977
 18755	    -2246000	 0.086167127	24.927632494	-68.783388844	160.089191130	 0.183221572	         0.001745312	         0.000000000	         0.001745312
 18756	    -2245000	 0.085182676	25.131101573	-62.443298904	160.344439431	 0.188477455	         0.001891474	         0.000000000	         0.001891474
 18757	    -2244000	 0.084269514	25.336837514	-56.122612714	160.620070302	 0.193945209	         0.002048223	         0.000004133	         0.002052356
 18758	    -2243000	 0.083337593	25.543830421	-49.651979837	160.910011869	 0.199606456	         0.002187342	         0.000014360	         0.002201702
 18759	    -2242000	 0.082181761	25.751882065	-43.161767079	161.226458656	 0.205463188	         0.002322067	         0.000029250	         0.002351317
 18760	    -2241000	 0.081090240	25.959854333	-36.742656158	161.553722328	 0.211489432	         0.002448878	         0.000047505	         0.002496383
 18761	    -2240000	 0.080055689	26.166586436	-30.145766242	161.897004999	 0.217654903	         0.002557187	         0.000067955	         0.002625141
 18762	    -2239000	 0.078739891	26.372198002	-23.496298751	162.261399850	 0.223965227	         0.002656983	         0.000090845	         0.002747828
 18763	    -2238000	 0.077515809	26.574911217	-16.760590947	162.634523949	 0.230365675	         0.002735931	         0.000113631	         0.002849561
 18764	    -2237000	 0.076317082	26.773750638	-9.981545399	163.015019544	 0.236821482	         0.002791340	         0.000135636	         0.002926976
 18765	    -2236000	 0.075019683	26.968719079	-2.948288751	163.419703711	 0.243327247	         0.002833826	         0.000158776	         0.002992602
 18766	    -2235000	 0.073764028	27.157774572	 4.000724121	163.822132987	 0.249806332	         0.002857076	         0.000178784	         0.003035860
 18767	    -2234000	 0.072536827	27.340664077	11.127554351	164.238589280	 0.256238227	         0.002871599	         0.000198279	         0.003069878
 18768	    -2233000	 0.071413880	27.516992215	18.409734921	164.654378290	 0.262596123	         0.002881003	         0.000218205	         0.003099208
 18769	    -2232000	 0.070078994	27.684818565	25.730462785	165.065216271	 0.268793939	         0.002889260	         0.000237859	         0.003127119
 18770	    -2231000	 0.068927604	27.844767486	33.173333488	165.467750913	 0.274836935	         0.002889180	         0.000254972	         0.003144152
 18771	    -2230000	 0.067809101	27.996007570	40.642378299	165.860497244	 0.280675818	         0.002907131	         0.000275298	         0.003182429
 18772	    -2229000	 0.066682122	28.137403179	48.367836430	166.222722222	 0.286225763	         0.002916374	         0.000291952	         0.003208326
 18773	    -2228000	 0.065495266	28.269610863	56.131899396	166.559812679	 0.291473305	         0.002949066	         0.000312904	         0.003261970
 18774	    -2227000	 0.064363593	28.391543029	63.945859945	166.866244545	 0.296362510	         0.002994687	         0.000334100	         0.003328788
 18775	    -2226000	 0.063448751	28.503152935	71.955753825	167.140522948	 0.300879163	         0.003051936	         0.000355383	         0.003407318
 18776	    -2225000	 0.062263168	28.604472797	80.158176142	167.368391262	 0.305013379	         0.003148194	         0.000382751	         0.003530945
 18777	    -2224000	 0.061344743	28.694070333	88.391758161	167.553963760	 0.308696042	         0.003275255	         0.000416994	         0.003692249
 18778	    -2223000	 0.060502668	28.772578783	96.773275125	167.696653790	 0.311943435	         0.003424741	         0.000451579	         0.003876321
 18779	    -2222000	 0.059580572	28.839403173	105.365011746	167.779107972	 0.314722543	         0.003601363	         0.000489872	         0.004091236
 18780	    -2221000	 0.058829464	28.892838542	113.899852266	167.809636940	 0.316954706	         0.003814462	         0.000536037	         0.004350499
 18781	    -2220000	 0.058222780	28.933461985	122.624693833	167.810529280	 0.318657526	         0.004071070	         0.000589806	         0.004660876
 18782	    -2219000	 0.057636407	28.959952106	131.545204075	167.743059297	 0.319770629	         0.004345427	         0.000644700	         0.004990127
 18783	    -2218000	 0.057010557	28.971256448	140.501786467	167.640451466	 0.320246284	         0.004669613	         0.000711740	         0.005381353
 18784	    -2217000	 0.056607826	28.967199947	149.512189493	167.502356348	 0.320075553	         0.005022305	         0.000785708	         0.005808012
 18785	    -2216000	 0.056374913	28.946458554	158.615471920	167.309306629	 0.319203369	         0.005331021	         0.000841440	         0.006172460
 18786	    -2215000	 0.056243416	28.909145626	168.001541525	167.085663621	 0.317637647	         0.005676851	         0.000907084	         0.006583936
 18787	    -2214000	 0.056178577	28.854585995	177.312720517	166.835941211	 0.315355886	         0.006010922	         0.000969900	         0.006980822
 18788	    -2213000	 0.056358388	28.782209216	-173.371875839	166.569324178	 0.312343099	         0.006327684	         0.001027457	         0.007355141
 18789	    -2212000	 0.056770938	28.692735218	-164.027078024	166.268741794	 0.308640983	         0.006564420	         0.001059751	         0.007624170
 18790	    -2211000	 0.057324320	28.585977001	-154.656379432	165.958114762	 0.304256281	         0.006765746	         0.001084110	         0.007849856
 18791	    -2210000	 0.058015572	28.462374711	-145.456265146	165.624131331	 0.299224378	         0.006860328	         0.001078214	         0.007938542
 18792	    -2209000	 0.059019225	28.322708713	-136.341491824	165.298666527	 0.293596590	         0.006884853	         0.001051920	         0.007936773
 18793	    -2208000	 0.059833299	28.167110313	-127.216258464	164.957358575	 0.287400002	         0.006804464	         0.001002483	         0.007806947
 18794	    -2207000	 0.060858998	27.997216026	-118.363888192	164.620925266	 0.280722969	         0.006622664	         0.000927921	         0.007550585
 18795	    -2206000	 0.062015167	27.813166251	-109.649437786	164.280022594	 0.273632342	         0.006351816	         0.000834710	         0.007186526
 18796	    -2205000	 0.063244890	27.614958059	-100.761360586	163.933117828	 0.266196418	         0.005986043	         0.000723049	         0.006709092
 18797	    -2204000	 0.064320220	27.404624240	-92.139100776	163.586184744	 0.258526460	         0.005539589	         0.000603541	         0.006143129
 18798	    -2203000	 0.065611105	27.181731951	-83.540960104	163.241131895	 0.250639592	         0.005021783	         0.000476733	         0.005498517
 18799	    -2202000	 0.066945819	26.946266233	-75.113366679	162.905761262	 0.242569019	         0.004492452	         0.000361959	         0.004854412
 18800	    -2201000	 0.068372053	26.699174990	-66.550149383	162.562910063	 0.234379267	         0.003912659	         0.000249988	         0.004162647
 18801	    -2200000	 0.069907842	26.440296518	-58.185921428	162.218796647	 0.226095278	         0.003340335	         0.000158993	         0.003499327
 18802	    -2199000	 0.071468022	26.169793450	-49.967592645	161.858820112	 0.217751949	         0.002798349	         0.000086391	         0.002884740
 18803	    -2198000	 0.073257106	25.887595259	-41.809343222	161.515846527	 0.209375862	         0.002311770	         0.000037984	         0.002349754
 18804	    -2197000	 0.074980315	25.594025127	-33.867101923	161.157892665	 0.201003993	         0.001852932	         0.000007127	         0.001860059
 18805	    -2196000	 0.076804085	25.290434521	-26.078246348	160.803895344	 0.192698285	         0.001468623	         0.000000000	         0.001468623
 18806	    -2195000	 0.078699286	24.976429518	-18.428942569	160.411709015	 0.184468549	         0.001126711	         0.000000000	         0.001126711
 18807	    -2194000	 0.080414758	24.652608397	-10.795483373	159.900982269	 0.176349504	         0.000822896	         0.000000000	         0.000822896
 18808	    -2193000	 0.082121535	24.321895958	-3.466673282	159.591300519	 0.168426393	         0.000617868	         0.000000000	         0.000617868
 18809	    -2192000	 0.083832467	23.984372267	 3.784934212	159.274356556	 0.160707031	         0.000453472	         0.000000000	         0.000453472
 18810	    -2191000	 0.085620958	23.641345192	11.071270826	158.967414000	 0.153224208	         0.000323929	         0.000000000	         0.000323929
 18811	    -2190000	 0.087029207	23.295752974	18.190777413	158.653714747	 0.146037720	         0.000226667	         0.000000000	         0.000226667
 18812	    -2189000	 0.088567950	22.948546000	25.200980512	158.354737032	 0.139157053	         0.000154771	         0.000000000	         0.000154771
 18813	    -2188000	 0.090029138	22.601700744	32.159559007	158.045299512	 0.132607241	         0.000101487	         0.000000000	         0.000101487
 18814	    -2187000	 0.091387584	22.257324945	39.106559818	157.730668840	 0.126409097	         0.000063407	         0.000000000	         0.000063407
 18815	    -2186000	 0.092789807	21.916535172	45.893089247	157.428952307	 0.120560737	         0.000037128	         0.000000000	         0.000037128
 18816	    -2185000	 0.094055641	21.581549426	52.618966932	157.130846863	 0.115075755	         0.000019500	         0.000000000	         0.000019500
 18817	    -2184000	 0.095320612	21.253635854	59.318034533	156.835805459	 0.109948345	         0.000008154	         0.000000000	         0.000008154
 18818	    -2183000	 0.096468976	20.933601478	65.868908329	156.539539362	 0.105164510	         0.000001844	         0.000000000	         0.000001844
 18819	    -2182000	 0.097575915	20.623103800	72.282247745	156.241706926	 0.100722248	         0.000000000	         0.000000000	         0.000000000
 18820	    -2181000	 0.098728248	20.322706654	78.663417079	155.931431136	 0.096603165	         0.000000000	         0.000000000	         0.000000000
 18821	    -2180000	 0.099659704	20.033843262	85.006226762	155.635060629	 0.092801193	         0.000000000	         0.000000000	         0.000000000
 18822	    -2179000	 0.100534206	19.757147341	91.152403645	155.304805651	 0.089299756	         0.000000000	         0.000000000	         0.000000000
 18823	    -2178000	 0.101424940	19.493123507	97.166410048	154.996698075	 0.086081924	         0.000000000	         0.000000000	         0.000000000
 18824	    -2177000	 0.102190769	19.243826394	103.241869459	154.680400048	 0.083150078	         0.000000000	         0.000000000	         0.000000000
 18825	    -2176000	 0.102837721	19.009654677	109.095496344	154.353990827	 0.080487129	         0.000000000	         0.000000000	         0.000000000
 18826	    -2175000	 0.103375692	18.791582076	114.867616750	154.019151810	 0.078084001	         0.000000000	         0.000000000	         0.000000000
 18827	    -2174000	 0.103969301	18.591410725	120.616357268	153.710496585	 0.075941353	         0.000000000	         0.000000000	         0.000000000
 18828	    -2173000	 0.104163560	18.409998453	126.248194930	153.382921724	 0.074050335	         0.000000000	         0.000000000	         0.000000000
 18829	    -2172000	 0.104421165	18.249117399	131.810642527	153.055347306	 0.072412765	         0.000000000	         0.000000000	         0.000000000
 18830	    -2171000	 0.104531853	18.109597228	137.301234935	152.754949986	 0.071021972	         0.000000000	         0.000000000	         0.000000000
 18831	    -2170000	 0.104457216	17.992415458	142.840543874	152.453356438	 0.069874518	         0.000000000	         0.000000000	         0.000000000
 18832	    -2169000	 0.104284345	17.899922312	148.279349051	152.206831686	 0.068981923	         0.000000000	         0.000000000	         0.000000000
 18833	    -2168000	 0.103942655	17.831688326	153.736009720	151.986008807	 0.068330755	         0.000000000	         0.000000000	         0.000000000
 18834	    -2167000	 0.103690743	17.788483545	159.207677664	151.798439769	 0.067921627	         0.000000000	         0.000000000	         0.000000000
 18835	    -2166000	 0.103154435	17.771750502	164.696801762	151.661378927	 0.067763832	         0.000000000	         0.000000000	         0.000000000
 18836	    -2165000	 0.102658725	17.780288191	170.184024306	151.538290808	 0.067844298	         0.000000000	         0.000000000	         0.000000000
 18837	    -2164000	 0.102194493	17.814618271	175.624800862	151.474095080	 0.068168816	         0.000000000	         0.000000000	         0.000000000
 18838	    -2163000	 0.101579130	17.874132923	-178.760129112	151.453477270	 0.068735084	         0.000000000	         0.000000000	         0.000000000
 18839	    -2162000	 0.100961955	17.957365514	-173.343949624	151.467078570	 0.069534921	         0.000000000	         0.000000000	         0.000000000
 18840	    -2161000	 0.100320450	18.064313281	-167.865548428	151.531189673	 0.070576330	         0.000000000	         0.000000000	         0.000000000
 18841	    -2160000	 0.099702734	18.192909928	-162.313844508	151.639776403	 0.071849220	         0.000000000	         0.000000000	         0.000000000
 18842	    -2159000	 0.098793561	18.341756287	-156.834644304	151.768856307	 0.073351239	         0.000000000	         0.000000000	         0.000000000
 18843	    -2158000	 0.097919350	18.509833294	-151.378606342	151.932970978	 0.075085098	         0.000000000	         0.000000000	         0.000000000
 18844	    -2157000	 0.096965755	18.694777387	-145.847621686	152.120901059	 0.077040352	         0.000000000	         0.000000000	         0.000000000
 18845	    -2156000	 0.095827443	18.895954815	-140.236691450	152.319787876	 0.079225087	         0.000000000	         0.000000000	         0.000000000
 18846	    -2155000	 0.094621248	19.111124411	-134.653726247	152.571736496	 0.081630386	         0.000000001	         0.000000000	         0.000000001
 18847	    -2154000	 0.093287424	19.338356955	-128.993981726	152.820440477	 0.084249859	         0.000001394	         0.000000000	         0.000001394
 18848	    -2153000	 0.091924229	19.577820682	-123.201506690	153.074564747	 0.087101347	         0.000004540	         0.000000000	         0.000004540
 18849	    -2152000	 0.090475614	19.826701802	-117.385768945	153.347558872	 0.090167300	         0.000009368	         0.000000000	         0.000009368
 18850	    -2151000	 0.088978016	20.084181955	-111.505221510	153.668076968	 0.093452807	         0.000017030	         0.000000000	         0.000017030
 18851	    -2150000	 0.087570687	20.350180405	-105.503752810	153.973797524	 0.096972783	         0.000026987	         0.000000000	         0.000026987
 18852	    -2149000	 0.085945223	20.622421149	-99.380874303	154.314090460	 0.100712691	         0.000041044	         0.000000000	         0.000041044
 18853	    -2148000	 0.084349541	20.901150061	-93.297382852	154.644677297	 0.104691208	         0.000058159	         0.000000000	         0.000058159
 18854	    -2147000	 0.082920604	21.185177221	-87.172963366	154.979420766	 0.108907066	         0.000079960	         0.000000000	         0.000079960
 18855	    -2146000	 0.081332281	21.473256244	-80.804706172	155.351578301	 0.113356520	         0.000108184	         0.000000000	         0.000108184
 18856	    -2145000	 0.079689149	21.766079226	-74.506108004	155.736933375	 0.118065587	         0.000142235	         0.000000000	         0.000142235
 18857	    -2144000	 0.078055991	22.061503949	-68.173754662	156.109181082	 0.123014758	         0.000179072	         0.000000000	         0.000179072
 18858	    -2143000	 0.076517562	22.359145836	-61.698309879	156.515290268	 0.128210898	         0.000224431	         0.000000000	         0.000224431
 18859	    -2142000	 0.074781482	22.659228993	-55.174929759	156.937126054	 0.133671876	         0.000276061	         0.000000000	         0.000276061
 18860	    -2141000	 0.073206584	22.959313653	-48.571124797	157.370284427	 0.139365486	         0.000335670	         0.000000000	         0.000335670
 18861	    -2140000	 0.071571420	23.259901879	-41.924407084	157.805597419	 0.145311780	         0.000397770	         0.000000000	         0.000397770
 18862	    -2139000	 0.069920330	23.560126485	-35.090564121	158.265853531	 0.151504126	         0.000468230	         0.000000000	         0.000468230
 18863	    -2138000	 0.068347391	23.858091591	-28.375807233	158.720277902	 0.157910752	         0.000535518	         0.000000000	         0.000535518
 18864	    -2137000	 0.066742787	24.154408320	-21.534076923	159.207643840	 0.164550586	         0.000617941	         0.000000000	         0.000617941
 18865	    -2136000	 0.065278742	24.447630768	-14.559619443	159.696816943	 0.171395878	         0.000698081	         0.000000000	         0.000698081
 18866	    -2135000	 0.063617884	24.737233437	-7.549242057	160.200441871	 0.178436131	         0.000782404	         0.000000000	         0.000782404
 18867	    -2134000	 0.062029707	25.022828025	-0.528757679	160.711945205	 0.185662104	         0.000870639	         0.000000000	         0.000870639
 18868	    -2133000	 0.060557261	25.303205950	 6.546658553	161.323078091	 0.193040673	         0.000973037	         0.000000000	         0.000973037
 18869	    -2132000	 0.059044184	25.579219102	13.979095352	161.864812897	 0.200590744	         0.001069010	         0.000000000	         0.001069010
 18870	    -2131000	 0.057433815	25.849533705	21.270395099	162.401015814	 0.208271072	         0.001171625	         0.000001426	         0.001173051
 18871	    -2130000	 0.056004933	26.113351406	28.777244896	162.913902372	 0.216050273	         0.001273703	         0.000009228	         0.001282931
 18872	    -2129000	 0.054681995	26.372290955	36.516661486	163.412624290	 0.223968120	         0.001383062	         0.000021223	         0.001404285
 18873	    -2128000	 0.053314373	26.624791499	44.319252028	163.899329810	 0.231968433	         0.001499713	         0.000037302	         0.001537015
 18874	    -2127000	 0.052182633	26.870805969	52.232086077	164.363618904	 0.240038016	         0.001632694	         0.000057599	         0.001690292
 18875	    -2126000	 0.051157010	27.111485656	60.386094743	164.813787091	 0.248204198	         0.001781840	         0.000083235	         0.001865075
 18876	    -2125000	 0.050183983	27.345507834	68.610071819	165.238355330	 0.256410806	         0.001949456	         0.000112925	         0.002062381
 18877	    -2124000	 0.049401115	27.573935366	76.819024062	165.633068506	 0.264682844	         0.002143324	         0.000148745	         0.002292069
 18878	    -2123000	 0.048775580	27.796585055	85.103769157	166.001792063	 0.273002404	         0.002371325	         0.000192940	         0.002564265
 18879	    -2122000	 0.048262385	28.012707393	93.622519129	166.338919825	 0.281327924	         0.002634473	         0.000245837	         0.002880310
 18880	    -2121000	 0.047751089	28.223728626	102.092389693	166.649548963	 0.289645814	         0.002962711	         0.000315232	         0.003277943
 18881	    -2120000	 0.047358561	28.428496678	110.486984386	166.915626979	 0.297853596	         0.003326061	         0.000393554	         0.003719615
 18882	    -2119000	 0.047191726	28.626882706	119.032711995	167.150701759	 0.305932129	         0.003754180	         0.000489991	         0.004244171
 18883	    -2118000	 0.047058159	28.819626544	127.764553615	167.368760697	 0.313898635	         0.004292303	         0.000617637	         0.004909940
 18884	    -2117000	 0.046966399	29.005194736	136.436990517	167.541286315	 0.321676643	         0.004878383	         0.000759658	         0.005638041
 18885	    -2116000	 0.047084887	29.184213710	145.016289675	167.680049100	 0.329279125	         0.005549852	         0.000929733	         0.006479585
 18886	    -2115000	 0.047405268	29.356306533	153.904995862	167.796384880	 0.336677659	         0.006363896	         0.001148220	         0.007512116
 18887	    -2114000	 0.047741684	29.519804236	162.537659785	167.886632216	 0.343787222	         0.007270985	         0.001403163	         0.008674148
 18888	    -2113000	 0.048270263	29.675963829	171.184861036	167.942163922	 0.350649730	         0.008291831	         0.001705124	         0.009996954
 18889	    -2112000	 0.049052439	29.823723021	179.893742447	167.998282197	 0.357206760	         0.009463650	         0.002071684	         0.011535334
 18890	    -2111000	 0.049709029	29.962041437	-171.513788757	168.029651039	 0.363399968	         0.010805842	         0.002523996	         0.013329839
 18891	    -2110000	 0.050654165	30.091649428	-163.124834668	168.039040637	 0.369250697	         0.012237604	         0.003033028	         0.015270632
 18892	    -2109000	 0.051668928	30.211525433	-154.710579779	168.032769139	 0.374702332	         0.013739470	         0.003589354	         0.017328823
 18893	    -2108000	 0.052810939	30.321860807	-146.283170048	168.021510172	 0.379753666	         0.015367864	         0.004233391	         0.019601254
 18894	    -2107000	 0.053937200	30.422134076	-138.044567003	168.009981073	 0.384371803	         0.017067664	         0.004953763	         0.022021427
 18895	    -2106000	 0.055170470	30.511835076	-129.883438569	167.983494536	 0.388524844	         0.018804164	         0.005730917	         0.024535081
 18896	    -2105000	 0.056683779	30.592020920	-121.860451191	167.952464051	 0.392254530	         0.020555097	         0.006568709	         0.027123806
 18897	    -2104000	 0.058081286	30.661501093	-113.746796571	167.912894728	 0.395499204	         0.022083968	         0.007308526	         0.029392494
 18898	    -2103000	 0.059613775	30.720400113	-105.860904899	167.868241076	 0.398259041	         0.023582097	         0.008101846	         0.031683943
 18899	    -2102000	 0.061176102	30.769472789	-98.118114663	167.835843120	 0.400564890	         0.024903439	         0.008829933	         0.033733372
 18900	    -2101000	 0.062920756	30.807586531	-90.351507488	167.802584931	 0.402359802	         0.026062477	         0.009509492	         0.035571969
 18901	    -2100000	 0.064483291	30.835568043	-82.812771446	167.756333353	 0.403679765	         0.026557055	         0.009757795	         0.036314850
 18902	    -2099000	 0.066180131	30.852947113	-75.344781870	167.736400853	 0.404500520	         0.026999129	         0.010013858	         0.037012987
 18903	    -2098000	 0.067896776	30.858977664	-67.848132935	167.712038247	 0.404785491	         0.026978110	         0.009991069	         0.036969179
 18904	    -2097000	 0.069399444	30.854649790	-60.429737250	167.707496029	 0.404580971	         0.026564872	         0.009750620	         0.036315492
 18905	    -2096000	 0.070920500	30.838282119	-53.185620090	167.693075200	 0.403807894	         0.025734118	         0.009263324	         0.034997443
 18906	    -2095000	 0.072571019	30.809724255	-45.841835324	167.694920557	 0.402460578	         0.024635237	         0.008630204	         0.033265441
 18907	    -2094000	 0.074101031	30.769244690	-38.446101271	167.710081030	 0.400554159	         0.023246142	         0.007875284	         0.031121426
 18908	    -2093000	 0.075570534	30.714824905	-31.178948784	167.733565477	 0.397997440	         0.021616333	         0.007030343	         0.028646676
 18909	    -2092000	 0.077063714	30.646841541	-23.891071999	167.750270401	 0.394813621	         0.019761305	         0.006125852	         0.025887157
 18910	    -2091000	 0.078712189	30.564453124	-16.641281934	167.781399584	 0.390970453	         0.017825799	         0.005237823	         0.023063622
 18911	    -2090000	 0.080279993	30.466212928	-9.397393686	167.820476153	 0.386410043	         0.015902816	         0.004425934	         0.020328750
 18912	    -2089000	 0.081804419	30.353044331	-2.208889546	167.855297033	 0.381187058	         0.013954618	         0.003651952	         0.017606570
 18913	    -2088000	 0.083453987	30.223383965	 4.870200536	167.883008784	 0.375243701	         0.012066761	         0.002951433	         0.015018194
 18914	    -2087000	 0.084997345	30.076987552	12.010479959	167.907075777	 0.368586554	         0.010296862	         0.002344559	         0.012641420
 18915	    -2086000	 0.086442425	29.915238735	18.992036231	167.929679852	 0.361298469	         0.008736680	         0.001849463	         0.010586143
 18916	    -2085000	 0.087908612	29.736632354	25.912336325	167.927937051	 0.353334555	         0.007322717	         0.001432290	         0.008755007
 18917	    -2084000	 0.089374069	29.542053647	32.929485026	167.922472296	 0.344760713	         0.006081911	         0.001090922	         0.007172834
 18918	    -2083000	 0.090508055	29.332603146	39.806848307	167.893059204	 0.335653418	         0.005051763	         0.000831089	         0.005882852
 18919	    -2082000	 0.091674661	29.108036731	46.692638915	167.841840935	 0.326032300	         0.004166132	         0.000620672	         0.004786804
 18920	    -2081000	 0.092841648	28.869742148	53.529158414	167.750190593	 0.315988823	         0.003417232	         0.000454167	         0.003871399
 18921	    -2080000	 0.093757259	28.617694128	60.505814520	167.640355064	 0.305555230	         0.002813113	         0.000330124	         0.003143236
 18922	    -2079000	 0.094633546	28.352863907	67.329074688	167.481427246	 0.294806440	         0.002320293	         0.000235419	         0.002555712
 18923	    -2078000	 0.095396743	28.076246212	74.205398586	167.278421496	 0.283817347	         0.001918652	         0.000163713	         0.002082365
 18924	    -2077000	 0.096188814	27.786977110	81.133777240	167.027897019	 0.272638052	         0.001596631	         0.000110797	         0.001707428
 18925	    -2076000	 0.096746683	27.486459654	87.961556592	166.730760074	 0.261484020	         0.001343296	         0.000072565	         0.001415861
 18926	    -2075000	 0.097268940	27.174618927	94.871085278	166.371248430	 0.250391905	         0.001133671	         0.000043977	         0.001177648
 18927	    -2074000	 0.097795222	26.850682504	101.710765017	165.955919731	 0.239367529	         0.000965540	         0.000023389	         0.000988930
 18928	    -2073000	 0.098139094	26.515721928	108.623302209	165.482379582	 0.228478160	         0.000832402	         0.000009825	         0.000842226
 18929	    -2072000	 0.098400033	26.168387310	115.450959201	164.893891292	 0.217709393	         0.000709926	         0.000001187	         0.000711113
 18930	    -2071000	 0.098648266	25.809267265	122.261410039	164.351951512	 0.207108628	         0.000622756	         0.000000000	         0.000622756
 18931	    -2070000	 0.098984060	25.439079823	129.153491969	163.723862269	 0.196721176	         0.000537965	         0.000000000	         0.000537965
 18932	    -2069000	 0.098934701	25.056092808	135.911592698	163.077205177	 0.186522557	         0.000470016	         0.000000000	         0.000470016
 18933	    -2068000	 0.099053812	24.662595997	142.644827754	162.384715342	 0.176594496	         0.000403894	         0.000000000	         0.000403894
 18934	    -2067000	 0.099132301	24.259300658	149.371551434	161.670859718	 0.166967314	         0.000346170	         0.000000000	         0.000346170
 18935	    -2066000	 0.098973708	23.845799434	156.038106697	160.932006565	 0.157641174	         0.000292305	         0.000000000	         0.000292305
 18936	    -2065000	 0.098799964	23.425563014	162.588780984	160.174310653	 0.148696682	         0.000242383	         0.000000000	         0.000242383
 18937	    -2064000	 0.098566524	22.998990445	169.105651348	159.397243569	 0.140136220	         0.000194539	         0.000000000	         0.000194539
 18938	    -2063000	 0.098126897	22.567693237	175.635174665	158.627244640	 0.131981880	         0.000153035	         0.000000000	         0.000153035
 18939	    -2062000	 0.097477450	22.135462276	-177.970601889	157.832979364	 0.124285897	         0.000115378	         0.000000000	         0.000115378
 18940	    -2061000	 0.096725834	21.702351170	-171.607495109	157.085817532	 0.117024357	         0.000084470	         0.000000000	         0.000084470
 18941	    -2060000	 0.095934183	21.271626722	-165.234266000	156.329206146	 0.110223640	         0.000058392	         0.000000000	         0.000058392
 18942	    -2059000	 0.094846816	20.845854012	-158.863143293	155.575155470	 0.103889620	         0.000037546	         0.000000000	         0.000037546
 18943	    -2058000	 0.093680254	20.425561933	-152.512249063	154.829892437	 0.097994209	         0.000021870	         0.000000000	         0.000021870
 18944	    -2057000	 0.092501331	20.014585461	-146.214379889	154.111365383	 0.092553111	         0.000010768	         0.000000000	         0.000010768
 18945	    -2056000	 0.091250112	19.613479307	-139.836377295	153.401571940	 0.087534141	         0.000003781	         0.000000000	         0.000003781
 18946	    -2055000	 0.089980373	19.224031839	-133.544053575	152.705571496	 0.082921610	         0.000000224	         0.000000000	         0.000000224
 18947	    -2054000	 0.088707167	18.849839790	-127.326891559	152.022679468	 0.078718879	         0.000000000	         0.000000000	         0.000000000
 18948	    -2053000	 0.087641154	18.490231342	-121.033755463	151.366053706	 0.074880794	         0.000000000	         0.000000000	         0.000000000
 18949	    -2052000	 0.086232022	18.148183599	-114.973612815	150.721143290	 0.071403922	         0.000000000	         0.000000000	         0.000000000
 18950	    -2051000	 0.085029837	17.826591494	-108.991609980	150.073603403	 0.068282362	         0.000000000	         0.000000000	         0.000000000
 18951	    -2050000	 0.083912760	17.525304776	-103.107456176	149.452437689	 0.065481826	         0.000000000	         0.000000000	         0.000000000
 18952	    -2049000	 0.082571357	17.248135132	-97.240078146	148.834778298	 0.063007015	         0.000000000	         0.000000000	         0.000000000
 18953	    -2048000	 0.081206446	16.996497441	-91.595550776	148.129490407	 0.060841275	         0.000000000	         0.000000000	         0.000000000
 18954	    -2047000	 0.079740263	16.772228587	-85.988677785	147.421801822	 0.058973905	         0.000000000	         0.000000000	         0.000000000
 18955	    -2046000	 0.078320494	16.579257854	-80.432815261	145.875918630	 0.057413078	         0.000000000	         0.000000000	         0.000000000
 18956	    -2045000	 0.076645816	16.417556447	-74.895194681	145.874054907	 0.056137028	         0.000000000	         0.000000000	         0.000000000
 18957	    -2044000	 0.074945948	16.290340025	-69.307057380	145.872681266	 0.055153077	         0.000000000	         0.000000000	         0.000000000
 18958	    -2043000	 0.073271571	16.200294645	-63.733512101	145.871808024	 0.054467067	         0.000000000	         0.000000000	         0.000000000
 18959	    -2042000	 0.071440151	16.146918373	-57.981657098	145.871503096	 0.054064454	         0.000000000	         0.000000000	         0.000000000
 18960	    -2041000	 0.069730953	16.133331477	-52.272338887	145.871659134	 0.053962446	         0.000000000	         0.000000000	         0.000000000
 18961	    -2040000	 0.068043036	16.159539151	-46.398141461	145.872300693	 0.054159382	         0.000000000	         0.000000000	         0.000000000
 18962	    -2039000	 0.066485352	16.225071023	-40.305531353	145.873376138	 0.054654970	         0.000000000	         0.000000000	         0.000000000
 18963	    -2038000	 0.064723131	16.331755191	-34.148503769	145.875103785	 0.055471493	         0.000000000	         0.000000000	         0.000000000
 18964	    -2037000	 0.063234295	16.476927878	-27.947382837	145.877144182	 0.056602223	         0.000000000	         0.000000000	         0.000000000
 18965	    -2036000	 0.061919169	16.659878507	-21.508061247	145.879590231	 0.058060083	         0.000000000	         0.000000000	         0.000000000
 18966	    -2035000	 0.060561677	16.880063955	-14.804124129	147.260561996	 0.059864530	         0.000000000	         0.000000000	         0.000000000
 18967	    -2034000	 0.059261077	17.133964029	-8.168362567	148.158776455	 0.062014999	         0.000000000	         0.000000000	         0.000000000
 18968	    -2033000	 0.058168211	17.420274752	-1.338615560	148.952517208	 0.064532790	         0.000000000	         0.000000000	         0.000000000
 18969	    -2032000	 0.057101630	17.735991270	 5.645109256	149.689357956	 0.067427845	         0.000000000	         0.000000000	         0.000000000
 18970	    -2031000	 0.056146814	18.077918281	12.671325356	150.435566665	 0.070709923	         0.000000000	         0.000000000	         0.000000000
 18971	    -2030000	 0.055261661	18.444444117	19.891311782	151.187787482	 0.074405734	         0.000000000	         0.000000000	         0.000000000
 18972	    -2029000	 0.054526362	18.831465361	27.170999733	151.959071057	 0.078518084	         0.000000000	         0.000000000	         0.000000000
 18973	    -2028000	 0.053654360	19.236545845	34.581233164	152.738784436	 0.083065973	         0.000000000	         0.000000000	         0.000000000
 18974	    -2027000	 0.052893064	19.657379085	42.065742188	153.566531064	 0.088069914	         0.000000000	         0.000000000	         0.000000000
 18975	    -2026000	 0.052303632	20.090683447	49.594620697	154.375402991	 0.093537299	         0.000000000	         0.000000000	         0.000000000
 18976	    -2025000	 0.051732722	20.535428704	57.493045977	155.182366151	 0.099502211	         0.000002254	         0.000000000	         0.000002254
 18977	    -2024000	 0.051088783	20.988158585	65.426755680	155.986060575	 0.105965050	         0.000008973	         0.000000000	         0.000008973
 18978	    -2023000	 0.050615742	21.447068688	73.400291702	156.772064106	 0.112944644	         0.000020848	         0.000000000	         0.000020848
 18979	    -2022000	 0.050461866	21.912321217	81.543208461	157.559811416	 0.120490141	         0.000039073	         0.000000000	         0.000039073
 18980	    -2021000	 0.050216461	22.380489325	89.913092829	158.317031042	 0.128591832	         0.000065633	         0.000000000	         0.000065633
 18981	    -2020000	 0.050247111	22.850151245	98.220100961	159.040152440	 0.137266776	         0.000103099	         0.000000000	         0.000103099
 18982	    -2019000	 0.050455116	23.321607815	106.490875027	159.754822481	 0.146563498	         0.000156659	         0.000000000	         0.000156659
 18983	    -2018000	 0.050849645	23.792910222	114.893873778	160.433273788	 0.156486509	         0.000230241	         0.000000000	         0.000230241
 18984	    -2017000	 0.051309942	24.262550139	122.953910119	161.077097192	 0.167042747	         0.000330133	         0.000000000	         0.000330133
 18985	    -2016000	 0.051986741	24.729430377	131.018980443	161.689054598	 0.178242699	         0.000466317	         0.000000000	         0.000466317
 18986	    -2015000	 0.052745219	25.192775608	138.940428025	162.356178140	 0.190100160	         0.000656543	         0.000000000	         0.000656543
 18987	    -2014000	 0.053398653	25.651829375	146.725945891	162.987414246	 0.202625523	         0.000921146	         0.000000000	         0.000921146
 18988	    -2013000	 0.054158401	26.103827769	154.356941535	163.529787390	 0.215764458	         0.001250601	         0.000010575	         0.001261176
 18989	    -2012000	 0.054927467	26.548269199	161.863755288	164.038525960	 0.229514153	         0.001691263	         0.000046970	         0.001738233
 18990	    -2011000	 0.055746982	26.984929946	169.484885149	164.523552453	 0.243876157	         0.002271250	         0.000118325	         0.002389576
 18991	    -2010000	 0.056371621	27.411005529	176.958645532	164.961561365	 0.258755874	         0.003009215	         0.000235469	         0.003244684
 18992	    -2009000	 0.057124333	27.825918480	-175.648982189	165.365655678	 0.274117802	         0.003929156	         0.000410969	         0.004340124
 18993	    -2008000	 0.058038852	28.228832550	-168.259843384	165.752429346	 0.289848771	         0.005100018	         0.000671307	         0.005771326
 18994	    -2007000	 0.058752232	28.618362589	-160.737095526	166.097759565	 0.305582640	         0.006570601	         0.001047688	         0.007618289
 18995	    -2006000	 0.059633479	28.994220181	-153.425009635	166.438996180	 0.321213728	         0.008325632	         0.001547006	         0.009872638
 18996	    -2005000	 0.060629657	29.354910164	-146.093800037	166.754941728	 0.336617275	         0.010485842	         0.002242476	         0.012728317
 18997	    -2004000	 0.061621751	29.699811957	-138.735907027	167.043184874	 0.351703865	         0.012983665	         0.003138915	         0.016122580
 18998	    -2003000	 0.062667648	30.029152039	-131.548713504	167.320503732	 0.366423768	         0.015882760	         0.004308334	         0.020191094
 18999	    -2002000	 0.063855573	30.341937934	-124.458728511	167.571450084	 0.380676249	         0.019163686	         0.005794796	         0.024958482
 19000	    -2001000	 0.065024014	30.637879620	-117.310346873	167.826960258	 0.394394760	         0.022936162	         0.007751036	         0.030687198
 19001	    -2000000	 0.066116237	30.916943316	-110.311390499	168.069463111	 0.407529005	         0.026874518	         0.010082384	         0.036956902
 19002	    -1999000	 0.067316063	31.179375405	-103.409362220	168.298574374	 0.420047028	         0.031195568	         0.013208932	         0.044404500
 19003	    -1998000	 0.068575005	31.425473435	-96.561662428	168.514302243	 0.431924731	         0.035633618	         0.016836006	         0.052469624
 19004	    -1997000	 0.069723262	31.654177178	-89.681423133	168.735741897	 0.443076612	         0.040248612	         0.020674519	         0.060923131
 19005	    -1996000	 0.070869112	31.866568219	-82.899012211	168.953049578	 0.453525456	         0.044502325	         0.024258003	         0.068760327
 19006	    -1995000	 0.072013957	32.063003380	-76.271143311	169.174598999	 0.463263795	         0.048636617	         0.027828143	         0.076464760
 19007	    -1994000	 0.073241826	32.242288681	-69.535926724	169.379679719	 0.472210577	         0.052168439	         0.030916864	         0.083085303
 19008	    -1993000	 0.074267576	32.405494568	-62.882484361	169.594451975	 0.480400637	         0.055283611	         0.033719932	         0.089003543
 19009	    -1992000	 0.075259897	32.552199152	-56.283474882	169.822216643	 0.487797504	         0.057854675	         0.036069719	         0.093924394
 19010	    -1991000	 0.076427566	32.682043312	-49.727415035	170.040144977	 0.494370160	         0.059691425	         0.037781829	         0.097473254
 19011	    -1990000	 0.077240891	32.795544740	-43.096595514	170.266496943	 0.500134318	         0.060580325	         0.038636451	         0.099216776
 19012	    -1989000	 0.078159755	32.891241688	-36.571705612	170.498768363	 0.505007136	         0.060637730	         0.038736345	         0.099374075
 19013	    -1988000	 0.079020589	32.969648322	-30.006586251	170.717219335	 0.509007877	         0.059762776	         0.037984002	         0.097746779
 19014	    -1987000	 0.079807076	33.030978025	-23.337966219	170.953530857	 0.512142264	         0.057902247	         0.036379873	         0.094282120
 19015	    -1986000	 0.080430850	33.073407851	-16.759660155	171.170279570	 0.514313213	         0.055257487	         0.034126113	         0.089383600
 19016	    -1985000	 0.081227526	33.098120937	-10.111375271	171.397296055	 0.515578583	         0.052061831	         0.031435876	         0.083497707
 19017	    -1984000	 0.082044518	33.104878413	-3.465242312	171.617726240	 0.515924698	         0.048521394	         0.028535990	         0.077057383
 19018	    -1983000	 0.082683119	33.092728295	 3.250721064	171.832667720	 0.515302410	         0.044466331	         0.025285026	         0.069751356
 19019	    -1982000	 0.083449073	33.063339489	 9.909509172	172.029973446	 0.513797878	         0.040358097	         0.022087349	         0.062445446
 19020	    -1981000	 0.084210490	33.015992756	16.496076998	172.204821521	 0.511376014	         0.036099623	         0.018866292	         0.054965915
 19021	    -1980000	 0.085023195	32.951232391	23.184156065	172.366774468	 0.508067539	         0.032068662	         0.015939200	         0.048007861
 19022	    -1979000	 0.085694985	32.870577051	29.764443328	172.519678023	 0.503953944	         0.028413586	         0.013385268	         0.041798854
 19023	    -1978000	 0.086368074	32.773425579	36.296591575	172.628191251	 0.499009674	         0.024954903	         0.011045943	         0.036000846
 19024	    -1977000	 0.087084464	32.661217682	42.836453337	172.722690753	 0.493314401	         0.021847691	         0.008995450	         0.030843141
 19025	    -1976000	 0.087495472	32.534998184	49.396517880	172.775914006	 0.486928588	         0.019178373	         0.007332213	         0.026510587
 19026	    -1975000	 0.087898801	32.394797383	55.833964828	172.792230371	 0.479862549	         0.016828055	         0.006037452	         0.022865507
 19027	    -1974000	 0.088296414	32.241880120	62.358202327	172.770437815	 0.472190128	         0.014768860	         0.004994077	         0.019762937
 19028	    -1973000	 0.088414738	32.076429915	68.968994180	172.708909308	 0.463931919	         0.013050447	         0.004183166	         0.017233613
 19029	    -1972000	 0.088480570	31.899333923	75.510211628	172.588630597	 0.455144979	         0.011598709	         0.003528732	         0.015127440
 19030	    -1971000	 0.088530547	31.711118471	82.087897139	172.440699036	 0.445869411	         0.010384355	         0.003003613	         0.013387968
 19031	    -1970000	 0.088481637	31.511111833	88.798617876	172.237705403	 0.436088092	         0.009370930	         0.002579441	         0.011950371
 19032	    -1969000	 0.088265668	31.300719429	95.469168349	171.977584826	 0.425887279	         0.008546706	         0.002241222	         0.010787928
 19033	    -1968000	 0.088058201	31.079251417	102.214936274	171.672523821	 0.415252623	         0.007852636	         0.001959813	         0.009812450
 19034	    -1967000	 0.087900207	30.846066879	108.946580714	171.319663492	 0.404175504	         0.007277875	         0.001727735	         0.009005610
 19035	    -1966000	 0.087517543	30.602467175	115.789568822	170.910891292	 0.392741599	         0.006778999	         0.001523249	         0.008302249
 19036	    -1965000	 0.087136772	30.346982299	122.631410865	170.465916606	 0.380908211	         0.006414272	         0.001373382	         0.007787654
 19037	    -1964000	 0.086763470	30.080058759	129.415030231	169.966595405	 0.368725623	         0.006016192	         0.001209149	         0.007225341
 19038	    -1963000	 0.086355439	29.802161430	136.341589023	169.440234499	 0.356246117	         0.005737968	         0.001091798	         0.006829766
 19039	    -1962000	 0.085761438	29.511675190	143.240776801	168.879025969	 0.343431904	         0.005428735	         0.000962666	         0.006391401
 19040	    -1961000	 0.085149615	29.210647562	150.165711886	168.284393646	 0.330409847	         0.005150444	         0.000849026	         0.005999470
 19041	    -1960000	 0.084677101	28.898825375	157.092962169	167.671778135	 0.317205340	         0.004884784	         0.000745010	         0.005629795
 19042	    -1959000	 0.083826248	28.575211973	164.136577343	167.042924094	 0.303816124	         0.004605161	         0.000638211	         0.005243372
 19043	    -1958000	 0.083161015	28.242718429	171.087689491	166.403654267	 0.290401362	         0.004309461	         0.000535120	         0.004844581
 19044	    -1957000	 0.082409676	27.900675931	178.076609393	165.741613180	 0.276981089	         0.003981435	         0.000428712	         0.004410147
 19045	    -1956000	 0.081544618	27.549689304	-174.817183421	165.102776425	 0.263792311	         0.003692533	         0.000343828	         0.004036361
 19046	    -1955000	 0.080531207	27.192082702	-167.871745448	164.464130403	 0.251000461	         0.003357012	         0.000255848	         0.003612859
 19047	    -1954000	 0.079530178	26.827122653	-160.801527286	163.812446364	 0.238584925	         0.003001387	         0.000173721	         0.003175108
 19048	    -1953000	 0.078478067	26.456648525	-153.732546315	163.179026348	 0.226609761	         0.002661925	         0.000108380	         0.002770305
 19049	    -1952000	 0.077152376	26.081388618	-146.562190619	162.543957293	 0.215092528	         0.002318340	         0.000056097	         0.002374437
 19050	    -1951000	 0.075791908	25.701068274	-139.397807344	161.926732841	 0.204017091	         0.001995877	         0.000020055	         0.002015932
 19051	    -1950000	 0.074401780	25.317708626	-132.195571173	161.324914547	 0.193430210	         0.001688830	         0.000000722	         0.001689552
 19052	    -1949000	 0.072998203	24.930515822	-124.775566603	160.708439367	 0.183295019	         0.001389394	         0.000000000	         0.001389394
 19053	    -1948000	 0.071403373	24.539852556	-117.333581836	160.108437382	 0.173607115	         0.001126628	         0.000000000	         0.001126628
 19054	    -1947000	 0.069903515	24.147333528	-109.799440545	159.512148304	 0.164388847	         0.000893707	         0.000000000	         0.000893707
 19055	    -1946000	 0.068486883	23.751100760	-102.142529176	158.911663870	 0.155579722	         0.000692025	         0.000000000	         0.000692025
 19056	    -1945000	 0.066998290	23.352280459	-94.392428854	158.273058910	 0.147189705	         0.000512047	         0.000000000	         0.000512047
 19057	    -1944000	 0.065676820	22.951968501	-86.663863761	157.503026662	 0.139223270	         0.000351488	         0.000000000	         0.000351488
 19058	    -1943000	 0.064550343	22.548688794	-78.864122986	156.947228666	 0.131633694	         0.000248852	         0.000000000	         0.000248852
 19059	    -1942000	 0.063240392	22.144153600	-70.905544487	156.383427876	 0.124436137	         0.000169803	         0.000000000	         0.000169803
 19060	    -1941000	 0.062043702	21.738837560	-63.138245625	155.835395503	 0.117619366	         0.000110343	         0.000000000	         0.000110343
 19061	    -1940000	 0.061007916	21.333446167	-55.389265063	155.264377997	 0.111174862	         0.000066929	         0.000000000	         0.000066929
 19062	    -1939000	 0.059991523	20.929651857	-47.514753427	154.713873718	 0.105106791	         0.000037582	         0.000000000	         0.000037582
 19063	    -1938000	 0.058841960	20.527448364	-39.628757948	154.134817875	 0.099391898	         0.000017859	         0.000000000	         0.000017859
 19064	    -1937000	 0.057782915	20.129992962	-31.771893924	153.581365417	 0.094049788	         0.000006353	         0.000000000	         0.000006353
 19065	    -1936000	 0.056743017	19.739036544	-23.942007270	153.023502544	 0.089075236	         0.000000613	         0.000000000	         0.000000613
 19066	    -1935000	 0.055773548	19.354809572	-15.930612923	152.462756635	 0.084442752	         0.000000000	         0.000000000	         0.000000000
 19067	    -1934000	 0.054883220	18.981438805	-7.859635991	151.897842336	 0.080172076	         0.000000000	         0.000000000	         0.000000000
 19068	    -1933000	 0.054061260	18.620186001	 0.155326069	151.321080853	 0.076245709	         0.000000000	         0.000000000	         0.000000000
 19069	    -1932000	 0.053464104	18.272471314	 8.386072495	150.774275067	 0.072648213	         0.000000000	         0.000000000	         0.000000000
 19070	    -1931000	 0.052803016	17.942040359	16.469101342	150.209080804	 0.069386956	         0.000000000	         0.000000000	         0.000000000
 19071	    -1930000	 0.052430947	17.629512042	24.546884335	149.637180060	 0.066437221	         0.000000000	         0.000000000	         0.000000000
 19072	    -1929000	 0.052318138	17.337544561	32.518439669	149.040449482	 0.063794946	         0.000000000	         0.000000000	         0.000000000
 19073	    -1928000	 0.052217201	17.068096944	40.736193463	148.378218737	 0.061449811	         0.000000000	         0.000000000	         0.000000000
 19074	    -1927000	 0.052300860	16.822489945	48.501625680	147.497777154	 0.059387358	         0.000000000	         0.000000000	         0.000000000
 19075	    -1926000	 0.052569848	16.603597730	56.170576157	145.924149179	 0.057607650	         0.000000000	         0.000000000	         0.000000000
 19076	    -1925000	 0.053130299	16.411660472	63.706819779	145.928417153	 0.056091040	         0.000000000	         0.000000000	         0.000000000
 19077	    -1924000	 0.053568281	16.249362646	71.157065744	145.932391930	 0.054839826	         0.000000000	         0.000000000	         0.000000000
 19078	    -1923000	 0.054295554	16.118773907	78.277386937	145.936036102	 0.053853363	         0.000000000	         0.000000000	         0.000000000
 19079	    -1922000	 0.055023748	16.019143328	85.232145679	145.939317851	 0.053112707	         0.000000000	         0.000000000	         0.000000000
 19080	    -1921000	 0.055835459	15.953529013	92.037324080	145.942255038	 0.052630501	         0.000000000	         0.000000000	         0.000000000
 19081	    -1920000	 0.056726032	15.922910820	98.564575090	145.944798745	 0.052406985	         0.000000000	         0.000000000	         0.000000000
 19082	    -1919000	 0.057581787	15.926755794	104.977498394	145.946943293	 0.052435001	         0.000000000	         0.000000000	         0.000000000
 19083	    -1918000	 0.058494329	15.967266209	111.336743189	145.948742830	 0.052731093	         0.000000000	         0.000000000	         0.000000000
 19084	    -1917000	 0.059252326	16.043455895	117.631145233	145.950062295	 0.053292502	         0.000000000	         0.000000000	         0.000000000
 19085	    -1916000	 0.060043585	16.156259738	123.743495974	145.951001691	 0.054134700	         0.000000000	         0.000000000	         0.000000000
 19086	    -1915000	 0.060974047	16.305763776	129.893948074	145.951644867	 0.055271447	         0.000000000	         0.000000000	         0.000000000
 19087	    -1914000	 0.061865311	16.489495079	136.271218424	147.455309524	 0.056701184	         0.000000000	         0.000000000	         0.000000000
 19088	    -1913000	 0.062663619	16.709209747	142.421928453	148.535437468	 0.058459572	         0.000000000	         0.000000000	         0.000000000
 19089	    -1912000	 0.063657118	16.962865352	148.594440260	149.343905437	 0.060557514	         0.000000000	         0.000000000	         0.000000000
 19090	    -1911000	 0.064748286	17.248441064	154.858666171	150.011634547	 0.063009694	         0.000000000	         0.000000000	         0.000000000
 19091	    -1910000	 0.065815383	17.566018112	161.045831667	150.638471494	 0.065853449	         0.000000000	         0.000000000	         0.000000000
 19092	    -1909000	 0.066980060	17.912079303	167.161628998	151.268151350	 0.069098588	         0.000000000	         0.000000000	         0.000000000
 19093	    -1908000	 0.068248125	18.286171937	173.234674190	151.872962282	 0.072786695	         0.000000000	         0.000000000	         0.000000000
 19094	    -1907000	 0.069372969	18.686204807	179.291164144	152.492534221	 0.076948606	         0.000000000	         0.000000000	         0.000000000
 19095	    -1906000	 0.070524935	19.107764867	-174.808372558	153.089508886	 0.081592276	         0.000000000	         0.000000000	         0.000000000
 19096	    -1905000	 0.071626557	19.551343509	-168.940760970	153.708794282	 0.086781375	         0.000000013	         0.000000000	         0.000000013
 19097	    -1904000	 0.072636543	20.013456498	-162.993740902	154.341112337	 0.092538589	         0.000005243	         0.000000000	         0.000005243
 19098	    -1903000	 0.073477226	20.490378981	-157.139498724	154.937137114	 0.098881084	         0.000017594	         0.000000000	         0.000017594
 19099	    -1902000	 0.074185549	20.981647008	-151.270096681	155.551402190	 0.105869183	         0.000040324	         0.000000000	         0.000040324
 19100	    -1901000	 0.074953319	21.483412319	-145.376694792	156.156007210	 0.113516658	         0.000078118	         0.000000000	         0.000078118
 19101	    -1900000	 0.075458613	21.994502454	-139.322025424	156.761375998	 0.121874414	         0.000138072	         0.000000000	         0.000138072
 19102	    -1899000	 0.075945249	22.512357081	-133.304805301	157.362830118	 0.130970606	         0.000229151	         0.000000000	         0.000229151
 19103	    -1898000	 0.076408457	23.033793216	-127.305281414	157.946392707	 0.140815783	         0.000361360	         0.000000000	         0.000361360
 19104	    -1897000	 0.076919359	23.559716478	-120.991193180	158.807066560	 0.151495492	         0.000603542	         0.000000000	         0.000603542
 19105	    -1896000	 0.077271237	24.086512649	-114.868873735	159.440657196	 0.163004945	         0.000903067	         0.000000000	         0.000903067
 19106	    -1895000	 0.077728859	24.612507063	-108.641395151	160.063013761	 0.175369252	         0.001306618	         0.000000000	         0.001306618
 19107	    -1894000	 0.078254014	25.138528108	-102.372609395	160.666188685	 0.188672119	         0.001842692	         0.000000000	         0.001842692
 19108	    -1893000	 0.078636744	25.660981065	-96.087406653	161.264074197	 0.202883444	         0.002535268	         0.000038261	         0.002573528
 19109	    -1892000	 0.079145464	26.180396782	-89.866139508	161.852167249	 0.218073123	         0.003414051	         0.000143145	         0.003557196
 19110	    -1891000	 0.079603279	26.696031042	-83.612357954	162.453893495	 0.234276864	         0.004519677	         0.000331211	         0.004850888
 19111	    -1890000	 0.080078552	27.204631126	-77.320976308	163.042372997	 0.251438645	         0.005818773	         0.000611024	         0.006429797
 19112	    -1889000	 0.080462556	27.708507679	-71.140431903	163.640120366	 0.269680479	         0.007364499	         0.001007608	         0.008372107
 19113	    -1888000	 0.080881658	28.204957022	-64.968989151	164.239833233	 0.288900083	         0.009157037	         0.001535642	         0.010692678
 19114	    -1887000	 0.081345713	28.691675043	-58.773863334	164.845734474	 0.308597265	         0.011230470	         0.002229493	         0.013459963
 19115	    -1886000	 0.081574684	29.170724240	-52.600632899	165.452838105	 0.328702910	         0.013428587	         0.003049001	         0.016477588
 19116	    -1885000	 0.081834662	29.638164344	-46.516392895	166.082046236	 0.348982224	         0.016009770	         0.004137560	         0.020147330
 19117	    -1884000	 0.082093200	30.093328179	-40.446417867	166.704127601	 0.369326777	         0.018705961	         0.005401830	         0.024107791
 19118	    -1883000	 0.082222614	30.536610482	-34.267872024	167.353057627	 0.389675503	         0.021515204	         0.006872720	         0.028387924
 19119	    -1882000	 0.082169201	30.963909882	-28.205732656	168.002388624	 0.409757708	         0.024448765	         0.008611901	         0.033060666
 19120	    -1881000	 0.082159389	31.375937128	-22.187025240	168.676380389	 0.429523476	         0.027483873	         0.010669812	         0.038153684
 19121	    -1880000	 0.082021037	31.771414849	-15.980390483	169.356519772	 0.448833617	         0.030539204	         0.013257360	         0.043796565
 19122	    -1879000	 0.081704918	32.147130223	-9.849660315	170.047972404	 0.467455183	         0.033523285	         0.015858219	         0.049381504
 19123	    -1878000	 0.081422725	32.504455653	-3.673599904	170.742609258	 0.485386774	         0.036561880	         0.018529938	         0.055091818
 19124	    -1877000	 0.081115542	32.840839374	 2.620361487	171.436442700	 0.502439261	         0.039520042	         0.021162446	         0.060682488
 19125	    -1876000	 0.080657528	33.155240989	 8.958004063	172.134137237	 0.518505769	         0.042514097	         0.023860467	         0.066374564
 19126	    -1875000	 0.080360834	33.448588182	15.327140748	172.849504224	 0.533589153	         0.045799871	         0.026849736	         0.072649607
 19127	    -1874000	 0.080026672	33.718008670	21.700369961	173.556202855	 0.547505502	         0.049832757	         0.030570642	         0.080403399
 19128	    -1873000	 0.079773456	33.964555892	28.240393215	174.304238734	 0.560280859	         0.055390269	         0.035779244	         0.091169512
 19129	    -1872000	 0.079487672	34.188173790	34.673135082	174.922766763	 0.571891759	         0.057863683	         0.038082541	         0.095946224
 19130	    -1871000	 0.079211531	34.387193655	41.059410973	175.472950846	 0.582237135	         0.058958537	         0.039125464	         0.098084001
 19131	    -1870000	 0.079169390	34.563375073	47.521465560	175.983611378	 0.591399294	         0.059339522	         0.039507736	         0.098847257
 19132	    -1869000	 0.078861809	34.715642319	53.946741057	176.417015843	 0.599317278	         0.059478179	         0.039668122	         0.099146300
 19133	    -1868000	 0.078614236	34.844050197	60.296648934	176.800694502	 0.605991934	         0.059369807	         0.039604208	         0.098974015
 19134	    -1867000	 0.078332321	34.950170561	66.564735886	177.120919324	 0.611504944	         0.059214209	         0.039493390	         0.098707600
 19135	    -1866000	 0.077932794	35.032121974	72.997904604	177.365865488	 0.615759741	         0.059003876	         0.039334540	         0.098338417
 19136	    -1865000	 0.077362775	35.091461248	79.256555377	177.546819567	 0.618838833	         0.059068175	         0.039402661	         0.098470836
 19137	    -1864000	 0.076792688	35.128459297	85.611553193	177.666565184	 0.620757829	         0.059196579	         0.039523009	         0.098719588
 19138	    -1863000	 0.076132012	35.141325559	92.055151652	177.716427193	 0.621425012	         0.059559794	         0.039838953	         0.099398747
 19139	    -1862000	 0.075201602	35.132452447	98.516542777	177.682036759	 0.620964903	         0.060014327	         0.040228770	         0.100243097
 19140	    -1861000	 0.074389740	35.100242386	105.011573581	177.598454792	 0.619294348	         0.060722752	         0.040840945	         0.101563697
 19141	    -1860000	 0.073467100	35.044208867	111.639801649	177.437341281	 0.616387050	         0.061562772	         0.041572176	         0.103134948
 19142	    -1859000	 0.072432067	34.966500956	118.394658865	177.230686118	 0.612352994	         0.062680501	         0.042539126	         0.105219627
 19143	    -1858000	 0.071430050	34.864192863	125.163414143	176.934858369	 0.607038611	         0.063529692	         0.043300913	         0.106830606
 19144	    -1857000	 0.070399701	34.738300536	131.973748090	176.597856788	 0.600495287	         0.064297178	         0.043994654	         0.108291832
 19145	    -1856000	 0.069429342	34.590361811	138.988742614	176.193360394	 0.592802749	         0.064723314	         0.044405195	         0.109128508
 19146	    -1855000	 0.068313297	34.417745168	146.071320729	175.730093544	 0.583825808	         0.064701031	         0.044408595	         0.109109626
 19147	    -1854000	 0.067258678	34.222843890	153.081336127	175.224842906	 0.573693368	         0.063759143	         0.043577553	         0.107336695
 19148	    -1853000	 0.066314420	34.005996139	160.257179257	174.658585049	 0.562431137	         0.061396239	         0.041407024	         0.102803263
 19149	    -1852000	 0.065240569	33.766094465	167.583608125	173.979510032	 0.549994507	         0.055614845	         0.035922397	         0.091537242
 19150	    -1851000	 0.064196515	33.506649646	174.837245959	173.312988955	 0.536583597	         0.050397413	         0.031053451	         0.081450865
 19151	    -1850000	 0.063233272	33.226658264	-177.864373371	172.656025584	 0.522170377	         0.046378320	         0.027395336	         0.073773656
 19152	    -1849000	 0.062161617	32.927115903	-170.362264925	172.005221128	 0.506836728	         0.042558484	         0.023971437	         0.066529921
 19153	    -1848000	 0.061100680	32.611349954	-162.992821861	171.358476906	 0.490788769	         0.038943533	         0.020786761	         0.059730293
 19154	    -1847000	 0.060012191	32.278006940	-155.531196346	170.730074377	 0.473999382	         0.035531975	         0.017844796	         0.053376771
 19155	    -1846000	 0.058976840	31.929379379	-147.911564985	170.098700588	 0.456631777	         0.031958181	         0.014776757	         0.046734938
 19156	    -1845000	 0.057634401	31.567173289	-140.296265456	169.482342376	 0.438821702	         0.028504347	         0.011844473	         0.040348820
 19157	    -1844000	 0.056394024	31.190965001	-132.625871488	168.875603244	 0.420603436	         0.025148107	         0.009340171	         0.034488278
 19158	    -1843000	 0.055110129	30.803248978	-124.844132555	168.267633692	 0.402155355	         0.021838708	         0.007298341	         0.029137049
 19159	    -1842000	 0.053746902	30.403614410	-116.744579746	167.688522567	 0.383516921	         0.018853045	         0.005694204	         0.024547249
 19160	    -1841000	 0.052335098	29.992799279	-108.564887485	167.118869534	 0.364784300	         0.015949415	         0.004305964	         0.020255379
 19161	    -1840000	 0.050870577	29.573108524	-100.221732270	166.552844001	 0.346121855	         0.013346803	         0.003204894	         0.016551697
 19162	    -1839000	 0.049676766	29.142692087	-91.618672885	165.981286883	 0.327507230	         0.010985239	         0.002314338	         0.013299577
 19163	    -1838000	 0.048383341	28.703078050	-82.649199062	165.410104937	 0.309067663	         0.008830299	         0.001589196	         0.010419495
 19164	    -1837000	 0.047327078	28.256161652	-73.631444720	164.849817629	 0.290936925	         0.007015606	         0.001050949	         0.008066555
 19165	    -1836000	 0.046460359	27.800255363	-64.482243774	164.285689486	 0.273141718	         0.005481539	         0.000654217	         0.006135757
 19166	    -1835000	 0.045742232	27.337173613	-54.969082560	163.723307375	 0.256113937	         0.004227767	         0.000378147	         0.004605913
 19167	    -1834000	 0.045181868	26.868208960	-45.783908557	163.152061731	 0.239951381	         0.003191558	         0.000189603	         0.003381161
 19168	    -1833000	 0.044894489	26.393702665	-36.472958115	162.571834775	 0.224635693	         0.002369787	         0.000075344	         0.002445131
 19169	    -1832000	 0.044714083	25.915216356	-27.076302393	161.996911189	 0.210181271	         0.001735889	         0.000016074	         0.001751963
 19170	    -1831000	 0.044492999	25.433177796	-17.767350619	161.401288537	 0.196559855	         0.001239709	         0.000000000	         0.001239709
 19171	    -1830000	 0.044430747	24.950375787	-8.704129682	160.783033132	 0.183801710	         0.000867462	         0.000000000	         0.000867462
 19172	    -1829000	 0.044478660	24.468090300	 0.439561795	160.077580198	 0.171884000	         0.000581942	         0.000000000	         0.000581942
 19173	    -1828000	 0.044652962	23.986276452	 9.717359297	159.543195364	 0.160749573	         0.000394639	         0.000000000	         0.000394639
 19174	    -1827000	 0.044782518	23.508706101	18.849366376	159.004533756	 0.150425121	         0.000263274	         0.000000000	         0.000263274
 19175	    -1826000	 0.045036598	23.036373416	27.965802751	158.470621091	 0.140866296	         0.000171173	         0.000000000	         0.000171173
 19176	    -1825000	 0.045512224	22.569591919	37.031451096	157.911187937	 0.132016717	         0.000105690	         0.000000000	         0.000105690
 19177	    -1824000	 0.046117026	22.111344705	46.131521303	157.370227393	 0.123869946	         0.000062252	         0.000000000	         0.000062252
 19178	    -1823000	 0.046870631	21.661867246	54.991677066	156.831685913	 0.116367679	         0.000034132	         0.000000000	         0.000034132
 19179	    -1822000	 0.047888062	21.222690942	63.675678718	156.284273915	 0.109476435	         0.000015903	         0.000000000	         0.000015903
 19180	    -1821000	 0.048962127	20.795314198	72.354295227	155.744451971	 0.103162349	         0.000005373	         0.000000000	         0.000005373
 19181	    -1820000	 0.050119890	20.379682162	80.602451678	155.199874928	 0.097371260	         0.000000331	         0.000000000	         0.000000331
 19182	    -1819000	 0.051486936	19.977894261	88.487910665	154.658684402	 0.092082285	         0.000000000	         0.000000000	         0.000000000
 19183	    -1818000	 0.053057036	19.589895171	96.365954815	154.109282783	 0.087247657	         0.000000000	         0.000000000	         0.000000000
 19184	    -1817000	 0.054442751	19.216769264	103.914399562	153.553150068	 0.082837943	         0.000000000	         0.000000000	         0.000000000
 19185	    -1816000	 0.055946178	18.860477174	111.134356055	152.990486677	 0.078835358	         0.000000000	         0.000000000	         0.000000000
 19186	    -1815000	 0.057518826	18.520315354	118.103769015	152.429846810	 0.075194577	         0.000000000	         0.000000000	         0.000000000
 19187	    -1814000	 0.059106540	18.198817534	124.984567974	151.898769409	 0.071908244	         0.000000000	         0.000000000	         0.000000000
 19188	    -1813000	 0.060641847	17.897546500	131.542770997	151.367561226	 0.068959146	         0.000000000	         0.000000000	         0.000000000
 19189	    -1812000	 0.062092134	17.615896125	137.963372950	150.834175190	 0.066311600	         0.000000000	         0.000000000	         0.000000000
 19190	    -1811000	 0.063646389	17.356833485	144.210627158	150.303702174	 0.063966220	         0.000000000	         0.000000000	         0.000000000
 19191	    -1810000	 0.064973703	17.121593844	150.270042308	149.754453551	 0.061908459	         0.000000000	         0.000000000	         0.000000000
 19192	    -1809000	 0.066289551	16.911036521	156.227984404	149.201877380	 0.060122813	         0.000000000	         0.000000000	         0.000000000
 19193	    -1808000	 0.067612153	16.726924257	162.025062192	148.640132973	 0.058603695	         0.000000000	         0.000000000	         0.000000000
 19194	    -1807000	 0.068815886	16.569676246	167.906380183	148.026684531	 0.057336664	         0.000000000	         0.000000000	         0.000000000
 19195	    -1806000	 0.069875203	16.441918696	173.534809551	147.085960554	 0.056327450	         0.000000000	         0.000000000	         0.000000000
 19196	    -1805000	 0.070956609	16.343665568	179.146208434	145.943547875	 0.055563405	         0.000000000	         0.000000000	         0.000000000
 19197	    -1804000	 0.072216937	16.274627561	-175.255105464	145.941040381	 0.055032753	         0.000000000	         0.000000000	         0.000000000
 19198	    -1803000	 0.073106851	16.237229012	-169.677042138	145.938121606	 0.054747413	         0.000000000	         0.000000000	         0.000000000
 19199	    -1802000	 0.074202858	16.230353485	-164.259052663	145.935096121	 0.054695116	         0.000000000	         0.000000000	         0.000000000
 19200	    -1801000	 0.075290441	16.253844037	-158.869434382	145.931834516	 0.054873997	         0.000000000	         0.000000000	         0.000000000
 19201	    -1800000	 0.076319773	16.308025386	-153.477100489	145.928324556	 0.055288825	         0.000000000	         0.000000000	         0.000000000
 19202	    -1799000	 0.077286752	16.391064648	-148.281270486	145.924735085	 0.055930691	         0.000000000	         0.000000000	         0.000000000
 19203	    -1798000	 0.078224271	16.503483407	-143.089142717	146.582585076	 0.056811540	         0.000000000	         0.000000000	         0.000000000
 19204	    -1797000	 0.079120933	16.643599152	-137.923004308	147.617280601	 0.057928852	         0.000000000	         0.000000000	         0.000000000
 19205	    -1796000	 0.079799881	16.809510695	-132.853360016	148.164800267	 0.059280313	         0.000000000	         0.000000000	         0.000000000
 19206	    -1795000	 0.080379427	17.001451839	-127.807230158	148.608251334	 0.060883188	         0.000000000	         0.000000000	         0.000000000
 19207	    -1794000	 0.080927400	17.217010879	-122.751773493	149.044501787	 0.062735018	         0.000000000	         0.000000000	         0.000000000
 19208	    -1793000	 0.081255923	17.455193125	-117.593140557	149.461776998	 0.064846771	         0.000000000	         0.000000000	         0.000000000
 19209	    -1792000	 0.081409003	17.714726240	-112.504424367	149.914582495	 0.067228834	         0.000000000	         0.000000000	         0.000000000
 19210	    -1791000	 0.081532214	17.993666318	-107.348740131	150.354055437	 0.069886668	         0.000000000	         0.000000000	         0.000000000
 19211	    -1790000	 0.081604761	18.292208438	-102.040295597	150.822564114	 0.072847794	         0.000000000	         0.000000000	         0.000000000
 19212	    -1789000	 0.081451568	18.607675915	-96.726823963	151.288333873	 0.076113240	         0.000000000	         0.000000000	         0.000000000
 19213	    -1788000	 0.081318312	18.939007467	-91.409580925	151.758628062	 0.079700616	         0.000000000	         0.000000000	         0.000000000
 19214	    -1787000	 0.081297464	19.286695098	-85.925168175	152.260499855	 0.083647028	         0.000000624	         0.000000000	         0.000000624
 19215	    -1786000	 0.080969918	19.647921111	-80.411752978	152.765802238	 0.087954208	         0.000004799	         0.000000000	         0.000004799
 19216	    -1785000	 0.080704981	20.022885224	-74.899127012	153.285079503	 0.092659949	         0.000012930	         0.000000000	         0.000012930
 19217	    -1784000	 0.080501751	20.410692952	-69.364986066	153.821448747	 0.097791885	         0.000025905	         0.000000000	         0.000025905
 19218	    -1783000	 0.080170612	20.809176812	-63.697943851	154.368660621	 0.103361325	         0.000044912	         0.000000000	         0.000044912
 19219	    -1782000	 0.079814438	21.219599393	-58.103220827	154.922229273	 0.109429400	         0.000072294	         0.000000000	         0.000072294
 19220	    -1781000	 0.079360698	21.639442913	-52.428594206	155.513418356	 0.116005528	         0.000110557	         0.000000000	         0.000110557
 19221	    -1780000	 0.078993980	22.067487279	-46.754911672	156.106215562	 0.123117109	         0.000161262	         0.000000000	         0.000161262
 19222	    -1779000	 0.078402947	22.504775035	-41.036207174	156.729696064	 0.130832648	         0.000228475	         0.000000000	         0.000228475
 19223	    -1778000	 0.077891412	22.948107616	-35.299228655	157.368934837	 0.139148574	         0.000314227	         0.000000000	         0.000314227
 19224	    -1777000	 0.077382371	23.397117513	-29.617790130	158.017503939	 0.148109907	         0.000420121	         0.000000000	         0.000420121
 19225	    -1776000	 0.076756883	23.851476563	-23.739800736	158.690160632	 0.157765621	         0.000548048	         0.000000000	         0.000548048
 19226	    -1775000	 0.076027314	24.308361917	-18.066684364	159.369669322	 0.168109842	         0.000699989	         0.000000000	         0.000699989
 19227	    -1774000	 0.075308600	24.768004241	-12.339621209	160.070668546	 0.179200962	         0.000880883	         0.000000000	         0.000880883
 19228	    -1773000	 0.074649473	25.228629021	-6.520326222	160.952183275	 0.191049912	         0.001122758	         0.000000000	         0.001122758
 19229	    -1772000	 0.073641655	25.688531515	-0.726257907	161.711498552	 0.203661878	         0.001377339	         0.000001117	         0.001378456
 19230	    -1771000	 0.072690426	26.147552148	 5.028438132	162.467759550	 0.217079800	         0.001659985	         0.000021372	         0.001681357
 19231	    -1770000	 0.071734912	26.603415970	10.883940568	163.224685539	 0.231280232	         0.001971488	         0.000060287	         0.002031775
 19232	    -1769000	 0.070628072	27.056016201	16.820538711	163.990766468	 0.246297839	         0.002329428	         0.000119470	         0.002448898
 19233	    -1768000	 0.069458337	27.504053636	22.714994959	164.739879149	 0.262124278	         0.002731715	         0.000200217	         0.002931932
 19234	    -1767000	 0.068311416	27.945620731	28.751985506	165.506412326	 0.278716897	         0.003197016	         0.000308278	         0.003505294
 19235	    -1766000	 0.067128228	28.381718186	34.897815442	166.246981885	 0.295966804	         0.003705665	         0.000438448	         0.004144113
 19236	    -1765000	 0.065936061	28.810277544	41.009609863	166.978364433	 0.313509568	         0.004314292	         0.000608561	         0.004922854
 19237	    -1764000	 0.064790270	29.230374051	47.234400482	167.685077971	 0.331255013	         0.004967456	         0.000801397	         0.005768853
 19238	    -1763000	 0.063767745	29.642581870	53.514650416	168.374134149	 0.349176892	         0.005741292	         0.001046483	         0.006787775
 19239	    -1762000	 0.062656275	30.044824075	59.895722929	169.035513494	 0.367131666	         0.006633804	         0.001345501	         0.007979305
 19240	    -1761000	 0.061537607	30.437760448	66.142381796	169.683236774	 0.385093812	         0.007729508	         0.001736149	         0.009465656
 19241	    -1760000	 0.060639989	30.820173286	72.395021949	170.294448692	 0.402953322	         0.008981717	         0.002215865	         0.011197583
 19242	    -1759000	 0.059631520	31.190348929	78.826820257	170.871991059	 0.420573851	         0.010457787	         0.002819621	         0.013277408
 19243	    -1758000	 0.058523800	31.549898704	85.143299851	171.419523219	 0.437978697	         0.012237333	         0.003601356	         0.015838690
 19244	    -1757000	 0.057475232	31.896239423	91.369028863	171.934916393	 0.454991941	         0.014376879	         0.004634560	         0.019011439
 19245	    -1756000	 0.056454471	32.228359531	97.789585990	172.410463278	 0.471513554	         0.016861610	         0.005951694	         0.022813304
 19246	    -1755000	 0.055239468	32.547277771	104.143238212	172.862930505	 0.487548854	         0.020034956	         0.007926749	         0.027961705
 19247	    -1754000	 0.054085252	32.850169158	110.608261450	173.265346632	 0.502914353	         0.023689963	         0.010560193	         0.034250155
 19248	    -1753000	 0.052925384	33.137141954	117.104981670	173.646241407	 0.517577890	         0.028168755	         0.013851468	         0.042020223
 19249	    -1752000	 0.051617794	33.407655071	123.846371173	173.984717783	 0.531479752	         0.033789351	         0.018138321	         0.051927672
 19250	    -1751000	 0.050400081	33.659099534	130.446680572	174.299818957	 0.544458258	         0.040709061	         0.023661612	         0.064370673
 19251	    -1750000	 0.049157780	33.892912444	137.270636234	174.636458627	 0.556565212	         0.050966978	         0.032418957	         0.083385935
 19252	    -1749000	 0.047975771	34.107486645	144.311067588	174.867293611	 0.567700223	         0.060417903	         0.040622660	         0.101040563
 19253	    -1748000	 0.046664540	34.300887828	151.359189071	175.024849173	 0.577749895	         0.069316277	         0.048494792	         0.117811069
 19254	    -1747000	 0.045413509	34.474434724	158.574896202	175.124951261	 0.586773860	         0.078066975	         0.056406859	         0.134473834
 19255	    -1746000	 0.044301156	34.626361903	165.875999840	175.175986349	 0.594674888	         0.086620154	         0.064323305	         0.150943458
 19256	    -1745000	 0.043122615	34.756463673	173.597491175	175.186415906	 0.601439532	         0.095152341	         0.072412872	         0.167565213
 19257	    -1744000	 0.041913491	34.864477268	-178.791317780	175.172260261	 0.607053388	         0.103418682	         0.080416408	         0.183835090
 19258	    -1743000	 0.040875116	34.949125259	-170.956082777	175.137763602	 0.611450657	         0.111570093	         0.088475742	         0.200045836
 19259	    -1742000	 0.039966651	35.011967912	-162.784388118	175.065406794	 0.614713613	         0.118942875	         0.095900288	         0.214843163
 19260	    -1741000	 0.038901371	35.051428342	-154.590218076	174.974354518	 0.616761710	         0.125290058	         0.102398673	         0.227688732
 19261	    -1740000	 0.038104122	35.066861452	-146.267030941	174.867571592	 0.617562548	         0.130517433	         0.107854902	         0.238372334
 19262	    -1739000	 0.037353816	35.060295750	-137.642098876	174.746015412	 0.617221861	         0.134671280	         0.112270189	         0.246941469
 19263	    -1738000	 0.036616507	35.030081382	-129.031988836	174.608661340	 0.615653829	         0.137182589	         0.115014893	         0.252197481
 19264	    -1737000	 0.035982573	34.976543514	-120.378858030	174.462349890	 0.612874465	         0.138179230	         0.116166434	         0.254345664
 19265	    -1736000	 0.035467581	34.900505398	-111.585482853	174.305220502	 0.608925238	         0.137466767	         0.115499568	         0.252966335
 19266	    -1735000	 0.034897385	34.800603374	-102.491259803	174.121320770	 0.603733953	         0.134671483	         0.112711435	         0.247382918
 19267	    -1734000	 0.034309095	34.678550807	-93.439344986	173.932042278	 0.597388713	         0.129607671	         0.107540705	         0.237148376
 19268	    -1733000	 0.033807487	34.533392953	-84.263650318	173.721501841	 0.589840039	         0.122639632	         0.100436277	         0.223075909
 19269	    -1732000	 0.033476897	34.364472557	-74.747822881	173.477591560	 0.581055709	         0.113393288	         0.091050436	         0.204443725
 19270	    -1731000	 0.033133878	34.173744490	-64.874048229	173.216404457	 0.571142044	         0.102102117	         0.079696461	         0.181798578
 19271	    -1730000	 0.032869058	33.959518388	-54.959006896	172.929418682	 0.560019521	         0.089573392	         0.067283438	         0.156856830
 19272	    -1729000	 0.032871154	33.722309610	-44.953807530	172.538623237	 0.547728068	         0.072790230	         0.050810297	         0.123600526
 19273	    -1728000	 0.033128386	33.462751045	-34.644175568	172.175312061	 0.534319332	         0.059936127	         0.038844221	         0.098780348
 19274	    -1727000	 0.033501472	33.180243448	-24.424048795	171.842339352	 0.519788122	         0.049732777	         0.029850016	         0.079582793
 19275	    -1726000	 0.034119943	32.876615723	-14.454028455	171.485288127	 0.504261656	         0.040877674	         0.022423902	         0.063301576
 19276	    -1725000	 0.035116170	32.550907119	-4.479127076	171.140952782	 0.487732222	         0.033417975	         0.016473950	         0.049891925
 19277	    -1724000	 0.035959535	32.203774584	 5.111533877	170.780931577	 0.470284087	         0.027139384	         0.011695941	         0.038835325
 19278	    -1723000	 0.037080320	31.838328580	14.295274707	170.393233333	 0.452131240	         0.021797427	         0.007996102	         0.029793528
 19279	    -1722000	 0.038301886	31.453057859	23.309986761	170.012527010	 0.433264105	         0.017453818	         0.005632273	         0.023086091
 19280	    -1721000	 0.039506439	31.049508546	32.284703362	169.600673915	 0.413832748	         0.013812231	         0.003938202	         0.017750433
 19281	    -1720000	 0.040640178	30.630707140	40.862441615	169.185686146	 0.394059676	         0.010949582	         0.002771935	         0.013721518
 19282	    -1719000	 0.041810224	30.195892286	49.402488523	168.737158790	 0.373989211	         0.008585685	         0.001912895	         0.010498580
 19283	    -1718000	 0.043122075	29.747307596	57.697942711	168.268176198	 0.353808052	         0.006704098	         0.001301700	         0.008005798
 19284	    -1717000	 0.044276903	29.285967942	66.186379195	167.763548347	 0.333643106	         0.005221685	         0.000871405	         0.006093090
 19285	    -1716000	 0.045508087	28.812868427	74.451396486	167.243695645	 0.313617363	         0.004061146	         0.000568189	         0.004629335
 19286	    -1715000	 0.046767752	28.330361536	82.565389549	166.678621182	 0.293903353	         0.003146028	         0.000352871	         0.003498899
 19287	    -1714000	 0.048186145	27.837466797	90.757693384	166.078864656	 0.274558173	         0.002417285	         0.000201900	         0.002619185
 19288	    -1713000	 0.049523506	27.336188585	98.704916302	165.457872320	 0.256078872	         0.001871542	         0.000106843	         0.001978385
 19289	    -1712000	 0.051031765	26.828634859	106.518292685	164.805839720	 0.238635080	         0.001444760	         0.000046392	         0.001491151
 19290	    -1711000	 0.052619056	26.313641468	114.231069805	164.102089653	 0.222149692	         0.001102578	         0.000011737	         0.001114315
 19291	    -1710000	 0.054089282	25.793441707	121.880000914	163.365716537	 0.206653541	         0.000840547	         0.000000000	         0.000840547
 19292	    -1709000	 0.055594477	25.269233432	129.138376925	162.516204679	 0.192131249	         0.000626680	         0.000000000	         0.000626680
 19293	    -1708000	 0.057302468	24.740797486	136.347866367	161.760343672	 0.178524550	         0.000471287	         0.000000000	         0.000471287
 19294	    -1707000	 0.058878639	24.211198199	143.498684037	160.996782655	 0.165854654	         0.000351632	         0.000000000	         0.000351632
 19295	    -1706000	 0.060332520	23.680647027	150.360977714	160.196567668	 0.154063556	         0.000255904	         0.000000000	         0.000255904
 19296	    -1705000	 0.061829233	23.150630730	157.077453327	159.393811026	 0.143121361	         0.000184156	         0.000000000	         0.000184156
 19297	    -1704000	 0.063304835	22.624542846	163.647134612	158.570028766	 0.133028945	         0.000127358	         0.000000000	         0.000127358
 19298	    -1703000	 0.064587330	22.102751397	170.116767193	157.749500190	 0.123722075	         0.000085207	         0.000000000	         0.000085207
 19299	    -1702000	 0.065811076	21.588242950	176.472751942	156.926239766	 0.115182871	         0.000054049	         0.000000000	         0.000054049
 19300	    -1701000	 0.066967450	21.083372198	-177.377945245	156.114590903	 0.107376786	         0.000031373	         0.000000000	         0.000031373
 19301	    -1700000	 0.067982626	20.589860466	-171.194472382	155.296729099	 0.100257902	         0.000015711	         0.000000000	         0.000015711
 19302	    -1699000	 0.068780579	20.111719302	-165.155536427	154.495614506	 0.093811201	         0.000005998	         0.000000000	         0.000005998
 19303	    -1698000	 0.069597348	19.649598681	-159.264400606	153.699572492	 0.087974720	         0.000000791	         0.000000000	         0.000000791
 19304	    -1697000	 0.070373611	19.206015841	-153.301740843	152.937062212	 0.082714216	         0.000000000	         0.000000000	         0.000000000
 19305	    -1696000	 0.070878875	18.785352994	-147.445597277	152.181201619	 0.078016422	         0.000000000	         0.000000000	         0.000000000
 19306	    -1695000	 0.071432477	18.387381613	-141.683698980	151.452777276	 0.073817905	         0.000000000	         0.000000000	         0.000000000
 19307	    -1694000	 0.072101577	18.014779342	-136.032688223	150.720521967	 0.070092066	         0.000000000	         0.000000000	         0.000000000
 19308	    -1693000	 0.072565762	17.670400130	-130.342603666	150.025996226	 0.066815888	         0.000000000	         0.000000000	         0.000000000
 19309	    -1692000	 0.073092614	17.354706060	-124.923366424	149.347768245	 0.063947307	         0.000000000	         0.000000000	         0.000000000
 19310	    -1691000	 0.073579385	17.070540838	-119.620539620	148.622764712	 0.061470689	         0.000000000	         0.000000000	         0.000000000
 19311	    -1690000	 0.074154837	16.818095875	-114.347199835	147.859080862	 0.059351097	         0.000000000	         0.000000000	         0.000000000
 19312	    -1689000	 0.074450529	16.598816042	-109.344302910	146.249047517	 0.057569373	         0.000000000	         0.000000000	         0.000000000
 19313	    -1688000	 0.074798418	16.415048183	-104.409157126	145.892280935	 0.056117459	         0.000000000	         0.000000000	         0.000000000
 19314	    -1687000	 0.075057816	16.265583116	-99.659949539	145.888967592	 0.054963610	         0.000000000	         0.000000000	         0.000000000
 19315	    -1686000	 0.075100896	16.152069527	-94.919340216	145.885857157	 0.054103179	         0.000000000	         0.000000000	         0.000000000
 19316	    -1685000	 0.075000913	16.075238390	-90.291841797	145.883034613	 0.053528457	         0.000000000	         0.000000000	         0.000000000
 19317	    -1684000	 0.074747879	16.033895798	-85.732010203	145.880507149	 0.053221731	         0.000000000	         0.000000000	         0.000000000
 19318	    -1683000	 0.074485800	16.029250826	-81.080575490	145.878152116	 0.053187380	         0.000000000	         0.000000000	         0.000000000
 19319	    -1682000	 0.073820337	16.059646358	-76.435508955	145.876256417	 0.053412571	         0.000000000	         0.000000000	         0.000000000
 19320	    -1681000	 0.073270725	16.124539725	-71.755267182	145.874569018	 0.053896541	         0.000000000	         0.000000000	         0.000000000
 19321	    -1680000	 0.072675637	16.224372380	-66.963940662	145.873168705	 0.054649663	         0.000000000	         0.000000000	         0.000000000
 19322	    -1679000	 0.071814085	16.355757271	-62.033175958	145.872219468	 0.055656871	         0.000000000	         0.000000000	         0.000000000
 19323	    -1678000	 0.071021763	16.518652882	-57.166268025	145.871603183	 0.056931457	         0.000000000	         0.000000000	         0.000000000
 19324	    -1677000	 0.070278587	16.711661573	-52.146917208	145.871292602	 0.058479498	         0.000000000	         0.000000000	         0.000000000
 19325	    -1676000	 0.069412507	16.931407478	-46.975580455	147.566884164	 0.060293296	         0.000000000	         0.000000000	         0.000000000
 19326	    -1675000	 0.068453049	17.178147117	-41.810328400	148.287709272	 0.062397033	         0.000000000	         0.000000000	         0.000000000
 19327	    -1674000	 0.067536480	17.448573162	-36.631178642	148.877588680	 0.064787128	         0.000000000	         0.000000000	         0.000000000
 19328	    -1673000	 0.066635540	17.739841359	-31.326152683	149.533541167	 0.067463940	         0.000000000	         0.000000000	         0.000000000
 19329	    -1672000	 0.065567078	18.052020290	-25.933985661	150.106255809	 0.070455838	         0.000000000	         0.000000000	         0.000000000
 19330	    -1671000	 0.064494318	18.381013144	-20.511955975	150.739886190	 0.073752589	         0.000000000	         0.000000000	         0.000000000
 19331	    -1670000	 0.063394517	18.724993364	-15.056308536	151.378620793	 0.077364603	         0.000000000	         0.000000000	         0.000000000
 19332	    -1669000	 0.062222424	19.083127666	-9.455157798	152.001933468	 0.081313335	         0.000000000	         0.000000000	         0.000000000
 19333	    -1668000	 0.060996266	19.451690891	-3.842762510	152.667595251	 0.085587591	         0.000000000	         0.000000000	         0.000000000
 19334	    -1667000	 0.059772477	19.830088397	 1.761941310	153.333796290	 0.090209755	         0.000000110	         0.000000000	         0.000000110
 19335	    -1666000	 0.058600487	20.216150313	 7.605212544	154.011076443	 0.095182888	         0.000003051	         0.000000000	         0.000003051
 19336	    -1665000	 0.057115366	20.607750770	13.375398661	154.693357615	 0.100507529	         0.000009138	         0.000000000	         0.000009138
 19337	    -1664000	 0.055697237	21.004571479	19.158041655	155.376465318	 0.106207074	         0.000018544	         0.000000000	         0.000018544
 19338	    -1663000	 0.054439051	21.404119716	25.034024144	156.049536248	 0.112272384	         0.000031160	         0.000000000	         0.000031160
 19339	    -1662000	 0.052875893	21.805919327	31.121360320	156.745326347	 0.118721221	         0.000049318	         0.000000000	         0.000049318
 19340	    -1661000	 0.051343352	22.208981097	37.109058568	157.424372935	 0.125562501	         0.000072922	         0.000000000	         0.000072922
 19341	    -1660000	 0.049774394	22.611375742	43.213396912	158.098901723	 0.132785694	         0.000103102	         0.000000000	         0.000103102
 19342	    -1659000	 0.048245517	23.013890946	49.458964668	158.758080678	 0.140426767	         0.000142161	         0.000000000	         0.000142161
 19343	    -1658000	 0.046572449	23.414960657	55.784235230	159.392331292	 0.148477705	         0.000189791	         0.000000000	         0.000189791
 19344	    -1657000	 0.045019857	23.813171496	62.285445734	160.023323370	 0.156927846	         0.000252243	         0.000000000	         0.000252243
 19345	    -1656000	 0.043502478	24.209699800	68.846670060	160.616722429	 0.165820114	         0.000325595	         0.000000000	         0.000325595
 19346	    -1655000	 0.041928584	24.602880222	75.624274585	161.211497767	 0.175134742	         0.000423648	         0.000000000	         0.000423648
 19347	    -1654000	 0.040488310	24.992364730	82.310182960	161.777813996	 0.184877599	         0.000542154	         0.000000000	         0.000542154
 19348	    -1653000	 0.039122067	25.377933089	89.091770592	162.313666096	 0.195056250	         0.000685914	         0.000000000	         0.000685914
 19349	    -1652000	 0.037827719	25.758597529	96.123973539	162.974287221	 0.205655067	         0.000885990	         0.000000000	         0.000885990
 19350	    -1651000	 0.036368158	26.135335715	103.058976472	163.508207061	 0.216711493	         0.001121216	         0.000007522	         0.001128739
 19351	    -1650000	 0.035089695	26.506040671	109.890238439	164.007845791	 0.228170905	         0.001401039	         0.000029991	         0.001431030
 19352	    -1649000	 0.033892765	26.870368921	116.951380475	164.471433125	 0.240023434	         0.001738061	         0.000066779	         0.001804840
 19353	    -1648000	 0.032569733	27.229716914	124.304982379	164.929424331	 0.252316923	         0.002160082	         0.000126269	         0.002286351
 19354	    -1647000	 0.031241774	27.581823256	131.345348547	165.345446039	 0.264973206	         0.002650074	         0.000207643	         0.002857717
 19355	    -1646000	 0.030069155	27.926572395	138.767365871	165.755228293	 0.277979909	         0.003252437	         0.000323497	         0.003575934
 19356	    -1645000	 0.028808734	28.264551542	146.427263392	166.130057732	 0.291271462	         0.003948939	         0.000472267	         0.004421206
 19357	    -1644000	 0.027641708	28.594329039	154.178268910	166.489592316	 0.304598027	         0.004787561	         0.000673135	         0.005460696
 19358	    -1643000	 0.026585988	28.916471934	162.202203432	166.842623056	 0.317944737	         0.005762659	         0.000926227	         0.006688886
 19359	    -1642000	 0.025619285	29.230044433	170.574254803	167.175189527	 0.331240881	         0.006896686	         0.001246391	         0.008143077
 19360	    -1641000	 0.024657604	29.534351596	179.052219535	167.490289708	 0.344423559	         0.008188211	         0.001642146	         0.009830356
 19361	    -1640000	 0.023840460	29.830512175	-172.295128957	167.797216223	 0.357509508	         0.009628656	         0.002116311	         0.011744967
 19362	    -1639000	 0.023251802	30.116969807	-163.551934516	168.094339249	 0.370399002	         0.011307604	         0.002724811	         0.014032415
 19363	    -1638000	 0.022648801	30.393821129	-154.290120196	168.375426775	 0.383065211	         0.013164815	         0.003449253	         0.016614067
 19364	    -1637000	 0.022111753	30.661218510	-145.028750507	168.671212968	 0.395485983	         0.015209217	         0.004312672	         0.019521888
 19365	    -1636000	 0.021753014	30.918288562	-135.971538477	168.951419282	 0.407592769	         0.017417356	         0.005338672	         0.022756028
 19366	    -1635000	 0.021621314	31.165852880	-126.418246957	169.219221843	 0.419398197	         0.019818171	         0.006550500	         0.026368671
 19367	    -1634000	 0.021424777	31.402665799	-116.731586529	169.494889584	 0.430818497	         0.022434865	         0.008010513	         0.030445378
 19368	    -1633000	 0.021408266	31.628347319	-107.193817280	169.766208893	 0.441811835	         0.025156320	         0.009709971	         0.034866291
 19369	    -1632000	 0.021633934	31.844147047	-97.827323698	170.021397246	 0.452418381	         0.028054870	         0.011862222	         0.039917092
 19370	    -1631000	 0.021917316	32.048462564	-87.923612650	170.269196512	 0.462540576	         0.030888011	         0.014087860	         0.044975871
 19371	    -1630000	 0.022307651	32.240916954	-78.808001209	170.510384678	 0.472141921	         0.033688469	         0.016328159	         0.050016628
 19372	    -1629000	 0.022891774	32.422136863	-69.654882726	170.748754573	 0.481238124	         0.036438117	         0.018536606	         0.054974723
 19373	    -1628000	 0.023568136	32.591059934	-60.609478032	170.977463951	 0.489762141	         0.039109866	         0.020759518	         0.059869384
 19374	    -1627000	 0.024216511	32.747823235	-51.892290307	171.194443846	 0.497708721	         0.041442901	         0.022733997	         0.064176898
 19375	    -1626000	 0.025012828	32.891336836	-43.417069669	171.428347522	 0.505011986	         0.043884857	         0.024830988	         0.068715845
 19376	    -1625000	 0.025875187	33.021390213	-35.047618875	171.642689781	 0.511651976	         0.045817260	         0.026501955	         0.072319215
 19377	    -1624000	 0.026763640	33.138722957	-26.603635450	171.868331131	 0.517658929	         0.047477198	         0.027971001	         0.075448199
 19378	    -1623000	 0.027612047	33.241279410	-18.461037714	172.071370550	 0.522921255	         0.048649133	         0.029045800	         0.077694932
 19379	    -1622000	 0.028581651	33.329518036	-10.496855375	172.277526932	 0.527457161	         0.049451224	         0.029801596	         0.079252820
 19380	    -1621000	 0.029765032	33.403535434	-2.491780785	172.478976419	 0.531267534	         0.049898436	         0.030269603	         0.080168039
 19381	    -1620000	 0.030780555	33.461805907	 5.629476891	172.675652239	 0.534270599	         0.049703183	         0.030193684	         0.079896867
 19382	    -1619000	 0.031956198	33.505220252	13.293631424	172.847781975	 0.536509846	         0.049044322	         0.029725773	         0.078770095
 19383	    -1618000	 0.033244525	33.532685106	20.883469907	173.010648732	 0.537927212	         0.047982221	         0.028929716	         0.076911936
 19384	    -1617000	 0.034596063	33.543695661	28.527478409	173.160783672	 0.538495592	         0.046447075	         0.027732801	         0.074179876
 19385	    -1616000	 0.035891365	33.539452263	35.808374441	173.276584393	 0.538276531	         0.044504690	         0.026200889	         0.070705579
 19386	    -1615000	 0.037349172	33.518067004	42.891961548	173.373985025	 0.537172749	         0.042234372	         0.024408407	         0.066642779
 19387	    -1614000	 0.038694209	33.479731911	50.144902678	173.435263387	 0.535195012	         0.039758593	         0.022484343	         0.062242936
 19388	    -1613000	 0.039996543	33.425188038	57.118206015	173.470426196	 0.532383103	         0.037203347	         0.020505965	         0.057709312
 19389	    -1612000	 0.041328739	33.353125729	63.928938055	173.470744374	 0.528671941	         0.034620785	         0.018541652	         0.053162437
 19390	    -1611000	 0.042698908	33.264507726	70.842939572	173.442121808	 0.524114589	         0.032067163	         0.016615117	         0.048682280
 19391	    -1610000	 0.043905839	33.158743935	77.767916866	173.369491184	 0.518685393	         0.029573969	         0.014755713	         0.044329683
 19392	    -1609000	 0.045124725	33.035753057	84.596843073	173.269007233	 0.512386482	         0.027339711	         0.013131535	         0.040471245
 19393	    -1608000	 0.046302137	32.896468122	91.290875646	173.113860068	 0.505273588	         0.025096835	         0.011463995	         0.036560830
 19394	    -1607000	 0.047565853	32.739521203	98.179111135	172.933213739	 0.497287047	         0.023151297	         0.010060574	         0.033211870
 19395	    -1606000	 0.048689254	32.565858310	105.044522638	172.701358647	 0.488487808	         0.021324510	         0.008699778	         0.030024288
 19396	    -1605000	 0.049769652	32.375922374	111.767279654	172.432213913	 0.478913530	         0.019670555	         0.007505526	         0.027176081
 19397	    -1604000	 0.051028250	32.168447478	118.512555414	172.126985844	 0.468519169	         0.018093906	         0.006507110	         0.024601016
 19398	    -1603000	 0.052028124	31.944708897	125.326113842	171.765853173	 0.457390990	         0.016690662	         0.005673655	         0.022364317
 19399	    -1602000	 0.053102376	31.704298147	132.004162090	171.378353604	 0.445534562	         0.015385336	         0.004942865	         0.020328200
 19400	    -1601000	 0.054160080	31.446876838	138.668259845	170.943176254	 0.432963845	         0.014219332	         0.004329427	         0.018548760
 19401	    -1600000	 0.055141211	31.173701001	145.515464980	170.477639125	 0.419774712	         0.013128396	         0.003774780	         0.016903176
 19402	    -1599000	 0.055993718	30.883589885	152.151664308	169.986141193	 0.405949420	         0.012111717	         0.003284230	         0.015395947
 19403	    -1598000	 0.056959586	30.577598070	158.825179076	169.466127009	 0.391582494	         0.011148387	         0.002840170	         0.013988557
 19404	    -1597000	 0.057925778	30.256300538	165.513025583	168.915675707	 0.376748360	         0.010215033	         0.002431301	         0.012646334
 19405	    -1596000	 0.058662297	29.918893557	172.248474084	168.336481884	 0.361462358	         0.009321190	         0.002061312	         0.011382502
 19406	    -1595000	 0.059506615	29.567563284	178.826629696	167.747598356	 0.345878603	         0.008465474	         0.001728082	         0.010193557
 19407	    -1594000	 0.060258539	29.202174462	-174.644570440	167.129536208	 0.330047179	         0.007600852	         0.001411353	         0.009012205
 19408	    -1593000	 0.060989636	28.823083531	-168.030131640	166.519578948	 0.314042568	         0.006817253	         0.001141763	         0.007959017
 19409	    -1592000	 0.061582625	28.432712906	-161.550302693	165.875124573	 0.298023996	         0.006033702	         0.000892789	         0.006926491
 19410	    -1591000	 0.062063697	28.030577390	-155.147628534	165.242964947	 0.282026743	         0.005283369	         0.000671351	         0.005954719
 19411	    -1590000	 0.062551466	27.618287201	-148.738491892	164.600816263	 0.266319629	         0.004596940	         0.000487621	         0.005084561
 19412	    -1589000	 0.062739035	27.197790632	-142.258542066	163.951120350	 0.251199684	         0.003925393	         0.000325725	         0.004251118
 19413	    -1588000	 0.062863611	26.768631958	-135.966101545	163.309249758	 0.236653044	         0.003317160	         0.000200769	         0.003517928
 19414	    -1587000	 0.062975624	26.333230585	-129.544830862	162.655156673	 0.222755405	         0.002754924	         0.000104275	         0.002859199
 19415	    -1586000	 0.062869473	25.892321553	-123.013443761	162.008478655	 0.209513458	         0.002258053	         0.000040541	         0.002298594
 19416	    -1585000	 0.062664261	25.446520656	-116.624142073	161.356630813	 0.196924745	         0.001802123	         0.000003619	         0.001805742
 19417	    -1584000	 0.062508301	24.998032106	-110.206234316	160.704681030	 0.185023296	         0.001421747	         0.000000000	         0.001421747
 19418	    -1583000	 0.062256129	24.546364276	-103.637927441	160.041330717	 0.173764323	         0.001092496	         0.000000000	         0.001092496
 19419	    -1582000	 0.061915291	24.093735997	-97.202077308	159.386045247	 0.163168691	         0.000824819	         0.000000000	         0.000824819
 19420	    -1581000	 0.061605609	23.641621392	-90.810180301	158.700544784	 0.153230091	         0.000602442	         0.000000000	         0.000602442
 19421	    -1580000	 0.061349126	23.189545483	-84.452759017	157.855157645	 0.143897624	         0.000404972	         0.000000000	         0.000404972
 19422	    -1579000	 0.060892057	22.740694243	-78.109542098	157.230541285	 0.135194135	         0.000281734	         0.000000000	         0.000281734
 19423	    -1578000	 0.060426143	22.295831059	-71.931034891	156.619806075	 0.127087496	         0.000188623	         0.000000000	         0.000188623
 19424	    -1577000	 0.059919424	21.855891510	-65.934788919	156.015208023	 0.119548745	         0.000121634	         0.000000000	         0.000121634
 19425	    -1576000	 0.059319832	21.424318881	-59.892255613	155.416828097	 0.112588052	         0.000074736	         0.000000000	         0.000074736
 19426	    -1575000	 0.058551189	21.001208356	-53.959335062	154.826543211	 0.106157436	         0.000043053	         0.000000000	         0.000043053
 19427	    -1574000	 0.057637334	20.589803654	-48.156757441	154.231881124	 0.100257110	         0.000021465	         0.000000000	         0.000021465
 19428	    -1573000	 0.056771492	20.192975048	-42.398171093	153.645900360	 0.094876762	         0.000008576	         0.000000000	         0.000008576
 19429	    -1572000	 0.055563866	19.810746574	-36.560834438	153.107636472	 0.089967550	         0.000001889	         0.000000000	         0.000001889
 19430	    -1571000	 0.054438973	19.447923281	-30.907096241	152.559253022	 0.085542781	         0.000000000	         0.000000000	         0.000000000
 19431	    -1570000	 0.053245963	19.106177150	-25.284349663	152.030947345	 0.081574271	         0.000000000	         0.000000000	         0.000000000
 19432	    -1569000	 0.051921530	18.786527896	-19.405199219	151.521889551	 0.078029164	         0.000000000	         0.000000000	         0.000000000
 19433	    -1568000	 0.050477395	18.493462144	-13.881003656	151.046331760	 0.074914429	         0.000000000	         0.000000000	         0.000000000
 19434	    -1567000	 0.049154824	18.227559365	-8.217455709	150.593879135	 0.072196100	         0.000000000	         0.000000000	         0.000000000
 19435	    -1566000	 0.047774396	17.990832893	-2.572401282	150.191463352	 0.069859149	         0.000000000	         0.000000000	         0.000000000
 19436	    -1565000	 0.046267097	17.786231376	 3.165065042	149.835241685	 0.067900367	         0.000000000	         0.000000000	         0.000000000
 19437	    -1564000	 0.044777507	17.613765788	 8.779970045	149.502703062	 0.066291967	         0.000000000	         0.000000000	         0.000000000
 19438	    -1563000	 0.043307102	17.475488323	14.381319549	149.225458928	 0.065029964	         0.000000000	         0.000000000	         0.000000000
 19439	    -1562000	 0.041860488	17.372255921	20.174625265	149.023784504	 0.064103493	         0.000000000	         0.000000000	         0.000000000
 19440	    -1561000	 0.040290063	17.304250982	25.920695526	148.885496742	 0.063500397	         0.000000000	         0.000000000	         0.000000000
 19441	    -1560000	 0.038793132	17.272660523	31.728371608	148.861618286	 0.063222174	         0.000000000	         0.000000000	         0.000000000
 19442	    -1559000	 0.037339106	17.276165746	37.684618811	148.924889828	 0.063252985	         0.000000000	         0.000000000	         0.000000000
 19443	    -1558000	 0.035768661	17.315261471	43.740338746	149.072466821	 0.063597657	         0.000000000	         0.000000000	         0.000000000
 19444	    -1557000	 0.034291506	17.389553726	49.740549206	149.296324197	 0.064257808	         0.000000000	         0.000000000	         0.000000000
 19445	    -1556000	 0.032897617	17.496741630	55.987937144	149.596848093	 0.065222361	         0.000000000	         0.000000000	         0.000000000
 19446	    -1555000	 0.031365173	17.636976531	62.640846272	149.953101383	 0.066506189	         0.000000000	         0.000000000	         0.000000000
 19447	    -1554000	 0.029749148	17.808114555	69.158494015	150.356792135	 0.068107218	         0.000000000	         0.000000000	         0.000000000
 19448	    -1553000	 0.028344507	18.008406443	75.815262580	150.791126534	 0.070030004	         0.000000000	         0.000000000	         0.000000000
 19449	    -1552000	 0.026871200	18.237002035	83.191718964	151.263122639	 0.072290922	         0.000000000	         0.000000000	         0.000000000
 19450	    -1551000	 0.025357737	18.490635946	90.871290601	151.750591412	 0.074885005	         0.000000000	         0.000000000	         0.000000000
 19451	    -1550000	 0.023935437	18.768288355	98.833272676	152.237346755	 0.077831588	         0.000000000	         0.000000000	         0.000000000
 19452	    -1549000	 0.022619718	19.068210012	107.387041643	152.756905062	 0.081144902	         0.000000000	         0.000000000	         0.000000000
 19453	    -1548000	 0.021422130	19.387250881	116.570654395	153.274697041	 0.084824393	         0.000000000	         0.000000000	         0.000000000
 19454	    -1547000	 0.020419910	19.724235378	126.229009084	153.816222433	 0.088892164	         0.000000000	         0.000000000	         0.000000000
 19455	    -1546000	 0.019549629	20.076434411	136.170607496	154.353499229	 0.093352221	         0.000000587	         0.000000000	         0.000000587
 19456	    -1545000	 0.018993118	20.442195518	146.794445778	154.901281595	 0.098221041	         0.000005267	         0.000000000	         0.000005267
 19457	    -1544000	 0.018434840	20.819932190	157.382533106	155.438306915	 0.103515965	         0.000014323	         0.000000000	         0.000014323
 19458	    -1543000	 0.018084159	21.205809046	167.863312667	155.979852211	 0.109219840	         0.000028753	         0.000000000	         0.000028753
 19459	    -1542000	 0.018012590	21.599674803	178.247506350	156.522608637	 0.115366045	         0.000050283	         0.000000000	         0.000050283
 19460	    -1541000	 0.017985882	21.999814928	-170.695552216	157.048624437	 0.121964443	         0.000081004	         0.000000000	         0.000081004
 19461	    -1540000	 0.017961916	22.402538422	-160.370597798	157.566575431	 0.128986548	         0.000123425	         0.000000000	         0.000123425
 19462	    -1539000	 0.018091051	22.807658871	-150.139084047	158.080793082	 0.136458408	         0.000180107	         0.000000000	         0.000180107
 19463	    -1538000	 0.018457230	23.213570885	-139.917900495	158.610914483	 0.144378978	         0.000258455	         0.000000000	         0.000258455
 19464	    -1537000	 0.018747739	23.618554223	-129.499492694	159.114373423	 0.152739570	         0.000356608	         0.000000000	         0.000356608
 19465	    -1536000	 0.019249423	24.021467608	-119.858795129	159.617766984	 0.161537817	         0.000482175	         0.000000000	         0.000482175
 19466	    -1535000	 0.019858811	24.420509014	-110.292146909	160.280678036	 0.170750945	         0.000666093	         0.000000000	         0.000666093
 19467	    -1534000	 0.020567844	24.816049178	-100.890383648	160.820073033	 0.180401715	         0.000878024	         0.000000000	         0.000878024
 19468	    -1533000	 0.021301486	25.206408900	-92.207794690	161.333302363	 0.190460746	         0.001132234	         0.000000000	         0.001132234
 19469	    -1532000	 0.022135488	25.589760240	-83.800435166	161.813597736	 0.200884869	         0.001418775	         0.000000920	         0.001419695
 19470	    -1531000	 0.023009286	25.967051948	-75.712919653	162.296316129	 0.211701127	         0.001759192	         0.000019700	         0.001778892
 19471	    -1530000	 0.023832619	26.336688999	-67.846271721	162.767977518	 0.222862513	         0.002151434	         0.000058819	         0.002210253
 19472	    -1529000	 0.024592710	26.697855877	-60.459981181	163.226728693	 0.234336296	         0.002578512	         0.000115898	         0.002694411
 19473	    -1528000	 0.025444323	27.050665886	-53.359583242	163.686673113	 0.246114737	         0.003072358	         0.000197005	         0.003269363
 19474	    -1527000	 0.026335063	27.393511536	-46.064902016	164.128781610	 0.258127431	         0.003619170	         0.000303856	         0.003923026
 19475	    -1526000	 0.026941596	27.726949380	-39.160176487	164.571352267	 0.270372664	         0.004199235	         0.000431551	         0.004630785
 19476	    -1525000	 0.027742928	28.050293235	-32.544514670	164.999208378	 0.282798944	         0.004809648	         0.000578172	         0.005387820
 19477	    -1524000	 0.028557440	28.362077640	-25.864359087	165.425028285	 0.295176680	         0.005457886	         0.000749664	         0.006207550
 19478	    -1523000	 0.029244461	28.663295710	-19.246704482	165.862992194	 0.307428314	         0.006181608	         0.000958101	         0.007139709
 19479	    -1522000	 0.029942938	28.952933800	-13.024917037	166.282373859	 0.319475515	         0.006904642	         0.001178153	         0.008082796
 19480	    -1521000	 0.030754855	29.230557230	-6.799598460	166.682279664	 0.331262867	         0.007611752	         0.001406389	         0.009018141
 19481	    -1520000	 0.031427310	29.496493782	-0.631127515	167.094260711	 0.342768840	         0.008362337	         0.001663650	         0.010025987
 19482	    -1519000	 0.032082260	29.749504443	 5.360342946	167.487590025	 0.353905532	         0.009099757	         0.001930781	         0.011030539
 19483	    -1518000	 0.032788615	29.990709269	11.147398631	167.874650032	 0.364690152	         0.009848821	         0.002216691	         0.012065512
 19484	    -1517000	 0.033445890	30.219624994	17.091748500	168.252408995	 0.375072055	         0.010571984	         0.002508902	         0.013080885
 19485	    -1516000	 0.034018386	30.434999969	22.828737340	168.616248254	 0.384966220	         0.011297305	         0.002815875	         0.014113180
 19486	    -1515000	 0.034603416	30.638570561	28.563277752	168.963747972	 0.394427046	         0.011947493	         0.003099991	         0.015047484
 19487	    -1514000	 0.035273835	30.829520086	34.254339795	169.303324495	 0.403394308	         0.012607636	         0.003405411	         0.016013047
 19488	    -1513000	 0.035851588	31.007306086	40.089770827	169.623659989	 0.411821537	         0.013230789	         0.003711110	         0.016941899
 19489	    -1512000	 0.036395786	31.173215909	45.755640113	169.939499780	 0.419751436	         0.013835674	         0.004008958	         0.017844632
 19490	    -1511000	 0.037059440	31.326307336	51.212158827	170.229472571	 0.427122899	         0.014426050	         0.004317068	         0.018743118
 19491	    -1510000	 0.037807282	31.467188636	57.056212799	170.510867366	 0.433950844	         0.014940102	         0.004599681	         0.019539783
 19492	    -1509000	 0.038363108	31.596326676	62.554748877	170.769499791	 0.440245760	         0.015499984	         0.004906176	         0.020406160
 19493	    -1508000	 0.038994341	31.712866491	67.989876700	171.001113022	 0.445955246	         0.015931309	         0.005154344	         0.021085654
 19494	    -1507000	 0.039764739	31.818206951	73.486444938	171.230152471	 0.451138725	         0.016434703	         0.005447415	         0.021882118
 19495	    -1506000	 0.040321464	31.912012990	78.939854925	171.408129621	 0.455772201	         0.016855515	         0.005701778	         0.022557293
 19496	    -1505000	 0.040963830	31.994191197	84.236774844	171.592091387	 0.459844548	         0.017328567	         0.005981437	         0.023310004
 19497	    -1504000	 0.041558894	32.065857493	89.664469766	171.740992633	 0.463405793	         0.017746953	         0.006239052	         0.023986005
 19498	    -1503000	 0.042108008	32.126131045	95.107665084	171.854562031	 0.466407824	         0.018115878	         0.006457042	         0.024572920
 19499	    -1502000	 0.042552518	32.175928805	100.431972036	171.950155520	 0.468892757	         0.018572663	         0.006732314	         0.025304977
 19500	    -1501000	 0.043093082	32.215598072	105.849407397	172.031231678	 0.470875243	         0.019002833	         0.006992624	         0.025995457
 19501	    -1500000	 0.043645330	32.244340314	111.377865184	172.078551669	 0.472313269	         0.019387610	         0.007215774	         0.026603383
 19502	    -1499000	 0.044043194	32.263460727	116.950349493	172.080460911	 0.473270644	         0.019735792	         0.007409951	         0.027145743
 19503	    -1498000	 0.044482539	32.272479938	122.410867396	172.075349920	 0.473722449	         0.020159818	         0.007657421	         0.027817239
 19504	    -1497000	 0.045016454	32.271267654	127.899124528	172.043494269	 0.473661714	         0.020542431	         0.007864659	         0.028407090
 19505	    -1496000	 0.045505812	32.260988938	133.588462404	171.974091708	 0.473146846	         0.020907764	         0.008038007	         0.028945772
 19506	    -1495000	 0.045853973	32.240552598	139.127325730	171.888161685	 0.472123685	         0.021276353	         0.008224469	         0.029500823
 19507	    -1494000	 0.046333044	32.210740905	144.580444905	171.786528624	 0.470632364	         0.021634230	         0.008395371	         0.030029600
 19508	    -1493000	 0.046729309	32.172072670	150.268242056	171.644945739	 0.468700185	         0.021892254	         0.008468553	         0.030360806
 19509	    -1492000	 0.046991751	32.123476668	155.866316421	171.487430078	 0.466275487	         0.022206161	         0.008597499	         0.030803660
 19510	    -1491000	 0.047298620	32.066233292	161.387683506	171.320831082	 0.463424491	         0.022516299	         0.008720731	         0.031237030
 19511	    -1490000	 0.047595587	31.999964543	167.180394511	171.121183271	 0.460131102	         0.022699983	         0.008736980	         0.031436962
 19512	    -1489000	 0.047672949	31.924460695	172.875156860	170.910578385	 0.456388263	         0.022856976	         0.008741657	         0.031598633
 19513	    -1488000	 0.047845376	31.840773804	178.619841316	170.685543448	 0.452251904	         0.022975286	         0.008729176	         0.031704462
 19514	    -1487000	 0.047980096	31.747756185	-175.600289752	170.444817095	 0.447669711	         0.022981007	         0.008636419	         0.031617426
 19515	    -1486000	 0.048065046	31.646014178	-169.605887088	170.196512279	 0.442676763	         0.022958507	         0.008527575	         0.031486083
 19516	    -1485000	 0.048071780	31.536154098	-163.758002928	169.935277154	 0.437308387	         0.022774110	         0.008321117	         0.031095228
 19517	    -1484000	 0.048024563	31.417019075	-157.917103856	169.669746805	 0.431514544	         0.022517738	         0.008101776	         0.030619515
 19518	    -1483000	 0.048117637	31.289595488	-151.918911965	169.396946027	 0.425350552	         0.022178507	         0.007826622	         0.030005129
 19519	    -1482000	 0.047961134	31.153680680	-145.943123355	169.122985979	 0.418814505	         0.021591509	         0.007411775	         0.029003284
 19520	    -1481000	 0.047748603	31.008808386	-140.013456044	168.832555718	 0.411893061	         0.020937222	         0.006997562	         0.027934783
 19521	    -1480000	 0.047569725	30.856041538	-134.113333897	168.565312213	 0.404646735	         0.020224776	         0.006560937	         0.026785712
 19522	    -1479000	 0.047223467	30.694311813	-127.966664969	168.275035619	 0.397035573	         0.019342559	         0.006064274	         0.025406833
 19523	    -1478000	 0.046745292	30.524196363	-122.035221791	167.996434727	 0.389098754	         0.018300036	         0.005501041	         0.023801077
 19524	    -1477000	 0.046257375	30.346358352	-115.964694644	167.714317696	 0.380879516	         0.017260190	         0.004984345	         0.022244535
 19525	    -1476000	 0.045727600	30.159498179	-109.693871359	167.436884345	 0.372331570	         0.016151488	         0.004456025	         0.020607513
 19526	    -1475000	 0.044909546	29.964779966	-103.487460683	167.157017706	 0.363523118	         0.014903053	         0.003895086	         0.018798139
 19527	    -1474000	 0.044253336	29.762046347	-97.254511316	166.879526163	 0.354462310	         0.013711428	         0.003393922	         0.017105350
 19528	    -1473000	 0.043484316	29.550613341	-90.813189206	166.588348859	 0.345135609	         0.012428641	         0.002884226	         0.015312866
 19529	    -1472000	 0.042605677	29.331806441	-84.317620939	166.306638612	 0.335619020	         0.011161753	         0.002414547	         0.013576300
 19530	    -1471000	 0.041715986	29.104519291	-77.918704984	166.026243044	 0.325882799	         0.009955068	         0.001997145	         0.011952214
 19531	    -1470000	 0.040803198	28.869059402	-71.467802088	165.738307400	 0.315960295	         0.008803878	         0.001627453	         0.010431332
 19532	    -1469000	 0.039838022	28.626594175	-64.840430127	165.450465062	 0.305920290	         0.007676278	         0.001285542	         0.008961820
 19533	    -1468000	 0.038707184	28.375644262	-58.220811073	165.163544938	 0.295722324	         0.006637589	         0.000994576	         0.007632165
 19534	    -1467000	 0.037539044	28.117431892	-51.762187306	164.870084434	 0.285437950	         0.005707636	         0.000756431	         0.006464067
 19535	    -1466000	 0.036387019	27.852505631	-45.101807945	164.562923845	 0.275132710	         0.004851047	         0.000552693	         0.005403740
 19536	    -1465000	 0.035076929	27.580035876	-38.225262594	164.264292591	 0.264907383	         0.004112371	         0.000395660	         0.004508031
 19537	    -1464000	 0.033645874	27.301625625	-31.551077932	163.955380367	 0.254851556	         0.003453055	         0.000269603	         0.003722658
 19538	    -1463000	 0.032287385	27.017053485	-24.674933439	163.627641020	 0.244967540	         0.002873529	         0.000171872	         0.003045401
 19539	    -1462000	 0.030769892	26.726599343	-17.469502685	163.313474293	 0.235274422	         0.002387371	         0.000103027	         0.002490398
 19540	    -1461000	 0.029227885	26.431893804	-10.373670065	162.972979700	 0.225831358	         0.001965084	         0.000053086	         0.002018170
 19541	    -1460000	 0.027718113	26.132328137	-3.160443262	162.633394918	 0.216620915	         0.001611419	         0.000021039	         0.001632458
 19542	    -1459000	 0.026252430	25.829001192	 4.634537427	162.272289240	 0.207677510	         0.001309844	         0.000002911	         0.001312755
 19543	    -1458000	 0.024544575	25.522867028	12.272682896	161.900343092	 0.199025667	         0.001063903	         0.000000000	         0.001063903
 19544	    -1457000	 0.022963135	25.213792150	20.108832235	161.515104910	 0.190656311	         0.000860810	         0.000000000	         0.000860810
 19545	    -1456000	 0.021430232	24.903390802	28.257430684	160.985330026	 0.182605228	         0.000674046	         0.000000000	         0.000674046
 19546	    -1455000	 0.019844728	24.591625872	37.104278071	160.618073311	 0.174860983	         0.000544961	         0.000000000	         0.000544961
 19547	    -1454000	 0.018229053	24.279536624	46.220292893	160.230031772	 0.167437621	         0.000438178	         0.000000000	         0.000438178
 19548	    -1453000	 0.016645503	23.968779765	55.972309899	159.845130023	 0.160359099	         0.000351402	         0.000000000	         0.000351402
 19549	    -1452000	 0.015271280	23.658833956	66.540757314	159.437090443	 0.153597140	         0.000279575	         0.000000000	         0.000279575
 19550	    -1451000	 0.013916059	23.351489552	78.584111859	159.032009897	 0.147173524	         0.000223246	         0.000000000	         0.000223246
 19551	    -1450000	 0.012760917	23.048399807	91.462226734	158.603983020	 0.141101974	         0.000176600	         0.000000000	         0.000176600
 19552	    -1449000	 0.011933307	22.749575715	105.413904510	158.192733280	 0.135361138	         0.000139984	         0.000000000	         0.000139984
 19553	    -1448000	 0.011434522	22.456908761	121.195729774	157.776941166	 0.129965054	         0.000109280	         0.000000000	         0.000109280
 19554	    -1447000	 0.011104238	22.171644175	136.549070061	157.357941596	 0.124912541	         0.000085358	         0.000000000	         0.000085358
 19555	    -1446000	 0.011262446	21.895178452	151.798959067	156.936784094	 0.120203373	         0.000065425	         0.000000000	         0.000065425
 19556	    -1445000	 0.011768100	21.629165283	166.674169450	156.541053325	 0.115839922	         0.000050283	         0.000000000	         0.000050283
 19557	    -1444000	 0.012437860	21.373999187	-178.730176436	156.135542790	 0.111803310	         0.000037918	         0.000000000	         0.000037918
 19558	    -1443000	 0.013236320	21.132536911	-165.974738627	155.766608585	 0.108113101	         0.000028583	         0.000000000	         0.000028583
 19559	    -1442000	 0.014376756	20.905928224	-154.147086431	155.384566700	 0.104760763	         0.000021031	         0.000000000	         0.000021031
 19560	    -1441000	 0.015698039	20.694484128	-143.337104259	155.048885210	 0.101726575	         0.000015355	         0.000000000	         0.000015355
 19561	    -1440000	 0.017023021	20.500988799	-133.084279736	154.723066204	 0.099027018	         0.000010777	         0.000000000	         0.000010777
 19562	    -1439000	 0.018515927	20.326037661	-123.945284469	154.417840896	 0.096647904	         0.000007534	         0.000000000	         0.000007534
 19563	    -1438000	 0.020064113	20.170726222	-115.562168472	154.144947087	 0.094583801	         0.000005053	         0.000000000	         0.000005053
 19564	    -1437000	 0.021689632	20.036658931	-107.727334736	153.892331684	 0.092837520	         0.000003334	         0.000000000	         0.000003334
 19565	    -1436000	 0.023253295	19.923910588	-100.443474994	153.693315024	 0.091393910	         0.000002189	         0.000000000	         0.000002189
 19566	    -1435000	 0.024820002	19.834339198	-93.781908213	153.526565450	 0.090263072	         0.000001438	         0.000000000	         0.000001438
 19567	    -1434000	 0.026427469	19.768357529	-87.216144821	153.387447660	 0.089439013	         0.000000932	         0.000000000	         0.000000932
 19568	    -1433000	 0.027815217	19.725571190	-80.687414042	153.290120295	 0.088908671	         0.000000666	         0.000000000	         0.000000666
 19569	    -1432000	 0.029104829	19.707865836	-74.828954776	153.225016133	 0.088690132	         0.000000528	         0.000000000	         0.000000528
 19570	    -1431000	 0.030516264	19.714603774	-68.856052832	153.206295724	 0.088773236	         0.000000566	         0.000000000	         0.000000566
 19571	    -1430000	 0.031775408	19.745850859	-62.782798946	153.219869981	 0.089159647	         0.000000646	         0.000000000	         0.000000646
 19572	    -1429000	 0.032882266	19.802128219	-56.920335932	153.304203118	 0.089859838	         0.000001085	         0.000000000	         0.000001085
 19573	    -1428000	 0.034043028	19.882128853	-51.250369216	153.415330626	 0.090864664	         0.000001795	         0.000000000	         0.000001795
 19574	    -1427000	 0.035179738	19.986714753	-45.390403273	153.568729706	 0.092195252	         0.000003000	         0.000000000	         0.000003000
 19575	    -1426000	 0.036192614	20.114686604	-39.690897590	153.741199515	 0.093849902	         0.000004537	         0.000000000	         0.000004537
 19576	    -1425000	 0.037180894	20.264805215	-34.040272928	153.958972667	 0.095828794	         0.000006777	         0.000000000	         0.000006777
 19577	    -1424000	 0.038199160	20.437619327	-28.524171825	154.244316892	 0.098158583	         0.000010380	         0.000000000	         0.000010380
 19578	    -1423000	 0.039037464	20.631018426	-22.877614409	154.539032212	 0.100833117	         0.000014715	         0.000000000	         0.000014715
 19579	    -1422000	 0.039838114	20.844241800	-17.410124289	154.878778501	 0.103866341	         0.000021029	         0.000000000	         0.000021029
 19580	    -1421000	 0.040540906	21.076513233	-12.021830408	155.255302677	 0.107274462	         0.000029051	         0.000000000	         0.000029051
 19581	    -1420000	 0.041245552	21.325594420	-6.526228026	155.647293512	 0.111053593	         0.000039372	         0.000000000	         0.000039372
 19582	    -1419000	 0.041721390	21.591454386	-1.020681099	156.071678978	 0.115234299	         0.000052245	         0.000000000	         0.000052245
 19583	    -1418000	 0.042158000	21.871721004	 4.376204399	156.524910479	 0.119812078	         0.000069041	         0.000000000	         0.000069041
 19584	    -1417000	 0.042647481	22.164522961	 9.734209004	156.998267696	 0.124788958	         0.000089269	         0.000000000	         0.000089269
 19585	    -1416000	 0.042897742	22.470008679	15.403409483	157.506304826	 0.130201921	         0.000115532	         0.000000000	         0.000115532
 19586	    -1415000	 0.043113404	22.784870925	20.715744480	158.018246951	 0.136026856	         0.000146894	         0.000000000	         0.000146894
 19587	    -1414000	 0.043336082	23.108249458	26.046497825	158.537456684	 0.142280712	         0.000184268	         0.000000000	         0.000184268
 19588	    -1413000	 0.043489176	23.439295853	31.612613345	159.078304373	 0.148980795	         0.000229942	         0.000000000	         0.000229942
 19589	    -1412000	 0.043430708	23.775004119	36.946131705	159.624417472	 0.156097506	         0.000284489	         0.000000000	         0.000284489
 19590	    -1411000	 0.043426841	24.115534839	42.298688047	160.175726923	 0.163663849	         0.000350486	         0.000000000	         0.000350486
 19591	    -1410000	 0.043338819	24.458820490	47.618024564	160.717248800	 0.171662669	         0.000425999	         0.000000000	         0.000425999
 19592	    -1409000	 0.043123254	24.802895228	53.010210683	161.256561478	 0.180072170	         0.000516628	         0.000000000	         0.000516628
 19593	    -1408000	 0.042832377	25.148218326	58.301146594	161.794701297	 0.188926420	         0.000626664	         0.000000000	         0.000626664
 19594	    -1407000	 0.042515394	25.492202520	63.607179784	162.309318410	 0.198179152	         0.000749982	         0.000000000	         0.000749982
 19595	    -1406000	 0.042163907	25.834004543	69.041154292	162.963796828	 0.207821993	         0.000918455	         0.000000000	         0.000918455
 19596	    -1405000	 0.041651211	26.173561941	74.356711330	163.504604176	 0.217866042	         0.001103591	         0.000007511	         0.001111102
 19597	    -1404000	 0.041252042	26.508457622	79.679063530	164.018546344	 0.228247573	         0.001318198	         0.000025729	         0.001343926
 19598	    -1403000	 0.040845676	26.838836768	85.051959236	164.512401685	 0.238973720	         0.001564727	         0.000053188	         0.001617914
 19599	    -1402000	 0.040305386	27.163637192	90.488255124	164.981924573	 0.250009983	         0.001851561	         0.000092422	         0.001943983
 19600	    -1401000	 0.039765864	27.481356118	95.573753678	165.420622548	 0.261298591	         0.002182092	         0.000145784	         0.002327875
 19601	    -1400000	 0.039401095	27.792265931	100.769885021	165.864737989	 0.272838554	         0.002574746	         0.000218292	         0.002793038
 19602	    -1399000	 0.038839245	28.094590828	106.024537084	166.268277099	 0.284538508	         0.003017049	         0.000307931	         0.003324980
 19603	    -1398000	 0.038210953	28.388127534	111.069919646	166.656431767	 0.296224912	         0.003532980	         0.000422878	         0.003955859
 19604	    -1397000	 0.037720397	28.672429715	115.880307272	167.015415258	 0.307804272	         0.004102975	         0.000559616	         0.004662591
 19605	    -1396000	 0.037089019	28.945753326	120.914518361	167.353858036	 0.319173737	         0.004745703	         0.000722807	         0.005468510
 19606	    -1395000	 0.036422903	29.208946077	125.650292937	167.659646181	 0.330337002	         0.005442895	         0.000909707	         0.006352602
 19607	    -1394000	 0.035746560	29.460925454	130.522131132	167.956280895	 0.341217969	         0.006242305	         0.001138541	         0.007380846
 19608	    -1393000	 0.035066809	29.700377508	135.269663030	168.226511784	 0.351728883	         0.007107561	         0.001400682	         0.008508243
 19609	    -1392000	 0.034284162	29.928420754	140.139817398	168.479470705	 0.361889750	         0.008074922	         0.001710488	         0.009785409
 19610	    -1391000	 0.033599730	30.143740078	144.795400454	168.715454418	 0.371614929	         0.009117508	         0.002065918	         0.011183426
 19611	    -1390000	 0.032965512	30.346141789	149.401756794	168.929984258	 0.380869556	         0.010176982	         0.002440878	         0.012617859
 19612	    -1389000	 0.032321164	30.536124647	154.301127350	169.126318247	 0.389652924	         0.011378596	         0.002895811	         0.014274408
 19613	    -1388000	 0.031582046	30.712491321	158.878744626	169.302498673	 0.397887966	         0.012604016	         0.003387328	         0.015991345
 19614	    -1387000	 0.030973274	30.876221048	163.258970214	169.461076985	 0.405600792	         0.013824347	         0.003895225	         0.017719572
 19615	    -1386000	 0.030486948	31.026933882	167.871866634	169.608490957	 0.412756417	         0.015133302	         0.004474794	         0.019608097
 19616	    -1385000	 0.029802367	31.163973594	172.412338954	169.730033108	 0.419308059	         0.016358066	         0.005028630	         0.021386696
 19617	    -1384000	 0.029217347	31.288515968	176.706097713	169.841876289	 0.425298479	         0.017639338	         0.005650032	         0.023289370
 19618	    -1383000	 0.028697130	31.399957953	-178.980243554	169.947563363	 0.430687232	         0.018915957	         0.006301186	         0.025217143
 19619	    -1382000	 0.028078809	31.498396653	-174.520942930	170.026062810	 0.435468979	         0.020137621	         0.006948600	         0.027086220
 19620	    -1381000	 0.027444692	31.584419617	-170.422268978	170.104884324	 0.439663929	         0.021276216	         0.007575432	         0.028851648
 19621	    -1380000	 0.026933610	31.657570152	-165.966001099	170.154983390	 0.443242849	         0.022422596	         0.008248167	         0.030670763
 19622	    -1379000	 0.026322447	31.718829593	-161.515705068	170.188977036	 0.446248104	         0.023291423	         0.008745838	         0.032037261
 19623	    -1378000	 0.025702830	31.768227026	-157.177801569	170.218907998	 0.448676727	         0.024265484	         0.009365046	         0.033630530
 19624	    -1377000	 0.025191557	31.805454130	-152.802093055	170.229027740	 0.450510075	         0.024990540	         0.009826795	         0.034817336
 19625	    -1376000	 0.024705092	31.831789006	-148.257447534	170.223777764	 0.451808587	         0.025603987	         0.010245328	         0.035849315
 19626	    -1375000	 0.024158585	31.847056095	-143.666013646	170.217791591	 0.452561967	         0.026085185	         0.010564955	         0.036650140
 19627	    -1374000	 0.023553207	31.851675385	-139.307409908	170.200760038	 0.452789999	         0.026392120	         0.010760409	         0.037152529
 19628	    -1373000	 0.023163803	31.846292610	-134.942738741	170.167335873	 0.452524281	         0.026582062	         0.010879411	         0.037461473
 19629	    -1372000	 0.022625035	31.830822331	-130.263028739	170.125464476	 0.451760899	         0.026642104	         0.010896473	         0.037538577
 19630	    -1371000	 0.021969531	31.806312175	-125.801766653	170.075588451	 0.450552363	         0.026469934	         0.010729604	         0.037199538
 19631	    -1370000	 0.021460868	31.772736605	-121.598681012	170.020397896	 0.448898673	         0.026202440	         0.010510483	         0.036712924
 19632	    -1369000	 0.020832609	31.730163913	-116.834077905	169.943115624	 0.446804941	         0.025768463	         0.010190126	         0.035958589
 19633	    -1368000	 0.020090900	31.679773051	-112.465252831	169.875183327	 0.444331229	         0.025229403	         0.009792680	         0.035022083
 19634	    -1367000	 0.019362988	31.621615583	-107.943008551	169.788082308	 0.441482428	         0.024612388	         0.009386888	         0.033999276
 19635	    -1366000	 0.018653455	31.555890515	-103.211006635	169.708379476	 0.438271031	         0.023914760	         0.008930147	         0.032844907
 19636	    -1365000	 0.017711596	31.483324882	-98.303621782	169.613526029	 0.434735552	         0.023067078	         0.008405198	         0.031472275
 19637	    -1364000	 0.016916321	31.404048371	-93.763064887	169.512099724	 0.430885525	         0.022149702	         0.007864093	         0.030013795
 19638	    -1363000	 0.016077373	31.318851269	-88.930692676	169.408886962	 0.426762706	         0.021145351	         0.007276558	         0.028421909
 19639	    -1362000	 0.015157888	31.227841427	-83.798329951	169.309874320	 0.422375818	         0.020217901	         0.006774574	         0.026992476
 19640	    -1361000	 0.014167740	31.131127960	-79.227493434	169.182430752	 0.417733911	         0.019105032	         0.006185838	         0.025290870
 19641	    -1360000	 0.013202372	31.029747410	-74.637726348	169.071620119	 0.412890499	         0.018101724	         0.005687085	         0.023788809
 19642	    -1359000	 0.012248614	30.923548942	-70.115497946	168.944553823	 0.407842150	         0.017026214	         0.005154960	         0.022181174
 19643	    -1358000	 0.011117243	30.812777314	-65.550546398	168.843919323	 0.402604524	         0.016014492	         0.004687833	         0.020702324
 19644	    -1357000	 0.009952597	30.697877431	-62.124701724	168.715483655	 0.397202693	         0.015042516	         0.004252726	         0.019295242
 19645	    -1356000	 0.008857551	30.578974065	-58.869510353	168.567916739	 0.391646586	         0.014082274	         0.003840880	         0.017923154
 19646	    -1355000	 0.007626635	30.456465751	-55.379987926	168.439217857	 0.385958900	         0.013196167	         0.003474791	         0.016670958
 19647	    -1354000	 0.006272444	30.330126160	-55.019352791	168.303049627	 0.380133348	         0.012332562	         0.003124412	         0.015456974
 19648	    -1353000	 0.005089101	30.200170566	-55.268371404	168.163024730	 0.374184304	         0.011582803	         0.002835561	         0.014418364
 19649	    -1352000	 0.003832156	30.067197558	-59.290709324	168.006697297	 0.368143416	         0.010784331	         0.002529359	         0.013313690
 19650	    -1351000	 0.002810206	29.930751176	-73.446097290	167.864261678	 0.361994330	         0.010154716	         0.002298306	         0.012453022
 19651	    -1350000	 0.002424253	29.791104153	-98.727744422	167.705082205	 0.355753980	         0.009533267	         0.002077988	         0.011611256
 19652	    -1349000	 0.002701635	29.648553113	-125.117309338	167.512750246	 0.349440115	         0.008881103	         0.001853977	         0.010735080
 19653	    -1348000	 0.003774196	29.502641876	-140.572959665	167.289130868	 0.343037284	         0.008310677	         0.001662957	         0.009973634
 19654	    -1347000	 0.005140415	29.353980796	-145.219122557	167.105241320	 0.336577089	         0.007806940	         0.001494549	         0.009301489
 19655	    -1346000	 0.006512926	29.202112045	-145.037606346	166.896013197	 0.330044508	         0.007342621	         0.001345331	         0.008687952
 19656	    -1345000	 0.007979457	29.046944930	-143.598103835	166.672706572	 0.323441033	         0.006881671	         0.001198703	         0.008080375
 19657	    -1344000	 0.009606488	28.889009775	-140.761220735	166.452543641	 0.316794476	         0.006482390	         0.001075271	         0.007557661
 19658	    -1343000	 0.011241014	28.727662614	-136.405606941	166.221157751	 0.310083202	         0.006119643	         0.000965600	         0.007085243
 19659	    -1342000	 0.012828154	28.563112322	-132.125741447	165.977269416	 0.303321831	         0.005743105	         0.000853217	         0.006596322
 19660	    -1341000	 0.014485913	28.395286447	-127.760513044	165.733097567	 0.296513360	         0.005405604	         0.000755148	         0.006160753
 19661	    -1340000	 0.016216766	28.223927152	-122.856649798	165.485544984	 0.289653707	         0.005112040	         0.000672989	         0.005785029
 19662	    -1339000	 0.017780694	28.049566271	-117.812093623	165.216941619	 0.282770449	         0.004774309	         0.000579201	         0.005353509
 19663	    -1338000	 0.019446849	27.871482882	-113.176414929	164.946059998	 0.275859423	         0.004480472	         0.000503171	         0.004983643
 19664	    -1337000	 0.021093286	27.689726876	-107.601587907	164.669829225	 0.268977388	         0.004189128	         0.000428686	         0.004617814
 19665	    -1336000	 0.022583298	27.505215150	-102.169839320	164.391569516	 0.262166601	         0.003909689	         0.000362970	         0.004272659
 19666	    -1335000	 0.024065988	27.316853763	-96.904106963	164.103363553	 0.255391574	         0.003618631	         0.000297112	         0.003915743
 19667	    -1334000	 0.025701703	27.125080969	-91.319613396	163.817716553	 0.248673685	         0.003358919	         0.000243053	         0.003601972
 19668	    -1333000	 0.027131896	26.930434486	-85.500842149	163.516500438	 0.242035806	         0.003060074	         0.000184568	         0.003244642
 19669	    -1332000	 0.028601723	26.732314982	-79.817001383	163.223406128	 0.235461416	         0.002805062	         0.000140359	         0.002945421
 19670	    -1331000	 0.029993989	26.531433581	-74.152162885	162.926151761	 0.228977683	         0.002536755	         0.000098957	         0.002635712
 19671	    -1330000	 0.031543291	26.327421911	-68.303854598	162.631925646	 0.222575623	         0.002298025	         0.000066903	         0.002364928
 19672	    -1329000	 0.032912393	26.120583042	-62.518524966	162.334843611	 0.216267555	         0.002049238	         0.000039385	         0.002088623
 19673	    -1328000	 0.034239530	25.911628809	-56.770386686	162.042692710	 0.210076486	         0.001825312	         0.000019935	         0.001845247
 19674	    -1327000	 0.035630176	25.699796555	-51.105819949	161.730860627	 0.203981030	         0.001600577	         0.000005444	         0.001606021
 19675	    -1326000	 0.036860362	25.485946595	-45.289209531	161.435010172	 0.198006895	         0.001404409	         0.000000028	         0.001404437
 19676	    -1325000	 0.037981200	25.270594065	-39.651541164	161.141541126	 0.192167590	         0.001218700	         0.000000000	         0.001218700
 19677	    -1324000	 0.039091638	25.053232861	-33.996241504	160.848521917	 0.186448423	         0.001053450	         0.000000000	         0.001053450
 19678	    -1323000	 0.040193687	24.835124883	-28.110796424	160.548874104	 0.180880689	         0.000896792	         0.000000000	         0.000896792
 19679	    -1322000	 0.040981593	24.616275863	-22.368728003	160.220516015	 0.175461145	         0.000752563	         0.000000000	         0.000752563
 19680	    -1321000	 0.041878703	24.397135836	-16.686008506	159.842475755	 0.170197097	         0.000618035	         0.000000000	         0.000618035
 19681	    -1320000	 0.042775306	24.179060354	-10.884854255	159.593634118	 0.165115407	         0.000520306	         0.000000000	         0.000520306
 19682	    -1319000	 0.043420544	23.961685032	-4.957957120	159.349107911	 0.160201036	         0.000431534	         0.000000000	         0.000431534
 19683	    -1318000	 0.044084045	23.746506966	 0.702772022	159.116000545	 0.155480411	         0.000358045	         0.000000000	         0.000358045
 19684	    -1317000	 0.044692282	23.534392594	 6.487933315	158.881674877	 0.150963162	         0.000293610	         0.000000000	         0.000293610
 19685	    -1316000	 0.045245957	23.325462868	12.283929639	158.661937522	 0.146642055	         0.000240687	         0.000000000	         0.000240687
 19686	    -1315000	 0.045655378	23.121739122	17.972883808	158.454757139	 0.142547748	         0.000197630	         0.000000000	         0.000197630
 19687	    -1314000	 0.045969168	22.923394501	23.598110803	158.244260983	 0.138671401	         0.000160185	         0.000000000	         0.000160185
 19688	    -1313000	 0.046262309	22.731266199	29.273143261	158.053683759	 0.135017079	         0.000130294	         0.000000000	         0.000130294
 19689	    -1312000	 0.046370610	22.547308245	35.018953962	157.871720705	 0.131608437	         0.000105602	         0.000000000	         0.000105602
 19690	    -1311000	 0.046342938	22.371193800	40.564921149	157.695968387	 0.128425789	         0.000085663	         0.000000000	         0.000085663
 19691	    -1310000	 0.046326804	22.204562789	46.180167072	157.518294710	 0.125485411	         0.000069295	         0.000000000	         0.000069295
 19692	    -1309000	 0.046202556	22.048738666	51.927377962	157.348778343	 0.122796677	         0.000055572	         0.000000000	         0.000055572
 19693	    -1308000	 0.045899074	21.903409068	57.521011698	157.219494198	 0.120340971	         0.000045774	         0.000000000	         0.000045774
 19694	    -1307000	 0.045654840	21.770844064	63.023847112	157.078418459	 0.118143809	         0.000037274	         0.000000000	         0.000037274
 19695	    -1306000	 0.045347046	21.651364846	68.769132186	156.971283118	 0.116197926	         0.000031342	         0.000000000	         0.000031342
 19696	    -1305000	 0.044824859	21.545398790	74.294190898	156.863887122	 0.114498957	         0.000026573	         0.000000000	         0.000026573
 19697	    -1304000	 0.044290638	21.455053900	79.719784849	156.752257045	 0.113070076	         0.000022441	         0.000000000	         0.000022441
 19698	    -1303000	 0.043843621	21.380042560	85.178031092	156.682088883	 0.111897267	         0.000020099	         0.000000000	         0.000020099
 19699	    -1302000	 0.043080218	21.321548279	90.685527598	156.619201925	 0.110991152	         0.000018567	         0.000000000	         0.000018567
 19700	    -1301000	 0.042293448	21.280718983	96.017158262	156.565864482	 0.110363031	         0.000017545	         0.000000000	         0.000017545
 19701	    -1300000	 0.041392434	21.257234874	101.323116250	156.542625127	 0.110003362	         0.000017557	         0.000000000	         0.000017557
 19702	    -1299000	 0.040464574	21.252815089	106.708285386	156.530654061	 0.109935802	         0.000017971	         0.000000000	         0.000017971
 19703	    -1298000	 0.039344122	21.267395510	112.110653548	156.535461231	 0.110158832	         0.000018979	         0.000000000	         0.000018979
 19704	    -1297000	 0.038157301	21.300800062	117.580082719	156.565291856	 0.110671515	         0.000020998	         0.000000000	         0.000020998
 19705	    -1296000	 0.036997510	21.354627515	123.040725517	156.608762507	 0.111502666	         0.000023814	         0.000000000	         0.000023814
 19706	    -1295000	 0.035670092	21.427820604	128.782272742	156.688605554	 0.112642867	         0.000028111	         0.000000000	         0.000028111
 19707	    -1294000	 0.034361317	21.520719653	134.296000245	156.798443664	 0.114106852	         0.000033765	         0.000000000	         0.000033765
 19708	    -1293000	 0.033100509	21.633638889	139.906611126	156.926651438	 0.115911977	         0.000041096	         0.000000000	         0.000041096
 19709	    -1292000	 0.031812688	21.765317961	145.929633990	157.056208409	 0.118053094	         0.000049844	         0.000000000	         0.000049844
 19710	    -1291000	 0.030312748	21.916583397	151.580319100	157.244175876	 0.120561545	         0.000061801	         0.000000000	         0.000061801
 19711	    -1290000	 0.028963771	22.085992204	157.287925825	157.420496404	 0.123434197	         0.000075944	         0.000000000	         0.000075944
 19712	    -1289000	 0.027610700	22.272393803	163.153414071	157.651821753	 0.126674147	         0.000095518	         0.000000000	         0.000095518
 19713	    -1288000	 0.026101771	22.476442604	169.239593503	157.884432520	 0.130318415	         0.000119028	         0.000000000	         0.000119028
 19714	    -1287000	 0.024530818	22.696004192	174.964909806	158.152785006	 0.134356923	         0.000148157	         0.000000000	         0.000148157
 19715	    -1286000	 0.022979304	22.929945531	-178.897684228	158.419078973	 0.138797732	         0.000184470	         0.000000000	         0.000184470
 19716	    -1285000	 0.021387226	23.178208273	-172.627394294	158.722870316	 0.143671038	         0.000229504	         0.000000000	         0.000229504
 19717	    -1284000	 0.019735025	23.438834587	-166.250506499	159.033493987	 0.148971243	         0.000283013	         0.000000000	         0.000283013
 19718	    -1283000	 0.018113612	23.711040748	-159.532198363	159.367159122	 0.154715809	         0.000351453	         0.000000000	         0.000351453
 19719	    -1282000	 0.016507956	23.993416576	-152.389661786	159.716037001	 0.160909192	         0.000432954	         0.000000000	         0.000432954
 19720	    -1281000	 0.014861460	24.284556285	-144.868716699	160.078567937	 0.167554488	         0.000528849	         0.000000000	         0.000528849
 19721	    -1280000	 0.013239126	24.584171266	-137.274112645	160.623946174	 0.174679888	         0.000671763	         0.000000000	         0.000671763
 19722	    -1279000	 0.011816423	24.889919423	-128.960289617	161.077889575	 0.182263616	         0.000826279	         0.000000000	         0.000826279
 19723	    -1278000	 0.010331645	25.201149758	-119.045921638	161.504720949	 0.190321566	         0.000994536	         0.000000000	         0.000994536
 19724	    -1277000	 0.008763863	25.517129817	-108.461742722	161.953863101	 0.198867013	         0.001198510	         0.000000000	         0.001198510
 19725	    -1276000	 0.007464218	25.835685941	-97.350044227	162.387112674	 0.207870570	         0.001422077	         0.000006292	         0.001428369
 19726	    -1275000	 0.006310833	26.156575153	-82.170972704	162.834133981	 0.217352232	         0.001684676	         0.000026089	         0.001710765
 19727	    -1274000	 0.005299144	26.478445994	-63.386605645	163.261113256	 0.227297395	         0.001954732	         0.000055532	         0.002010264
 19728	    -1273000	 0.004665245	26.799575943	-40.464887432	163.700202891	 0.237673132	         0.002284205	         0.000102268	         0.002386473
 19729	    -1272000	 0.004606173	27.120000604	-15.571271846	164.124685028	 0.248498141	         0.002644943	         0.000161606	         0.002806549
 19730	    -1271000	 0.005106092	27.437935079	 8.684013544	164.559616894	 0.259726266	         0.003044830	         0.000237959	         0.003282789
 19731	    -1270000	 0.005850410	27.751986975	27.575897044	165.008249384	 0.271315261	         0.003491941	         0.000332477	         0.003824418
 19732	    -1269000	 0.006871435	28.062069265	42.568946321	165.449665104	 0.283260769	         0.003990064	         0.000449132	         0.004439196
 19733	    -1268000	 0.008030725	28.366616996	54.550139560	165.896730478	 0.295359186	         0.004538183	         0.000587350	         0.005125533
 19734	    -1267000	 0.009199313	28.665086690	65.706127370	166.330371908	 0.307502010	         0.005134727	         0.000748278	         0.005883005
 19735	    -1266000	 0.010309766	28.956243870	75.269694970	166.754561121	 0.319614682	         0.005793485	         0.000936560	         0.006730045
 19736	    -1265000	 0.011389409	29.239166829	83.617415632	167.159522569	 0.331632106	         0.006495042	         0.001146987	         0.007642029
 19737	    -1264000	 0.012595365	29.514063187	91.469664351	167.556830032	 0.343536263	         0.007291948	         0.001402910	         0.008694859
 19738	    -1263000	 0.013711429	29.779103783	99.573015395	167.949058694	 0.355220256	         0.008135369	         0.001684225	         0.009819594
 19739	    -1262000	 0.014732839	30.033881856	106.859862758	168.304692692	 0.366637342	         0.009068256	         0.002011148	         0.011079404
 19740	    -1261000	 0.015815335	30.278790489	113.364890944	168.656657821	 0.377778041	         0.010070544	         0.002384398	         0.012454942
 19741	    -1260000	 0.016960208	30.512310034	120.554385063	168.975958022	 0.388546889	         0.011158581	         0.002810509	         0.013969090
 19742	    -1259000	 0.017896174	30.734150804	126.800301123	169.281286482	 0.398904577	         0.012338039	         0.003292426	         0.015630465
 19743	    -1258000	 0.018895500	30.944262383	132.858623057	169.564995192	 0.408824750	         0.013563805	         0.003817121	         0.017380926
 19744	    -1257000	 0.019868083	31.142003397	138.867821456	169.823126435	 0.418254856	         0.014915259	         0.004432351	         0.019347610
 19745	    -1256000	 0.020652575	31.327514749	144.829586956	170.065355830	 0.427181239	         0.016380707	         0.005132402	         0.021513109
 19746	    -1255000	 0.021456080	31.499751162	150.304634391	170.271855270	 0.435534915	         0.017838215	         0.005864805	         0.023703021
 19747	    -1254000	 0.022204016	31.658757258	155.961273582	170.466118611	 0.443301016	         0.019464354	         0.006740780	         0.026205133
 19748	    -1253000	 0.022920189	31.804971515	161.614905857	170.636479278	 0.450486291	         0.021141520	         0.007699090	         0.028840610
 19749	    -1252000	 0.023461367	31.937200436	167.166680303	170.786573064	 0.457019071	         0.022847177	         0.008736760	         0.031583937
 19750	    -1251000	 0.024094507	32.055891267	172.496975486	170.900727356	 0.462910012	         0.024541766	         0.009886032	         0.034427798
 19751	    -1250000	 0.024745150	32.161153774	177.957569990	171.000276740	 0.468155040	         0.026225809	         0.011134671	         0.037360480
 19752	    -1249000	 0.025264874	32.252516265	-176.466347206	171.077641784	 0.472722573	         0.027978765	         0.012443071	         0.040421836
 19753	    -1248000	 0.025806273	32.330605762	-171.273911447	171.139584136	 0.476637313	         0.029598996	         0.013634050	         0.043233046
 19754	    -1247000	 0.026439131	32.394904561	-166.143872817	171.174515166	 0.479867939	         0.031224416	         0.014858862	         0.046083279
 19755	    -1246000	 0.027050478	32.445718508	-160.785700952	171.186559314	 0.482425539	         0.032605640	         0.015882393	         0.048488033
 19756	    -1245000	 0.027512608	32.483879492	-155.754733794	171.185437222	 0.484348843	         0.033941259	         0.016890320	         0.050831579
 19757	    -1244000	 0.028146787	32.508520072	-150.989517074	171.161553978	 0.485591871	         0.035013884	         0.017695747	         0.052709631
 19758	    -1243000	 0.028680576	32.520252891	-145.892410274	171.124500225	 0.486184062	         0.035964276	         0.018404715	         0.054368991
 19759	    -1242000	 0.029127205	32.519643533	-141.035274771	171.074820182	 0.486153301	         0.036728990	         0.018975782	         0.055704771
 19760	    -1241000	 0.029649281	32.506481461	-136.357085577	171.007435056	 0.485488996	         0.037238323	         0.019343038	         0.056581360
 19761	    -1240000	 0.030157936	32.481489086	-131.394462646	170.919903895	 0.484228303	         0.037461784	         0.019469390	         0.056931174
 19762	    -1239000	 0.030542180	32.444474922	-126.560940555	170.821981528	 0.482362899	         0.037465060	         0.019414323	         0.056879383
 19763	    -1238000	 0.031020460	32.396116319	-121.724745711	170.714131239	 0.479928884	         0.037371064	         0.019301872	         0.056672936
 19764	    -1237000	 0.031518734	32.337175764	-116.948658054	170.586413016	 0.476967119	         0.036880070	         0.018830156	         0.055710226
 19765	    -1236000	 0.032025479	32.267126051	-111.865166763	170.446815559	 0.473454238	         0.036309428	         0.018314355	         0.054623783
 19766	    -1235000	 0.032470086	32.187083239	-106.983631604	170.294463153	 0.469449940	         0.035483972	         0.017599573	         0.053083544
 19767	    -1234000	 0.032949081	32.097577171	-102.283814070	170.131976020	 0.464984869	         0.034400524	         0.016671915	         0.051072440
 19768	    -1233000	 0.033602387	31.998494350	-97.304162179	169.969992324	 0.460058125	         0.033373760	         0.015804766	         0.049178526
 19769	    -1232000	 0.034065668	31.891063639	-92.369274079	169.792003588	 0.454736014	         0.032046024	         0.014709128	         0.046755152
 19770	    -1231000	 0.034561724	31.775054737	-87.534051353	169.604710134	 0.449012779	         0.030599028	         0.013513970	         0.044112998
 19771	    -1230000	 0.035133209	31.651168601	-82.770364473	169.426549622	 0.442929227	         0.029103265	         0.012258365	         0.041361630
 19772	    -1229000	 0.035581136	31.520538984	-77.690511135	169.231225217	 0.436547321	         0.027466235	         0.010968318	         0.038434553
 19773	    -1228000	 0.035983144	31.382371011	-72.903579518	169.029796293	 0.429835064	         0.025697589	         0.009721983	         0.035419572
 19774	    -1227000	 0.036502998	31.237801205	-67.881352351	168.838520110	 0.422855025	         0.024047122	         0.008680789	         0.032727911
 19775	    -1226000	 0.036936400	31.087516179	-62.706871845	168.642065585	 0.415647525	         0.022372500	         0.007699813	         0.030072313
 19776	    -1225000	 0.037207188	30.931055805	-57.586553298	168.437763096	 0.408198144	         0.020604174	         0.006726568	         0.027330742
 19777	    -1224000	 0.037696331	30.769421508	-52.470820029	168.252157640	 0.400562478	         0.019023446	         0.005920026	         0.024943472
 19778	    -1223000	 0.038121235	30.602596170	-47.138419733	168.047537680	 0.392747615	         0.017391129	         0.005127432	         0.022518561
 19779	    -1222000	 0.038483473	30.430895150	-41.766660467	167.850928951	 0.384776527	         0.015861992	         0.004439307	         0.020301299
 19780	    -1221000	 0.038837267	30.254991142	-36.405165683	167.651567086	 0.376688451	         0.014366606	         0.003796913	         0.018163520
 19781	    -1220000	 0.039258286	30.074339553	-31.138033055	167.453571600	 0.368466669	         0.012976383	         0.003235067	         0.016211450
 19782	    -1219000	 0.039657935	29.889865173	-25.658228009	167.256379127	 0.360161684	         0.011661924	         0.002739949	         0.014401874
 19783	    -1218000	 0.039892855	29.701749739	-20.179485149	167.073429178	 0.351789589	         0.010453861	         0.002308823	         0.012762684
 19784	    -1217000	 0.040182362	29.509673100	-14.878717422	166.875683837	 0.343344423	         0.009297822	         0.001916820	         0.011214642
 19785	    -1216000	 0.040457427	29.314645304	-9.318624224	166.679765757	 0.334878547	         0.008227091	         0.001578252	         0.009805343
 19786	    -1215000	 0.040525023	29.116149981	-3.722994157	166.499253557	 0.326377276	         0.007290556	         0.001301086	         0.008591642
 19787	    -1214000	 0.040601246	28.914619685	 1.785005655	166.305755196	 0.317867083	         0.006411600	         0.001054073	         0.007465673
 19788	    -1213000	 0.040742683	28.710619488	 7.507663781	166.111306685	 0.309378985	         0.005611974	         0.000842392	         0.006454366
 19789	    -1212000	 0.040630465	28.503474639	13.352880578	165.924265670	 0.300892239	         0.004921567	         0.000673091	         0.005594659
 19790	    -1211000	 0.040559536	28.294131548	19.121570564	165.722659227	 0.292452724	         0.004283417	         0.000524297	         0.004807714
 19791	    -1210000	 0.040487273	28.082450990	24.925855124	165.523591339	 0.284061147	         0.003745205	         0.000409437	         0.004154642
 19792	    -1209000	 0.040402584	27.868169029	31.094450080	165.315980587	 0.275732385	         0.003235516	         0.000305965	         0.003541482
 19793	    -1208000	 0.040117345	27.652232228	37.017530489	165.117379059	 0.267579190	         0.002831676	         0.000232145	         0.003063821
 19794	    -1207000	 0.039877133	27.433861941	43.080531496	164.885938670	 0.259579260	         0.002451527	         0.000167800	         0.002619326
 19795	    -1206000	 0.039634855	27.213510135	49.156942640	164.663378919	 0.251749158	         0.002136233	         0.000119577	         0.002255810
 19796	    -1205000	 0.039213755	26.991824381	55.391533195	164.427936155	 0.244109982	         0.001858779	         0.000081134	         0.001939912
 19797	    -1204000	 0.038722318	26.767825575	61.626262589	164.171210826	 0.236626520	         0.001614697	         0.000051662	         0.001666359
 19798	    -1203000	 0.038172814	26.542497110	67.827779916	163.906385900	 0.229330083	         0.001410877	         0.000030197	         0.001441073
 19799	    -1202000	 0.037628603	26.315678851	74.315766917	163.649890066	 0.222212613	         0.001237307	         0.000015028	         0.001252335
 19800	    -1201000	 0.036811992	26.086934291	80.832347224	163.352511353	 0.215258395	         0.001083693	         0.000005065	         0.001088758
 19801	    -1200000	 0.036078219	25.857368200	87.390739794	163.049983055	 0.208498002	         0.000955302	         0.000000424	         0.000955726
 19802	    -1199000	 0.035372082	25.626095823	94.178782467	162.729412379	 0.201902034	         0.000840208	         0.000000000	         0.000840208
 19803	    -1198000	 0.034381428	25.393494293	101.180595535	162.385746919	 0.195478615	         0.000740394	         0.000000000	         0.000740394
 19804	    -1197000	 0.033549493	25.160351040	108.013095631	161.952354670	 0.189245303	         0.000640989	         0.000000000	         0.000640989
 19805	    -1196000	 0.032722666	24.925800988	115.170252311	161.601781726	 0.183174933	         0.000565160	         0.000000000	         0.000565160
 19806	    -1195000	 0.031779184	24.690781312	122.494102089	161.258011911	 0.177287708	         0.000501143	         0.000000000	         0.000501143
 19807	    -1194000	 0.030725325	24.455438872	129.738845728	160.887455073	 0.171581999	         0.000443563	         0.000000000	         0.000443563
 19808	    -1193000	 0.029780176	24.219894158	137.044647928	160.527378980	 0.166055250	         0.000392400	         0.000000000	         0.000392400
 19809	    -1192000	 0.028765403	23.985386062	144.690242715	160.160744318	 0.160729679	         0.000347460	         0.000000000	         0.000347460
 19810	    -1191000	 0.027633762	23.751232835	152.616768152	159.778525323	 0.155582579	         0.000305766	         0.000000000	         0.000305766
 19811	    -1190000	 0.026467828	23.518787183	160.557312786	159.396670349	 0.150636055	         0.000267631	         0.000000000	         0.000267631
 19812	    -1189000	 0.025363882	23.289269648	168.818983867	159.019387646	 0.145906172	         0.000233375	         0.000000000	         0.000233375
 19813	    -1188000	 0.024265278	23.061891861	177.562906658	158.645734843	 0.141366845	         0.000202889	         0.000000000	         0.000202889
 19814	    -1187000	 0.023159692	22.838607389	-173.248966195	158.258549737	 0.137046695	         0.000173920	         0.000000000	         0.000173920
 19815	    -1186000	 0.022179349	22.620018026	-163.805796721	157.897299942	 0.132945303	         0.000149755	         0.000000000	         0.000149755
 19816	    -1185000	 0.021391591	22.406246583	-153.682159208	157.558497553	 0.129053049	         0.000129661	         0.000000000	         0.000129661
 19817	    -1184000	 0.020561169	22.199142063	-143.230318583	157.196806487	 0.125390896	         0.000108640	         0.000000000	         0.000108640
 19818	    -1183000	 0.019933038	21.998585721	-132.711188301	156.883632175	 0.121943606	         0.000092130	         0.000000000	         0.000092130
 19819	    -1182000	 0.019676072	21.805939584	-121.969068314	156.577448755	 0.118721555	         0.000077806	         0.000000000	         0.000077806
 19820	    -1181000	 0.019391006	21.622451056	-110.381080092	156.274407883	 0.115731861	         0.000064520	         0.000000000	         0.000064520
 19821	    -1180000	 0.019242845	21.448003235	-99.284632393	155.988154735	 0.112959317	         0.000053307	         0.000000000	         0.000053307
 19822	    -1179000	 0.019343930	21.284652771	-88.205737005	155.743498717	 0.110423394	         0.000044417	         0.000000000	         0.000044417
 19823	    -1178000	 0.019698992	21.132791036	-77.124009158	155.485058673	 0.108116920	         0.000035768	         0.000000000	         0.000035768
 19824	    -1177000	 0.020140345	20.993379791	-66.003507151	155.252506962	 0.106041982	         0.000028155	         0.000000000	         0.000028155
 19825	    -1176000	 0.020818714	20.868458149	-55.341845333	155.064452123	 0.104216552	         0.000022829	         0.000000000	         0.000022829
 19826	    -1175000	 0.021606815	20.757580358	-45.127588030	154.877808608	 0.102622679	         0.000018179	         0.000000000	         0.000018179
 19827	    -1174000	 0.022653578	20.662822753	-35.147164161	154.721594408	 0.101279867	         0.000014553	         0.000000000	         0.000014553
 19828	    -1173000	 0.023735224	20.585685759	-25.799511914	154.618038646	 0.100199741	         0.000011919	         0.000000000	         0.000011919
 19829	    -1172000	 0.024951166	20.525754808	-16.938320415	154.536429290	 0.099368504	         0.000009901	         0.000000000	         0.000009901
 19830	    -1171000	 0.026338985	20.485206922	-8.428348115	154.501025042	 0.098810022	         0.000008302	         0.000000000	         0.000008302
 19831	    -1170000	 0.027639149	20.464437309	-0.062269737	154.475881258	 0.098525172	         0.000007222	         0.000000000	         0.000007222
 19832	    -1169000	 0.028964863	20.464118826	 7.674659629	154.533623284	 0.098520810	         0.000006609	         0.000000000	         0.000006609
 19833	    -1168000	 0.030378874	20.485543826	15.096602036	154.598432254	 0.098814650	         0.000006495	         0.000000000	         0.000006495
 19834	    -1167000	 0.031993255	20.527877107	22.611995113	154.723258994	 0.099397821	         0.000006614	         0.000000000	         0.000006614
 19835	    -1166000	 0.033304318	20.592793029	29.834840508	154.863099978	 0.100298778	         0.000006786	         0.000000000	         0.000006786
 19836	    -1165000	 0.034820535	20.680244294	36.689615138	155.076032745	 0.101525423	         0.000007887	         0.000000000	         0.000007887
 19837	    -1164000	 0.036353301	20.789128211	43.414819308	155.299911699	 0.103073683	         0.000009212	         0.000000000	         0.000009212
 19838	    -1163000	 0.037847107	20.920822362	50.151034591	155.590489043	 0.104977872	         0.000011548	         0.000000000	         0.000011548
 19839	    -1162000	 0.039317181	21.073852321	56.481722179	155.875087995	 0.107234792	         0.000014310	         0.000000000	         0.000014310
 19840	    -1161000	 0.040787360	21.247992262	62.836068885	156.235862259	 0.109862129	         0.000018350	         0.000000000	         0.000018350
 19841	    -1160000	 0.042170267	21.443297194	69.066551480	156.616494842	 0.112885450	         0.000024023	         0.000000000	         0.000024023
 19842	    -1159000	 0.043457280	21.657396587	75.170997252	157.003277851	 0.116295388	         0.000031357	         0.000000000	         0.000031357
 19843	    -1158000	 0.044646895	21.891042340	81.130099471	157.427884250	 0.120134286	         0.000041121	         0.000000000	         0.000041121
 19844	    -1157000	 0.045867332	22.143068532	87.197100589	157.874922035	 0.124417371	         0.000053700	         0.000000000	         0.000053700
 19845	    -1156000	 0.046906188	22.411180494	93.362557082	158.315466505	 0.129141586	         0.000070431	         0.000000000	         0.000070431
 19846	    -1155000	 0.047805379	22.696023581	99.364058993	158.778432192	 0.134357285	         0.000092902	         0.000000000	         0.000092902
 19847	    -1154000	 0.048760988	22.995575002	105.363849894	159.246553830	 0.140069707	         0.000120657	         0.000000000	         0.000120657
 19848	    -1153000	 0.049714165	23.308716830	111.574129732	159.729290310	 0.146301113	         0.000159330	         0.000000000	         0.000159330
 19849	    -1152000	 0.050484251	23.635193976	117.708001490	160.196188693	 0.153093254	         0.000207493	         0.000000000	         0.000207493
 19850	    -1151000	 0.051283771	23.972455261	123.717405523	160.665226575	 0.160441046	         0.000271744	         0.000000000	         0.000271744
 19851	    -1150000	 0.052175143	24.320713246	129.855845826	161.136804270	 0.168398706	         0.000354414	         0.000000000	         0.000354414
 19852	    -1149000	 0.052819239	24.678401709	135.921835266	161.598068817	 0.176982900	         0.000463252	         0.000000000	         0.000463252
 19853	    -1148000	 0.053481663	25.043206837	141.889125891	162.039436805	 0.186188766	         0.000598923	         0.000000000	         0.000598923
 19854	    -1147000	 0.054167052	25.415710346	147.812128749	162.644144003	 0.196083192	         0.000802028	         0.000000000	         0.000802028
 19855	    -1146000	 0.054648753	25.793385550	153.823626239	163.121012114	 0.206651928	         0.001048863	         0.000000793	         0.001049655
 19856	    -1145000	 0.055063419	26.174953610	159.654569092	163.576586016	 0.217908191	         0.001364135	         0.000016670	         0.001380805
 19857	    -1144000	 0.055357006	26.560078300	165.534084061	164.010173120	 0.229891202	         0.001761531	         0.000051797	         0.001813328
 19858	    -1143000	 0.055654691	26.945904478	171.405388324	164.434522369	 0.242556822	         0.002261105	         0.000113316	         0.002374422
 19859	    -1142000	 0.055702227	27.332284109	177.317558316	164.836746708	 0.255939930	         0.002887145	         0.000210753	         0.003097898
 19860	    -1141000	 0.055744442	27.717643237	-176.793640188	165.242201843	 0.270023148	         0.003684100	         0.000359942	         0.004044042
 19861	    -1140000	 0.055794801	28.099427422	-170.971242177	165.625494565	 0.284728825	         0.004638443	         0.000564572	         0.005203016
 19862	    -1139000	 0.055715331	28.478294624	-164.885462989	166.014013443	 0.299869786	         0.005883228	         0.000872798	         0.006756026
 19863	    -1138000	 0.055523105	28.851488216	-159.046192096	166.363013103	 0.315226606	         0.007323808	         0.001269393	         0.008593201
 19864	    -1137000	 0.055352512	29.217636745	-153.180243158	166.734349056	 0.330709161	         0.009049678	         0.001794583	         0.010844261
 19865	    -1136000	 0.055252044	29.577352430	-147.178705790	167.083889412	 0.346308082	         0.011128949	         0.002499396	         0.013628345
 19866	    -1135000	 0.054866860	29.927509286	-141.262907954	167.420460635	 0.361848850	         0.013497606	         0.003393480	         0.016891086
 19867	    -1134000	 0.054573309	30.268349409	-135.432110273	167.761568415	 0.377299841	         0.016248273	         0.004548685	         0.020796959
 19868	    -1133000	 0.054262446	30.599212190	-129.528098239	168.093366715	 0.392589802	         0.019396166	         0.006036841	         0.025433007
 19869	    -1132000	 0.053852453	30.917726530	-123.588588173	168.423145957	 0.407566129	         0.022928247	         0.007922312	         0.030850558
 19870	    -1131000	 0.053368404	31.225159777	-117.812445882	168.748603938	 0.422246830	         0.026742699	         0.010265530	         0.037008229
 19871	    -1130000	 0.052930306	31.519618996	-111.913878481	169.077008828	 0.436502497	         0.031073872	         0.013581292	         0.044655164
 19872	    -1129000	 0.052416035	31.799808446	-105.986428897	169.385231363	 0.450231870	         0.035554087	         0.017203508	         0.052757595
 19873	    -1128000	 0.051870444	32.067172751	-100.178613232	169.702262783	 0.463471235	         0.040387278	         0.021193607	         0.061580885
 19874	    -1127000	 0.051326950	32.319107781	-94.376012190	170.014309146	 0.476060291	         0.045470533	         0.025523100	         0.070993633
 19875	    -1126000	 0.050852904	32.555320839	-88.548138439	170.309613410	 0.487955244	         0.050450926	         0.029840615	         0.080291541
 19876	    -1125000	 0.050235410	32.776597784	-82.674391241	170.612639188	 0.499170925	         0.055620193	         0.034427008	         0.090047201
 19877	    -1124000	 0.049547699	32.980509029	-77.027773287	170.905249771	 0.509562623	         0.060590414	         0.038935926	         0.099526341
 19878	    -1123000	 0.049018281	33.167833154	-71.405438815	171.190023866	 0.519151529	         0.065401238	         0.043380391	         0.108781630
 19879	    -1122000	 0.048345876	33.337974688	-65.611488932	171.465949457	 0.527892256	         0.069767318	         0.047472996	         0.117240314
 19880	    -1121000	 0.047535961	33.489537026	-59.955670289	171.743444025	 0.535700754	         0.074056076	         0.051609639	         0.125665715
 19881	    -1120000	 0.046792850	33.623626819	-54.451156203	171.999149875	 0.542624451	         0.078104313	         0.055580968	         0.133685281
 19882	    -1119000	 0.045992856	33.738740717	-48.693376158	172.259646195	 0.548578455	         0.081966647	         0.059444194	         0.141410841
 19883	    -1118000	 0.045057846	33.834891312	-43.073240613	172.519137109	 0.553557926	         0.086522803	         0.064143894	         0.150666697
 19884	    -1117000	 0.044189214	33.912736807	-37.336427796	172.738175163	 0.557593119	         0.088070174	         0.065724845	         0.153795019
 19885	    -1116000	 0.043341687	33.970679927	-31.554831067	172.919185460	 0.560598580	         0.088305444	         0.065984076	         0.154289520
 19886	    -1115000	 0.042342094	34.009816646	-25.568265165	173.080734392	 0.562629414	         0.086836297	         0.064547023	         0.151383320
 19887	    -1114000	 0.041498739	34.029944884	-19.834134703	173.203031570	 0.563674131	         0.084545975	         0.062324187	         0.146870162
 19888	    -1113000	 0.040635291	34.030131136	-13.954607689	173.313938369	 0.563683799	         0.081645678	         0.059551528	         0.141197207
 19889	    -1112000	 0.039859680	34.012144330	-7.898746255	173.386224515	 0.562750219	         0.077856348	         0.055971178	         0.133827526
 19890	    -1111000	 0.038956389	33.974820078	-1.944820830	173.439691707	 0.560813385	         0.073511541	         0.051906864	         0.125418405
 19891	    -1110000	 0.038098617	33.918547288	 3.941047466	173.443320452	 0.557894433	         0.068673180	         0.047450188	         0.116123369
 19892	    -1109000	 0.037354559	33.844833674	 9.852277872	173.418207717	 0.554073121	         0.063246254	         0.042504519	         0.105750773
 19893	    -1108000	 0.036498346	33.752208766	16.004415866	173.330323260	 0.549275614	         0.056297252	         0.036193967	         0.092491219
 19894	    -1107000	 0.035558919	33.642365147	21.882658698	173.226620576	 0.543593045	         0.050816410	         0.031410835	         0.082227245
 19895	    -1106000	 0.034714420	33.515992377	27.895300377	173.096372501	 0.537065688	         0.045691138	         0.027075812	         0.072766950
 19896	    -1105000	 0.033815327	33.372184781	34.180076322	172.953480521	 0.529653027	         0.041122048	         0.023312658	         0.064434706
 19897	    -1104000	 0.032771569	33.212984404	40.273631328	172.771249763	 0.521468337	         0.036962191	         0.019976164	         0.056938356
 19898	    -1103000	 0.031892969	33.038276637	46.565812335	172.576930708	 0.512515560	         0.033234687	         0.017064268	         0.050298955
 19899	    -1102000	 0.030926306	32.848361372	53.195228132	172.341376383	 0.502822289	         0.029766248	         0.014412238	         0.044178486
 19900	    -1101000	 0.029905142	32.645031022	59.806576490	172.088155994	 0.492494224	         0.026678729	         0.012068671	         0.038747400
 19901	    -1100000	 0.028948168	32.427340187	66.426783612	171.803797315	 0.481500056	         0.023937129	         0.010038053	         0.033975183
 19902	    -1099000	 0.028050943	32.196934376	73.369653127	171.511954291	 0.469942193	         0.021448114	         0.008228628	         0.029676742
 19903	    -1098000	 0.027038825	31.954830851	80.604936954	171.168470890	 0.457892525	         0.019171397	         0.006817111	         0.025988508
 19904	    -1097000	 0.026013887	31.699906831	87.883918702	170.813683522	 0.445319014	         0.017166579	         0.005695409	         0.022861988
 19905	    -1096000	 0.025053065	31.434381592	95.211757655	170.435690914	 0.432357097	         0.015348619	         0.004754793	         0.020103412
 19906	    -1095000	 0.024117004	31.158326173	103.133067381	170.047443261	 0.419037231	         0.013792053	         0.004009369	         0.017801422
 19907	    -1094000	 0.023114526	30.871635265	111.439212895	169.616139728	 0.405383899	         0.012325912	         0.003345742	         0.015671653
 19908	    -1093000	 0.022114238	30.576169229	119.795961352	169.184220028	 0.391515945	         0.011006078	         0.002779108	         0.013785186
 19909	    -1092000	 0.021265732	30.271283326	128.690816053	168.735676120	 0.377434185	         0.009860551	         0.002322459	         0.012183009
 19910	    -1091000	 0.020418156	29.958074438	138.363441693	168.261463651	 0.363221612	         0.008795473	         0.001917070	         0.010712543
 19911	    -1090000	 0.019660624	29.638096362	148.197777926	167.780798783	 0.348979229	         0.007834820	         0.001572837	         0.009407657
 19912	    -1089000	 0.019103196	29.310431091	158.257150138	167.292290237	 0.334696844	         0.006961379	         0.001278467	         0.008239845
 19913	    -1088000	 0.018718946	28.976716886	169.471814548	166.787906420	 0.320476182	         0.006179999	         0.001028682	         0.007208680
 19914	    -1087000	 0.018308281	28.638097393	-179.781889941	166.276583790	 0.306392491	         0.005444099	         0.000808159	         0.006252258
 19915	    -1086000	 0.018203440	28.294531702	-168.738793639	165.760608445	 0.292468723	         0.004773256	         0.000619383	         0.005392638
 19916	    -1085000	 0.018266953	27.947506505	-157.458316381	165.249676021	 0.278789965	         0.004185729	         0.000466794	         0.004652523
 19917	    -1084000	 0.018391885	27.596957804	-145.753948453	164.733664128	 0.265531217	         0.003645526	         0.000338571	         0.003984097
 19918	    -1083000	 0.018691265	27.244541734	-134.564791791	164.220062173	 0.252837396	         0.003144265	         0.000230758	         0.003375024
 19919	    -1082000	 0.019151572	26.891437222	-123.291327526	163.706451148	 0.240727371	         0.002702882	         0.000148491	         0.002851373
 19920	    -1081000	 0.019928198	26.536670116	-112.255101865	163.194230568	 0.229144412	         0.002302261	         0.000084644	         0.002386905
 19921	    -1080000	 0.020740146	26.182354198	-101.064711193	162.675968813	 0.218132464	         0.001942521	         0.000039880	         0.001982401
 19922	    -1079000	 0.021780330	25.829567676	-90.557434511	162.162954114	 0.207693864	         0.001625829	         0.000011275	         0.001637103
 19923	    -1078000	 0.023043000	25.477659488	-80.532848904	161.637086878	 0.197778941	         0.001337115	         0.000000000	         0.001337115
 19924	    -1077000	 0.024526580	25.127898835	-70.662650657	161.121248870	 0.188393567	         0.001089906	         0.000000000	         0.001089906
 19925	    -1076000	 0.026042966	24.780990540	-61.536153539	160.615614997	 0.179524729	         0.000883584	         0.000000000	         0.000883584
 19926	    -1075000	 0.027746935	24.437538791	-52.914223421	160.090700979	 0.171155615	         0.000699967	         0.000000000	         0.000699967
 19927	    -1074000	 0.029590679	24.098061290	-44.505443300	159.441695819	 0.163266821	         0.000529240	         0.000000000	         0.000529240
 19928	    -1073000	 0.031293073	23.762475785	-36.407400513	158.994420425	 0.155825909	         0.000415816	         0.000000000	         0.000415816
 19929	    -1072000	 0.033065328	23.432512674	-28.948613252	158.561771829	 0.148840393	         0.000322646	         0.000000000	         0.000322646
 19930	    -1071000	 0.035031548	23.108114249	-21.487551339	158.130371994	 0.142278038	         0.000245749	         0.000000000	         0.000245749
 19931	    -1070000	 0.036921938	22.789507453	-14.084413796	157.721470453	 0.136114551	         0.000184547	         0.000000000	         0.000184547
 19932	    -1069000	 0.038691140	22.478332441	-7.052832429	157.324529543	 0.130352652	         0.000135489	         0.000000000	         0.000135489
 19933	    -1068000	 0.040580225	22.174212621	-0.144479003	156.921357847	 0.124957144	         0.000097184	         0.000000000	         0.000097184
 19934	    -1067000	 0.042517178	21.878486643	 6.625194230	156.553754176	 0.119924805	         0.000067929	         0.000000000	         0.000067929
 19935	    -1066000	 0.044407776	21.592133785	13.313741211	156.209675247	 0.115245182	         0.000046539	         0.000000000	         0.000046539
 19936	    -1065000	 0.046284965	21.314915256	19.887542713	155.857424664	 0.110888867	         0.000030012	         0.000000000	         0.000030012
 19937	    -1064000	 0.048228020	21.048480521	26.220184200	155.525683659	 0.106857276	         0.000017797	         0.000000000	         0.000017797
 19938	    -1063000	 0.050119264	20.793651317	32.573775988	155.241219927	 0.103138507	         0.000009831	         0.000000000	         0.000009831
 19939	    -1062000	 0.051893021	20.550883884	38.730545797	154.944725972	 0.099716199	         0.000004136	         0.000000000	         0.000004136
 19940	    -1061000	 0.053744640	20.321068370	44.705748126	154.662646972	 0.096581169	         0.000000745	         0.000000000	         0.000000745
 19941	    -1060000	 0.055611888	20.104537361	50.813859062	154.431632440	 0.093717597	         0.000000000	         0.000000000	         0.000000000
 19942	    -1059000	 0.057241404	19.903045517	56.760768982	154.205337980	 0.091129230	         0.000000000	         0.000000000	         0.000000000
 19943	    -1058000	 0.058898993	19.716582904	62.578445622	154.005515710	 0.088797660	         0.000000000	         0.000000000	         0.000000000
 19944	    -1057000	 0.060697621	19.545060580	68.318724161	153.827264089	 0.086705620	         0.000000000	         0.000000000	         0.000000000
 19945	    -1056000	 0.062281551	19.390592888	74.158010837	153.685072302	 0.084863806	         0.000000000	         0.000000000	         0.000000000
 19946	    -1055000	 0.063868780	19.252741878	79.771641956	153.554159165	 0.083253186	         0.000000000	         0.000000000	         0.000000000
 19947	    -1054000	 0.065382815	19.131935061	85.315553798	153.446388049	 0.081866859	         0.000000000	         0.000000000	         0.000000000
 19948	    -1053000	 0.066990410	19.029024896	90.906158777	153.367668952	 0.080704129	         0.000000000	         0.000000000	         0.000000000
 19949	    -1052000	 0.068324512	18.943797745	96.283353430	153.293696436	 0.079753702	         0.000000000	         0.000000000	         0.000000000
 19950	    -1051000	 0.069700955	18.877574879	101.691109624	153.263205850	 0.079022940	         0.000000000	         0.000000000	         0.000000000
 19951	    -1050000	 0.070954424	18.830010812	106.979496448	153.245914339	 0.078502210	         0.000000000	         0.000000000	         0.000000000
 19952	    -1049000	 0.072027509	18.801166831	112.310400803	153.246197528	 0.078188101	         0.000000000	         0.000000000	         0.000000000
 19953	    -1048000	 0.072965085	18.792645727	117.559845470	153.269173651	 0.078095547	         0.000000000	         0.000000000	         0.000000000
 19954	    -1047000	 0.073821382	18.803812445	122.798636847	153.301951880	 0.078216859	         0.000000000	         0.000000000	         0.000000000
 19955	    -1046000	 0.074688072	18.835197715	128.155844116	153.345576822	 0.078558829	         0.000000000	         0.000000000	         0.000000000
 19956	    -1045000	 0.075160932	18.887549243	133.483737837	153.434865633	 0.079132576	         0.000000000	         0.000000000	         0.000000000
 19957	    -1044000	 0.075742261	18.960306525	138.798250505	153.546418251	 0.079936925	         0.000000000	         0.000000000	         0.000000000
 19958	    -1043000	 0.076331745	19.054761876	144.172469837	153.664686544	 0.080993360	         0.000000000	         0.000000000	         0.000000000
 19959	    -1042000	 0.076644815	19.170321447	149.654966494	153.792703834	 0.082304844	         0.000000000	         0.000000000	         0.000000000
 19960	    -1041000	 0.077003612	19.306845032	155.022465151	153.944391486	 0.083881638	         0.000000000	         0.000000000	         0.000000000
 19961	    -1040000	 0.077351177	19.465258862	160.460941314	154.148289864	 0.085749157	         0.000000000	         0.000000000	         0.000000000
 19962	    -1039000	 0.077584649	19.644125467	165.958043580	154.333317686	 0.087907816	         0.000000000	         0.000000000	         0.000000000
 19963	    -1038000	 0.077679374	19.843895826	171.384058938	154.559124848	 0.090383054	         0.000000487	         0.000000000	         0.000000487
 19964	    -1037000	 0.077750460	20.064037916	176.784294664	154.812281685	 0.093191503	         0.000003391	         0.000000000	         0.000003391
 19965	    -1036000	 0.077776303	20.303001089	-177.735252974	155.059659742	 0.096338924	         0.000008266	         0.000000000	         0.000008266
 19966	    -1035000	 0.077554567	20.561578897	-172.257881505	155.339138414	 0.099864548	         0.000016148	         0.000000000	         0.000016148
 19967	    -1034000	 0.077286726	20.837681638	-166.768642396	155.635654213	 0.103771672	         0.000028040	         0.000000000	         0.000028040
 19968	    -1033000	 0.076943604	21.130063985	-161.295224590	155.954820141	 0.108075945	         0.000044712	         0.000000000	         0.000044712
 19969	    -1032000	 0.076461803	21.439326592	-155.692777493	156.288551479	 0.112823164	         0.000068567	         0.000000000	         0.000068567
 19970	    -1031000	 0.075843359	21.762485018	-150.113130639	156.641691300	 0.118006617	         0.000102006	         0.000000000	         0.000102006
 19971	    -1030000	 0.075172427	22.099313527	-144.530713624	156.993831569	 0.123662967	         0.000144595	         0.000000000	         0.000144595
 19972	    -1029000	 0.074523094	22.449337263	-138.784047787	157.372640495	 0.129828345	         0.000206662	         0.000000000	         0.000206662
 19973	    -1028000	 0.073531050	22.809688821	-133.058810887	157.768223196	 0.136496917	         0.000287346	         0.000000000	         0.000287346
 19974	    -1027000	 0.072543176	23.181051797	-127.336135750	158.324984298	 0.143727835	         0.000414434	         0.000000000	         0.000414434
 19975	    -1026000	 0.071710071	23.561828034	-121.516171570	158.824379964	 0.151539964	         0.000572788	         0.000000000	         0.000572788
 19976	    -1025000	 0.070502496	23.950329950	-115.565548788	159.304082507	 0.159948381	         0.000768374	         0.000000000	         0.000768374
 19977	    -1024000	 0.069345824	24.347117108	-109.658832061	159.788533122	 0.169017888	         0.001015863	         0.000000000	         0.001015863
 19978	    -1023000	 0.068093555	24.749939895	-103.690394682	160.267914329	 0.178751563	         0.001318878	         0.000000000	         0.001318878
 19979	    -1022000	 0.066878423	25.158540009	-97.589189319	160.760232960	 0.189197670	         0.001692676	         0.000000000	         0.001692676
 19980	    -1021000	 0.065473338	25.572617727	-91.494054286	161.258381774	 0.200406768	         0.002131962	         0.000017040	         0.002149002
 19981	    -1020000	 0.064155667	25.989601586	-85.236552142	161.773730993	 0.212365724	         0.002665904	         0.000067491	         0.002733395
 19982	    -1019000	 0.062842046	26.410352092	-79.018520499	162.295642691	 0.225156163	         0.003283363	         0.000153101	         0.003436464
 19983	    -1018000	 0.061407072	26.833573037	-72.630750737	162.835369914	 0.238798937	         0.003980340	         0.000275290	         0.004255630
 19984	    -1017000	 0.060051019	27.257186900	-66.373095881	163.374346438	 0.253282194	         0.004766903	         0.000441526	         0.005208430
 19985	    -1016000	 0.058713393	27.681408723	-60.053414589	163.941510835	 0.268666569	         0.005700185	         0.000671459	         0.006371644
 19986	    -1015000	 0.057368414	28.104231434	-53.602185800	164.518425205	 0.284917934	         0.006722682	         0.000955091	         0.007677773
 19987	    -1014000	 0.055798433	28.525361975	-47.255145888	165.101043112	 0.301782613	         0.007844736	         0.001296669	         0.009141405
 19988	    -1013000	 0.054314359	28.942977401	-40.980222980	165.696804326	 0.319057113	         0.009087509	         0.001707078	         0.010794588
 19989	    -1012000	 0.052866287	29.354943107	-34.580241700	166.292687740	 0.336618699	         0.010420123	         0.002183195	         0.012603319
 19990	    -1011000	 0.051172226	29.762296488	-28.022090549	166.903562616	 0.354473419	         0.011888442	         0.002759741	         0.014648183
 19991	    -1010000	 0.049429926	30.161824317	-21.628117842	167.529605953	 0.372437413	         0.013496559	         0.003439186	         0.016935745
 19992	    -1009000	 0.047754353	30.551759360	-15.009886138	168.147784580	 0.390379830	         0.015208133	         0.004221236	         0.019429369
 19993	    -1008000	 0.045925821	30.933265628	-8.235472517	168.766290412	 0.408302964	         0.017073725	         0.005159136	         0.022232861
 19994	    -1007000	 0.044159927	31.303137224	-1.415886645	169.389828744	 0.426003972	         0.019086870	         0.006252457	         0.025339327
 19995	    -1006000	 0.042439742	31.660855544	 5.634446937	170.002670544	 0.443403837	         0.021289236	         0.007580951	         0.028870187
 19996	    -1005000	 0.040764812	32.006258115	12.898077783	170.609186096	 0.460443544	         0.023660717	         0.009182171	         0.032842888
 19997	    -1004000	 0.039034350	32.336695893	20.211899187	171.213181647	 0.476943028	         0.026375649	         0.011374987	         0.037750636
 19998	    -1003000	 0.037437962	32.653441951	27.665532885	171.779028332	 0.492920360	         0.029316442	         0.013783682	         0.043100124
 19999	    -1002000	 0.036046373	32.954668115	35.223141987	172.342631846	 0.508242941	         0.032778050	         0.016602821	         0.049380871
 20000	    -1001000	 0.034596798	33.239034999	43.119757284	172.886052509	 0.522805978	         0.036782778	         0.019891489	         0.056674267
 20001	    -1000000	 0.033113189	33.508029470	50.990205679	173.396219333	 0.536654793	         0.041636342	         0.023960532	         0.065596874
 20002	     -999000	 0.031830248	33.758969117	58.773191452	173.917691285	 0.549625598	         0.048173904	         0.029604035	         0.077777939
 20003	     -998000	 0.030641331	33.992050580	66.965489767	174.412295734	 0.561707439	         0.056425454	         0.036974345	         0.093399799
 20004	     -997000	 0.029352335	34.207582361	75.273966588	174.794660140	 0.572900275	         0.062684487	         0.042503473	         0.105187960
 20005	     -996000	 0.028142767	34.403061952	83.731556370	175.114321314	 0.583062272	         0.068184709	         0.047351970	         0.115536679
 20006	     -995000	 0.027146692	34.579881155	92.377483211	175.370798396	 0.592257702	         0.073461005	         0.052046975	         0.125507981
 20007	     -994000	 0.026030161	34.736704765	101.554957967	175.565373341	 0.600412325	         0.078555500	         0.056618393	         0.135173893
 20008	     -993000	 0.025142212	34.871719292	110.518223655	175.710375419	 0.607429679	         0.083382162	         0.060999108	         0.144381269
 20009	     -992000	 0.024360048	34.986914686	119.995554948	175.814963811	 0.613412961	         0.088471854	         0.065682402	         0.154154256
 20010	     -991000	 0.023731321	35.079783069	129.847873246	175.879058436	 0.618232981	         0.093253995	         0.070132822	         0.163386817
 20011	     -990000	 0.023070128	35.149940811	139.707960899	175.889908028	 0.621871711	         0.097955031	         0.074585610	         0.172540641
 20012	     -989000	 0.022718715	35.198495025	149.783128019	175.859447294	 0.624388507	         0.102477731	         0.078945037	         0.181422768
 20013	     -988000	 0.022502277	35.223125613	160.028825146	175.792004087	 0.625664731	         0.106350302	         0.082744347	         0.189094649
 20014	     -987000	 0.022470333	35.225001608	170.644516826	175.685704598	 0.625761921	         0.110114408	         0.086496332	         0.196610740
 20015	     -986000	 0.022494728	35.203268687	-178.901698155	175.551265340	 0.624635879	         0.113326106	         0.089764980	         0.203091086
 20016	     -985000	 0.022816660	35.157057552	-168.650335150	175.379867600	 0.622240684	         0.115713788	         0.092276266	         0.207990054
 20017	     -984000	 0.023434466	35.088276510	-158.359332721	175.176154608	 0.618673618	         0.117449637	         0.094180270	         0.211629907
 20018	     -983000	 0.024040135	34.994811502	-148.113184540	174.951076973	 0.613822954	         0.118329697	         0.095232084	         0.213561781
 20019	     -982000	 0.024917731	34.877390367	-138.509832820	174.694198215	 0.607724334	         0.117602893	         0.094699651	         0.212302545
 20020	     -981000	 0.026008865	34.737600739	-129.190448282	174.420244426	 0.600458906	         0.116122791	         0.093408888	         0.209531679
 20021	     -980000	 0.027146804	34.573760523	-120.007732154	174.104536271	 0.591939396	         0.112962615	         0.090419109	         0.203381724
 20022	     -979000	 0.028328279	34.387731744	-111.469063259	173.752825768	 0.582265114	         0.107789686	         0.085370616	         0.193160302
 20023	     -978000	 0.029710132	34.179603676	-103.217484551	173.380338497	 0.571446468	         0.101493817	         0.079177096	         0.180670913
 20024	     -977000	 0.031015795	33.949156481	-94.927647650	172.948832281	 0.559481997	         0.092076361	         0.069844934	         0.161921295
 20025	     -976000	 0.032292555	33.699143314	-86.956475176	172.433130243	 0.546529391	         0.077212174	         0.054921381	         0.132133555
 20026	     -975000	 0.033650232	33.427919061	-79.296716607	171.945104813	 0.532523837	         0.066106613	         0.044290181	         0.110396793
 20027	     -974000	 0.035102911	33.136636121	-71.541888193	171.471103607	 0.517551962	         0.056978632	         0.035901683	         0.092880314
 20028	     -973000	 0.036471702	32.827846979	-63.784013883	171.001180854	 0.501777842	         0.048759504	         0.028619436	         0.077378939
 20029	     -972000	 0.037922224	32.499788134	-56.156426665	170.536266695	 0.485151274	         0.041515400	         0.022464284	         0.063979685
 20030	     -971000	 0.039439945	32.154269072	-48.741916694	170.071253760	 0.467811412	         0.035125890	         0.017234099	         0.052359989
 20031	     -970000	 0.041139293	31.791815595	-41.230643031	169.588907517	 0.449838104	         0.029288202	         0.012568893	         0.041857095
 20032	     -969000	 0.042819472	31.412381297	-33.810177579	169.117606860	 0.431289593	         0.024183877	         0.008888848	         0.033072725
 20033	     -968000	 0.044555441	31.018216311	-26.656014352	168.646045540	 0.412341086	         0.019760369	         0.006377147	         0.026137516
 20034	     -967000	 0.046535165	30.607661868	-19.626329854	168.160089716	 0.392983909	         0.015929945	         0.004524439	         0.020454384
 20035	     -966000	 0.048346783	30.182283652	-12.625264189	167.698062320	 0.373368967	         0.012765591	         0.003197929	         0.015963520
 20036	     -965000	 0.050251856	29.744740526	-5.896923955	167.213313904	 0.353694161	         0.010064787	         0.002197879	         0.012262666
 20037	     -964000	 0.052223204	29.292869576	 0.694753500	166.717477983	 0.333940211	         0.007819161	         0.001464755	         0.009283916
 20038	     -963000	 0.054093511	28.829014015	 7.393055344	166.220726748	 0.314289573	         0.005999072	         0.000942607	         0.006941679
 20039	     -962000	 0.055820224	28.355314835	13.788426509	165.706581344	 0.294904901	         0.004542489	         0.000574333	         0.005116822
 20040	     -961000	 0.057638561	27.871281774	20.186080542	165.183092235	 0.275851712	         0.003408285	         0.000329317	         0.003737602
 20041	     -960000	 0.059456016	27.380002641	26.518329089	164.648633489	 0.257643191	         0.002515037	         0.000167264	         0.002682301
 20042	     -959000	 0.061000131	26.881827850	32.937760384	164.090844012	 0.240406046	         0.001830237	         0.000070491	         0.001900729
 20043	     -958000	 0.062642077	26.378412626	39.202509528	163.511374215	 0.224158779	         0.001311649	         0.000019028	         0.001330677
 20044	     -957000	 0.064186221	25.872932469	45.412277783	162.815929873	 0.208949562	         0.000912853	         0.000000000	         0.000912853
 20045	     -956000	 0.065756990	25.364877684	51.716220065	162.267577664	 0.194702602	         0.000641576	         0.000000000	         0.000641576
 20046	     -955000	 0.067204544	24.857259004	57.934484173	161.728099135	 0.181438051	         0.000445991	         0.000000000	         0.000445991
 20047	     -954000	 0.068624772	24.351926903	64.090945953	161.162587836	 0.169130925	         0.000304228	         0.000000000	         0.000304228
 20048	     -953000	 0.070112780	23.849074093	70.240327181	160.583750128	 0.157712945	         0.000202794	         0.000000000	         0.000202794
 20049	     -952000	 0.071395940	23.352318313	76.405305109	159.996640363	 0.147190479	         0.000131269	         0.000000000	         0.000131269
 20050	     -951000	 0.072726865	22.861291065	82.391468240	159.385216147	 0.137479489	         0.000082292	         0.000000000	         0.000082292
 20051	     -950000	 0.074154113	22.377268993	88.406149588	158.791516974	 0.128534284	         0.000049070	         0.000000000	         0.000049070
 20052	     -949000	 0.075450080	21.903908594	94.459170102	158.162944576	 0.120349327	         0.000026062	         0.000000000	         0.000026062
 20053	     -948000	 0.076673062	21.439859334	100.278167986	157.533119218	 0.112831519	         0.000012165	         0.000000000	         0.000012165
 20054	     -947000	 0.078016652	20.987493026	106.017092652	156.916945187	 0.105955247	         0.000004011	         0.000000000	         0.000004011
 20055	     -946000	 0.079296378	20.549165089	111.770678790	156.281898683	 0.099692378	         0.000000123	         0.000000000	         0.000000123
 20056	     -945000	 0.080446002	20.124593099	117.351888241	155.637774548	 0.093979222	         0.000000000	         0.000000000	         0.000000000
 20057	     -944000	 0.081583308	19.717113412	122.817557256	155.003073784	 0.088804209	         0.000000000	         0.000000000	         0.000000000
 20058	     -943000	 0.082722722	19.327372948	128.149262219	154.360062777	 0.084121326	         0.000000000	         0.000000000	         0.000000000
 20059	     -942000	 0.083583176	18.956724107	133.445575284	153.756095660	 0.079897130	         0.000000000	         0.000000000	         0.000000000
 20060	     -941000	 0.084396782	18.608894072	138.614144031	153.131058539	 0.076126129	         0.000000000	         0.000000000	         0.000000000
 20061	     -940000	 0.085048030	18.283770110	143.650405714	152.533951466	 0.072762399	         0.000000000	         0.000000000	         0.000000000
 20062	     -939000	 0.085590427	17.983846914	148.734681071	151.951370851	 0.069791345	         0.000000000	         0.000000000	         0.000000000
 20063	     -938000	 0.085868024	17.711836282	153.754300616	151.408286585	 0.067201833	         0.000000000	         0.000000000	         0.000000000
 20064	     -937000	 0.086065204	17.468040108	158.746764119	150.857105112	 0.064962674	         0.000000000	         0.000000000	         0.000000000
 20065	     -936000	 0.086293526	17.255431245	163.723481454	150.363489968	 0.063070946	         0.000000000	         0.000000000	         0.000000000
 20066	     -935000	 0.086178031	17.074502001	168.816494142	149.869432674	 0.061504544	         0.000000000	         0.000000000	         0.000000000
 20067	     -934000	 0.086156382	16.926245552	173.824882850	149.461860192	 0.060250051	         0.000000000	         0.000000000	         0.000000000
 20068	     -933000	 0.086124395	16.812884457	178.810935724	149.077137940	 0.059308119	         0.000000000	         0.000000000	         0.000000000
 20069	     -932000	 0.085994994	16.733267387	-176.001922747	148.738994231	 0.058655388	         0.000000000	         0.000000000	         0.000000000
 20070	     -931000	 0.085778614	16.688642609	-171.033439332	148.518765533	 0.058292684	         0.000000000	         0.000000000	         0.000000000
 20071	     -930000	 0.085612203	16.679065973	-165.954250386	148.385526534	 0.058215139	         0.000000000	         0.000000000	         0.000000000
 20072	     -929000	 0.085450456	16.702584209	-160.913773130	148.365911841	 0.058405758	         0.000000000	         0.000000000	         0.000000000
 20073	     -928000	 0.085036056	16.760332235	-155.827235090	148.434937846	 0.058876466	         0.000000000	         0.000000000	         0.000000000
 20074	     -927000	 0.084639390	16.849851352	-150.778619779	148.610354645	 0.059613653	         0.000000000	         0.000000000	         0.000000000
 20075	     -926000	 0.084140277	16.969152574	-145.727400637	148.826387140	 0.060610460	         0.000000000	         0.000000000	         0.000000000
 20076	     -925000	 0.083560353	17.118736795	-140.553012983	149.086012171	 0.061883878	         0.000000000	         0.000000000	         0.000000000
 20077	     -924000	 0.082742662	17.294955286	-135.391743276	149.394390545	 0.063418401	         0.000000000	         0.000000000	         0.000000000
 20078	     -923000	 0.081869484	17.496360328	-130.155935876	149.706101814	 0.065218904	         0.000000000	         0.000000000	         0.000000000
 20079	     -922000	 0.080952276	17.721991882	-124.790336016	150.081851550	 0.067296764	         0.000000000	         0.000000000	         0.000000000
 20080	     -921000	 0.079765300	17.968695025	-119.329961235	150.478605281	 0.069644511	         0.000000000	         0.000000000	         0.000000000
 20081	     -920000	 0.078601405	18.235935597	-113.806868066	150.842424076	 0.072280207	         0.000000000	         0.000000000	         0.000000000
 20082	     -919000	 0.077446546	18.521486211	-108.151529882	151.256979864	 0.075206816	         0.000000000	         0.000000000	         0.000000000
 20083	     -918000	 0.076033815	18.823271874	-102.248327970	151.707005480	 0.078428711	         0.000000000	         0.000000000	         0.000000000
 20084	     -917000	 0.074565962	19.141369408	-96.393285305	152.146223550	 0.081974287	         0.000000000	         0.000000000	         0.000000000
 20085	     -916000	 0.073204971	19.473288093	-90.419143473	152.616788774	 0.085844912	         0.000001724	         0.000000000	         0.000001724
 20086	     -915000	 0.071724489	19.818048891	-84.163853018	153.087930796	 0.090058916	         0.000006551	         0.000000000	         0.000006551
 20087	     -914000	 0.070115672	20.175253621	-77.828094922	153.588952242	 0.094643342	         0.000014877	         0.000000000	         0.000014877
 20088	     -913000	 0.068555287	20.542951433	-71.396541872	154.108546628	 0.099606311	         0.000027544	         0.000000000	         0.000027544
 20089	     -912000	 0.067015663	20.921131282	-64.847705143	154.642307396	 0.104982380	         0.000045095	         0.000000000	         0.000045095
 20090	     -911000	 0.065418764	21.308311553	-58.100941194	155.194402089	 0.110787127	         0.000069483	         0.000000000	         0.000069483
 20091	     -910000	 0.063917741	21.702912242	-51.233709907	155.762983334	 0.117033484	         0.000101851	         0.000000000	         0.000101851
 20092	     -909000	 0.062378336	22.104996231	-44.341066243	156.337768391	 0.123760687	         0.000142185	         0.000000000	         0.000142185
 20093	     -908000	 0.060933588	22.512957332	-37.173874974	156.947706866	 0.130981534	         0.000195479	         0.000000000	         0.000195479
 20094	     -907000	 0.059373254	22.925709590	-30.100346274	157.571497752	 0.138716033	         0.000259630	         0.000000000	         0.000259630
 20095	     -906000	 0.057899035	23.341827932	-22.948965096	158.192991642	 0.146976008	         0.000333963	         0.000000000	         0.000333963
 20096	     -905000	 0.056573842	23.760331770	-15.659408212	158.858139996	 0.155779477	         0.000428385	         0.000000000	         0.000428385
 20097	     -904000	 0.054949396	24.181310229	-8.150340436	159.520371743	 0.165167052	         0.000532177	         0.000000000	         0.000532177
 20098	     -903000	 0.053435576	24.601751209	-0.712712441	160.190672533	 0.175107259	         0.000654136	         0.000000000	         0.000654136
 20099	     -902000	 0.051918910	25.021066991	 6.802371982	160.889085010	 0.185616662	         0.000800204	         0.000000000	         0.000800204
 20100	     -901000	 0.050479736	25.440246706	14.717181575	161.704918588	 0.196753086	         0.000980793	         0.000000000	         0.000980793
 20101	     -900000	 0.048854702	25.856479793	22.679574868	162.440499645	 0.208472257	         0.001180686	         0.000002144	         0.001182830
 20102	     -899000	 0.047446694	26.269121850	30.885036342	163.147011823	 0.220779224	         0.001399134	         0.000018043	         0.001417177
 20103	     -898000	 0.046089326	26.678775448	39.276535204	163.842902171	 0.233715617	         0.001653258	         0.000048125	         0.001701383
 20104	     -897000	 0.044771618	27.084402716	47.975499837	164.519617615	 0.247271582	         0.001953126	         0.000094685	         0.002047810
 20105	     -896000	 0.043734104	27.485661612	56.707094128	165.181811903	 0.261455015	         0.002301879	         0.000157219	         0.002459098
 20106	     -895000	 0.042814232	27.881665083	65.683494794	165.820495259	 0.276250131	         0.002721320	         0.000242890	         0.002964210
 20107	     -894000	 0.042043502	28.272599925	74.803966634	166.435958801	 0.291592593	         0.003228758	         0.000357974	         0.003586732
 20108	     -893000	 0.041382248	28.658880511	83.897095874	167.009806171	 0.307246676	         0.003821826	         0.000501656	         0.004323482
 20109	     -892000	 0.040874535	29.038692425	92.865971462	167.568217125	 0.323091859	         0.004575377	         0.000699680	         0.005275058
 20110	     -891000	 0.040637148	29.412464870	101.951895732	168.089865122	 0.339110877	         0.005482760	         0.000955711	         0.006438471
 20111	     -890000	 0.040350113	29.780337702	111.258325664	168.578767225	 0.355275117	         0.006603674	         0.001294006	         0.007897680
 20112	     -889000	 0.040120871	30.140636319	120.161938063	169.020779223	 0.371473856	         0.007946033	         0.001729798	         0.009675831
 20113	     -888000	 0.040105627	30.493773449	129.094368437	169.441478400	 0.387686973	         0.009597588	         0.002311810	         0.011909399
 20114	     -887000	 0.040195648	30.838914406	138.169211381	169.839065034	 0.403837746	         0.011615076	         0.003082908	         0.014697984
 20115	     -886000	 0.040253226	31.174990251	147.064755229	170.190344811	 0.419836577	         0.014127413	         0.004152466	         0.018279878
 20116	     -885000	 0.040494873	31.502184710	155.849737201	170.529976095	 0.435653388	         0.017149738	         0.005583558	         0.022733295
 20117	     -884000	 0.040854298	31.818980924	164.690046660	170.840886423	 0.451176887	         0.020779025	         0.007534570	         0.028313595
 20118	     -883000	 0.041201116	32.124446762	173.373675607	171.139187109	 0.466323851	         0.025224301	         0.010456348	         0.035680649
 20119	     -882000	 0.041682863	32.418281854	-178.096777828	171.394354547	 0.481044091	         0.030395101	         0.014323506	         0.044718606
 20120	     -881000	 0.042346560	32.699497336	-169.683107533	171.648375541	 0.495255449	         0.036530988	         0.019074565	         0.055605553
 20121	     -880000	 0.042970896	32.967455036	-161.174710861	171.891096353	 0.508895865	         0.044003412	         0.025141075	         0.069144487
 20122	     -879000	 0.043680845	33.220846284	-152.982120374	172.116546780	 0.521871957	         0.052656383	         0.032501238	         0.085157620
 20123	     -878000	 0.044443277	33.459528908	-144.879552229	172.339407080	 0.534153197	         0.062771769	         0.041525474	         0.104297243
 20124	     -877000	 0.045424106	33.683472862	-136.854006696	172.563361736	 0.545718763	         0.075343607	         0.053318080	         0.128661687
 20125	     -876000	 0.046361538	33.890701838	-128.853149602	172.820446736	 0.556450603	         0.092604897	         0.070511631	         0.163116528
 20126	     -875000	 0.047354836	34.081816832	-121.085992109	172.997831107	 0.566367165	         0.106955020	         0.085010200	         0.191965220
 20127	     -874000	 0.048512587	34.256847815	-113.597396689	173.147368313	 0.575460646	         0.119760705	         0.098103468	         0.217864173
 20128	     -873000	 0.049756075	34.414309136	-105.908160684	173.271303514	 0.583647131	         0.132176901	         0.110990740	         0.243167641
 20129	     -872000	 0.050920819	34.555002303	-98.674037235	173.371689521	 0.590963860	         0.142670093	         0.122027305	         0.264697397
 20130	     -871000	 0.052139267	34.678117277	-91.545438785	173.463229413	 0.597366171	         0.151665062	         0.131550458	         0.283215520
 20131	     -870000	 0.053493359	34.783494519	-84.433397711	173.555412345	 0.602844667	         0.159489090	         0.139841825	         0.299330914
 20132	     -869000	 0.054603419	34.871539435	-77.519373467	173.619757326	 0.607420334	         0.164117151	         0.144724596	         0.308841747
 20133	     -868000	 0.055846477	34.940533149	-70.756192876	173.676883797	 0.611004421	         0.166806587	         0.147499472	         0.314306059
 20134	     -867000	 0.056964391	34.991310595	-63.969473187	173.754346810	 0.613641194	         0.168097995	         0.148718053	         0.316816048
 20135	     -866000	 0.058040665	35.023687877	-57.171049345	173.808452885	 0.615321976	         0.166935389	         0.147306437	         0.314241826
 20136	     -865000	 0.058997685	35.035693915	-50.510165774	173.869791202	 0.615945131	         0.163692640	         0.143647925	         0.307340565
 20137	     -864000	 0.060017341	35.028352066	-43.806477750	173.918420189	 0.615564071	         0.158677388	         0.138105454	         0.296782843
 20138	     -863000	 0.061077894	35.000660680	-37.007018656	173.970151527	 0.614126622	         0.152345111	         0.131138732	         0.283483843
 20139	     -862000	 0.062003757	34.951556950	-30.200074002	174.009440213	 0.611576944	         0.143374637	         0.121473685	         0.264848322
 20140	     -861000	 0.063006788	34.881705181	-23.468865007	174.047055084	 0.607948515	         0.134051292	         0.111575788	         0.245627080
 20141	     -860000	 0.064144399	34.789135109	-16.754947926	174.066760108	 0.603137861	         0.123503049	         0.100586861	         0.224089910
 20142	     -859000	 0.065286715	34.674268134	-9.904510174	174.077286200	 0.597166025	         0.112035433	         0.088893830	         0.200929263
 20143	     -858000	 0.066409648	34.537228471	-3.224038543	174.077548363	 0.590039510	         0.100686493	         0.077609638	         0.178296131
 20144	     -857000	 0.067633329	34.376164349	 3.370000615	174.038861715	 0.581663637	         0.088824819	         0.066120948	         0.154945767
 20145	     -856000	 0.068914689	34.192282208	10.057923935	173.971689527	 0.572105234	         0.076728838	         0.054763155	         0.131491993
 20146	     -855000	 0.070055812	33.985427825	16.601583136	173.865423754	 0.561363783	         0.064718954	         0.043832337	         0.108551291
 20147	     -854000	 0.071292379	33.755256924	23.010554387	173.636802845	 0.549433414	         0.051012161	         0.031674462	         0.082686623
 20148	     -853000	 0.072520029	33.502752143	29.545843025	173.420305845	 0.536382504	         0.040508385	         0.022945309	         0.063453693
 20149	     -852000	 0.073535232	33.227472745	35.962201804	173.188672902	 0.522212199	         0.032675989	         0.016859845	         0.049535834
 20150	     -851000	 0.074620493	32.931175571	42.333125258	172.939165416	 0.507043869	         0.026286850	         0.012155174	         0.038442024
 20151	     -850000	 0.075622888	32.614549165	48.662079576	172.664371713	 0.490950694	         0.021198495	         0.008566117	         0.029764612
 20152	     -849000	 0.076550494	32.276818886	55.122148617	172.370649536	 0.473939850	         0.017125074	         0.006079426	         0.023204501
 20153	     -848000	 0.077359826	31.920993766	61.458111900	172.023242088	 0.456216649	         0.013802453	         0.004389727	         0.018192180
 20154	     -847000	 0.078011195	31.547064083	67.797455821	171.647467321	 0.437840424	         0.011147019	         0.003194640	         0.014341659
 20155	     -846000	 0.078823464	31.154963819	74.204884077	171.232519286	 0.418876020	         0.009003078	         0.002331224	         0.011334302
 20156	     -845000	 0.079332471	30.747446276	80.654526223	170.774414716	 0.399529178	         0.007294825	         0.001700268	         0.008995093
 20157	     -844000	 0.079835499	30.323397321	87.093383403	170.284224086	 0.379824235	         0.005937074	         0.001239693	         0.007176767
 20158	     -843000	 0.080323382	29.884151736	93.528632400	169.737760231	 0.359905955	         0.004829503	         0.000892973	         0.005722476
 20159	     -842000	 0.080722417	29.431143757	100.140193731	169.151443351	 0.339922235	         0.003946405	         0.000636460	         0.004582865
 20160	     -841000	 0.081061535	28.962865922	106.637521717	168.499090719	 0.319893197	         0.003212659	         0.000438132	         0.003650791
 20161	     -840000	 0.081441620	28.481360556	113.209203885	167.824950753	 0.299994173	         0.002642040	         0.000296681	         0.002938721
 20162	     -839000	 0.081933239	27.986812625	119.885428741	167.108049107	 0.280317316	         0.002166882	         0.000188746	         0.002355628
 20163	     -838000	 0.082181070	27.478613602	126.504590765	166.335934648	 0.261199000	         0.001775246	         0.000109788	         0.001885034
 20164	     -837000	 0.082700644	26.958991401	133.049167520	165.537793125	 0.242998455	         0.001449184	         0.000055006	         0.001504190
 20165	     -836000	 0.083192175	26.427174740	139.607381357	164.699405801	 0.225683273	         0.001172246	         0.000018832	         0.001191078
 20166	     -835000	 0.083626833	25.884472805	146.157044494	163.825765665	 0.209285008	         0.000937871	         0.000000771	         0.000938643
 20167	     -834000	 0.084064112	25.333225608	152.522128996	162.924854859	 0.193847863	         0.000736720	         0.000000000	         0.000736720
 20168	     -833000	 0.084400384	24.772880266	158.824757845	161.901679997	 0.179322460	         0.000559997	         0.000000000	         0.000559997
 20169	     -832000	 0.084707083	24.206502685	165.111402042	160.982604659	 0.165746440	         0.000422247	         0.000000000	         0.000422247
 20170	     -831000	 0.084792630	23.635829403	171.317898338	160.064959949	 0.153106777	         0.000312985	         0.000000000	         0.000312985
 20171	     -830000	 0.084708751	23.062544931	177.398875924	159.134143368	 0.141379678	         0.000222996	         0.000000000	         0.000222996
 20172	     -829000	 0.084591202	22.490182413	-176.515129761	158.211090102	 0.130567539	         0.000152744	         0.000000000	         0.000152744
 20173	     -828000	 0.084169778	21.919372656	-170.343291267	157.279987823	 0.120608297	         0.000098983	         0.000000000	         0.000098983
 20174	     -827000	 0.083634200	21.354348530	-164.297670919	156.351410392	 0.111498342	         0.000058835	         0.000000000	         0.000058835
 20175	     -826000	 0.083043102	20.798154194	-158.225598301	155.447129462	 0.103203081	         0.000031691	         0.000000000	         0.000031691
 20176	     -825000	 0.082300766	20.250804459	-152.006631104	154.540558076	 0.095642482	         0.000013842	         0.000000000	         0.000013842
 20177	     -824000	 0.081511406	19.717523999	-145.894270835	153.643280710	 0.088809277	         0.000003622	         0.000000000	         0.000003622
 20178	     -823000	 0.080746631	19.200349729	-139.790571355	152.734878687	 0.082649096	         0.000000000	         0.000000000	         0.000000000
 20179	     -822000	 0.080091199	18.700142264	-133.597135928	151.883120502	 0.077097824	         0.000000000	         0.000000000	         0.000000000
 20180	     -821000	 0.079219792	18.221936744	-127.535737336	150.992749608	 0.072139698	         0.000000000	         0.000000000	         0.000000000
 20181	     -820000	 0.078533454	17.766197982	-121.553464628	150.104563789	 0.067711552	         0.000000000	         0.000000000	         0.000000000
 20182	     -819000	 0.077916038	17.335831984	-115.720567956	149.196502517	 0.063779762	         0.000000000	         0.000000000	         0.000000000
 20183	     -818000	 0.077239277	16.935039946	-109.871771750	148.192718828	 0.060323746	         0.000000000	         0.000000000	         0.000000000
 20184	     -817000	 0.076550963	16.563869704	-104.272600395	145.891678396	 0.057290406	         0.000000000	         0.000000000	         0.000000000
 20185	     -816000	 0.075740347	16.226827549	-98.784852574	145.888152042	 0.054668316	         0.000000000	         0.000000000	         0.000000000
 20186	     -815000	 0.075039490	15.926673798	-93.418627655	145.884933972	 0.052434404	         0.000000000	         0.000000000	         0.000000000
 20187	     -814000	 0.074094649	15.664713209	-88.088192401	145.882130115	 0.050559477	         0.000000000	         0.000000000	         0.000000000
 20188	     -813000	 0.073099862	15.445388704	-82.869296121	145.879742575	 0.049041374	         0.000000000	         0.000000000	         0.000000000
 20189	     -812000	 0.072091337	15.269413704	-77.721908135	145.877744098	 0.047856348	         0.000000000	         0.000000000	         0.000000000
 20190	     -811000	 0.070879173	15.139206850	-72.384729534	145.876143966	 0.046997999	         0.000000000	         0.000000000	         0.000000000
 20191	     -810000	 0.069667766	15.057950428	-67.243437472	145.875017193	 0.046470160	         0.000000000	         0.000000000	         0.000000000
 20192	     -809000	 0.068414389	15.024106692	-61.914505266	145.874260208	 0.046252065	         0.000000000	         0.000000000	         0.000000000
 20193	     -808000	 0.067190075	15.039617865	-56.350012561	145.873865453	 0.046351894	         0.000000000	         0.000000000	         0.000000000
 20194	     -807000	 0.065719259	15.104673595	-50.697398530	145.874072551	 0.046772944	         0.000000000	         0.000000000	         0.000000000
 20195	     -806000	 0.064476988	15.217413884	-44.908905017	145.874588035	 0.047511691	         0.000000000	         0.000000000	         0.000000000
 20196	     -805000	 0.063268352	15.377647792	-38.841294124	145.875559106	 0.048581768	         0.000000000	         0.000000000	         0.000000000
 20197	     -804000	 0.062180175	15.582152274	-32.424331119	145.876983929	 0.049982575	         0.000000000	         0.000000000	         0.000000000
 20198	     -803000	 0.061103556	15.830157719	-25.959460533	145.878915986	 0.051735655	         0.000000000	         0.000000000	         0.000000000
 20199	     -802000	 0.060189411	16.118501234	-19.255251883	145.881295501	 0.053851322	         0.000000000	         0.000000000	         0.000000000
 20200	     -801000	 0.059454520	16.442634526	-12.335917656	145.884123610	 0.056333055	         0.000000000	         0.000000000	         0.000000000
 20201	     -800000	 0.058840613	16.801498673	-5.285817489	146.578877653	 0.059214331	         0.000000000	         0.000000000	         0.000000000
 20202	     -799000	 0.058315862	17.189809176	 1.869513571	148.371019159	 0.062498262	         0.000000000	         0.000000000	         0.000000000
 20203	     -798000	 0.057990360	17.604196210	 9.104319982	149.413832852	 0.066203846	         0.000000000	         0.000000000	         0.000000000
 20204	     -797000	 0.057541460	18.042772394	16.544492800	150.401055383	 0.070365328	         0.000000000	         0.000000000	         0.000000000
 20205	     -796000	 0.057152564	18.498856179	23.894938236	151.331338793	 0.074970619	         0.000000000	         0.000000000	         0.000000000
 20206	     -795000	 0.056877468	18.971162534	31.315762326	152.262705032	 0.080057640	         0.000000000	         0.000000000	         0.000000000
 20207	     -794000	 0.056625257	19.457448530	39.117193936	153.209726033	 0.085656116	         0.000000000	         0.000000000	         0.000000000
 20208	     -793000	 0.056191305	19.951605527	46.950068288	154.128825319	 0.091746418	         0.000000000	         0.000000000	         0.000000000
 20209	     -792000	 0.055892107	20.453377899	54.848946416	155.055041663	 0.098373829	         0.000001350	         0.000000000	         0.000001350
 20210	     -791000	 0.055767354	20.960433477	62.971929180	155.958829548	 0.105557469	         0.000007972	         0.000000000	         0.000007972
 20211	     -790000	 0.055644426	21.470099053	71.337331859	156.856256879	 0.113306785	         0.000020249	         0.000000000	         0.000020249
 20212	     -789000	 0.055733930	21.981220499	79.748766641	157.735284450	 0.121649618	         0.000039966	         0.000000000	         0.000039966
 20213	     -788000	 0.055928744	22.491358148	88.235657766	158.586229583	 0.130588879	         0.000069185	         0.000000000	         0.000069185
 20214	     -787000	 0.056417806	23.001340385	96.833298008	159.392628916	 0.140182002	         0.000110912	         0.000000000	         0.000110912
 20215	     -786000	 0.056962600	23.509378718	105.218327417	160.150000459	 0.150439186	         0.000168640	         0.000000000	         0.000168640
 20216	     -785000	 0.057704394	24.012849213	113.611976058	160.900769616	 0.161344418	         0.000253664	         0.000000000	         0.000253664
 20217	     -784000	 0.058634201	24.513743012	121.842206281	161.591812588	 0.172978197	         0.000368216	         0.000000000	         0.000368216
 20218	     -783000	 0.059479755	25.010308516	130.072016515	162.236377505	 0.185339293	         0.000527659	         0.000000000	         0.000527659
 20219	     -782000	 0.060353602	25.500322340	138.034569541	162.974108980	 0.198402954	         0.000761348	         0.000000000	         0.000761348
 20220	     -781000	 0.061262411	25.984734841	145.866511504	163.590898630	 0.212222111	         0.001070952	         0.000004036	         0.001074988
 20221	     -780000	 0.062321235	26.461514365	153.765788608	164.140819103	 0.226763081	         0.001474785	         0.000031620	         0.001506405
 20222	     -779000	 0.063014028	26.929865154	161.493482235	164.663210462	 0.242016652	         0.002033396	         0.000093819	         0.002127215
 20223	     -778000	 0.063848287	27.388615417	169.150051031	165.147515606	 0.257951820	         0.002773866	         0.000205857	         0.002979723
 20224	     -777000	 0.064739662	27.835969407	176.740100670	165.577532068	 0.274501034	         0.003724144	         0.000383297	         0.004107441
 20225	     -776000	 0.065449335	28.272456487	-175.566928354	165.976681704	 0.291586868	         0.004949638	         0.000651063	         0.005600701
 20226	     -775000	 0.066244151	28.695459713	-168.084939489	166.363934375	 0.308753346	         0.006541772	         0.001056503	         0.007598274
 20227	     -774000	 0.067052120	29.104356242	-160.530075640	166.711955079	 0.325875870	         0.008534040	         0.001632353	         0.010166393
 20228	     -773000	 0.067879336	29.499693898	-153.035129904	167.036940470	 0.342908553	         0.010959257	         0.002422423	         0.013381680
 20229	     -772000	 0.068642754	29.878864813	-145.650871838	167.341161563	 0.359669398	         0.013902870	         0.003518277	         0.017421148
 20230	     -771000	 0.069461531	30.242884566	-138.327017374	167.642633869	 0.376134754	         0.017515299	         0.005065182	         0.022580482
 20231	     -770000	 0.070378287	30.591791731	-130.993827064	167.910716504	 0.392243847	         0.021556259	         0.007035601	         0.028591861
 20232	     -769000	 0.071181117	30.923712860	-123.701099711	168.189760034	 0.407849922	         0.026331222	         0.009794012	         0.036125234
 20233	     -768000	 0.071999051	31.240850773	-116.556178276	168.468692256	 0.423001796	         0.031723929	         0.013733492	         0.045457421
 20234	     -767000	 0.072910293	31.542429827	-109.488982108	168.731032022	 0.437614400	         0.037602296	         0.018504376	         0.056106672
 20235	     -766000	 0.073855982	31.827734065	-102.379578026	168.994311568	 0.451608562	         0.044104206	         0.023963307	         0.068067513
 20236	     -765000	 0.074629353	32.099010349	-95.427939890	169.261743295	 0.465056257	         0.050922919	         0.029907651	         0.080830570
 20237	     -764000	 0.075472396	32.354596946	-88.609493110	169.527239575	 0.477841971	         0.058039048	         0.036298993	         0.094338041
 20238	     -763000	 0.076433590	32.595208736	-81.773022520	169.793013894	 0.489972013	         0.065087422	         0.042796586	         0.107884008
 20239	     -762000	 0.077129319	32.821981083	-75.037940056	170.067930892	 0.501479289	         0.071746649	         0.049057723	         0.120804372
 20240	     -761000	 0.077821239	33.033042517	-68.421228819	170.357507635	 0.512247849	         0.078473910	         0.055545511	         0.134019421
 20241	     -760000	 0.078617173	33.229938944	-61.866460277	170.650549101	 0.522338840	         0.084774465	         0.061712143	         0.146486608
 20242	     -759000	 0.079109357	33.412218320	-55.286030864	170.957950084	 0.531714839	         0.090361892	         0.067323572	         0.157685464
 20243	     -758000	 0.079618202	33.578557628	-48.848006386	171.279393824	 0.540295819	         0.095764025	         0.072801504	         0.168565529
 20244	     -757000	 0.079981389	33.730612457	-42.357260108	171.622310515	 0.548157758	         0.100712187	         0.077885674	         0.178597860
 20245	     -756000	 0.080377891	33.866574403	-35.856708706	171.990660907	 0.555199871	         0.106872068	         0.084431506	         0.191303574
 20246	     -755000	 0.080536228	33.986123229	-29.375283824	172.334817600	 0.561399867	         0.108380020	         0.085927605	         0.194307625
 20247	     -754000	 0.080791328	34.090238356	-22.858307623	172.661542370	 0.566804478	         0.107378195	         0.084786241	         0.192164437
 20248	     -753000	 0.081095428	34.176724306	-16.389372260	172.988248781	 0.571296864	         0.104977648	         0.082206086	         0.187183734
 20249	     -752000	 0.081284652	34.246539786	-9.762048924	173.305598803	 0.574924881	         0.100453709	         0.077537077	         0.177990786
 20250	     -751000	 0.081481148	34.299307848	-3.272478566	173.612138100	 0.577667760	         0.095234363	         0.072297908	         0.167532271
 20251	     -750000	 0.081743305	34.333871173	 3.187358555	173.898835268	 0.579464643	         0.089298357	         0.066492416	         0.155790773
 20252	     -749000	 0.082153464	34.351865753	 9.761536785	174.191667664	 0.580400224	         0.083188095	         0.060663639	         0.143851734
 20253	     -748000	 0.082332408	34.351885448	16.213049147	174.451159374	 0.580401248	         0.076625203	         0.054551060	         0.131176263
 20254	     -747000	 0.082600670	34.334455738	22.638478460	174.690814482	 0.579495035	         0.070317036	         0.048871571	         0.119188607
 20255	     -746000	 0.082963847	34.300938678	29.028593851	174.911203471	 0.577752539	         0.064209107	         0.043497567	         0.107706674
 20256	     -745000	 0.083109263	34.250035720	35.440054856	175.090141628	 0.575106581	         0.058295153	         0.038470963	         0.096766115
 20257	     -744000	 0.083258894	34.183506226	41.704834175	175.242406881	 0.571649236	         0.052884487	         0.033982102	         0.086866589
 20258	     -743000	 0.083415136	34.101511717	48.074111499	175.340435428	 0.567389919	         0.047555116	         0.029663977	         0.077219093
 20259	     -742000	 0.083463438	34.003445027	54.442302119	175.401292652	 0.562298742	         0.042639782	         0.025765372	         0.068405154
 20260	     -741000	 0.083386187	33.891686958	60.717969215	175.384588472	 0.556501676	         0.037864404	         0.022027749	         0.059892154
 20261	     -740000	 0.083310163	33.765026831	67.045520587	175.289625959	 0.549939229	         0.032687218	         0.017967574	         0.050654791
 20262	     -739000	 0.083251876	33.623721923	73.412597633	175.177366873	 0.542629366	         0.028684178	         0.014944902	         0.043629080
 20263	     -738000	 0.083017214	33.469629969	79.804062177	175.000037833	 0.534674040	         0.025554931	         0.012651242	         0.038206173
 20264	     -737000	 0.082679642	33.300861540	86.170546801	174.794230248	 0.525983270	         0.023000135	         0.010804023	         0.033804158
 20265	     -736000	 0.082465383	33.118358957	92.514735265	174.541121717	 0.516615310	         0.020897800	         0.009288011	         0.030185811
 20266	     -735000	 0.082117411	32.922551147	99.036123054	174.237809380	 0.506603839	         0.019117981	         0.007978944	         0.027096925
 20267	     -734000	 0.081609386	32.711798848	105.486595280	173.883275990	 0.495879642	         0.017593972	         0.006823330	         0.024417301
 20268	     -733000	 0.081154564	32.487271623	111.929521399	173.497188239	 0.484519910	         0.016334628	         0.005954211	         0.022288840
 20269	     -732000	 0.080694959	32.248046859	118.560323495	173.046345212	 0.472498812	         0.015248425	         0.005262558	         0.020510983
 20270	     -731000	 0.080074214	31.993591463	125.141856410	172.554382676	 0.459814785	         0.014265918	         0.004664475	         0.018930393
 20271	     -730000	 0.079523868	31.724994292	131.822771056	172.030158599	 0.446550935	         0.013358305	         0.004132747	         0.017491052
 20272	     -729000	 0.079075222	31.440345591	138.536923118	171.471403846	 0.432646658	         0.012553058	         0.003679850	         0.016232908
 20273	     -728000	 0.078447369	31.140705719	145.392554869	170.888626550	 0.418192682	         0.011859315	         0.003302435	         0.015161750
 20274	     -727000	 0.077978875	30.826614551	152.110199953	170.282735123	 0.403257201	         0.011130806	         0.002928389	         0.014059195
 20275	     -726000	 0.077472472	30.496464249	158.913611570	169.642263278	 0.387811746	         0.010368005	         0.002558181	         0.012926186
 20276	     -725000	 0.077075932	30.152521510	165.815839218	168.991941412	 0.372014206	         0.009660699	         0.002231474	         0.011892173
 20277	     -724000	 0.076490457	29.794323999	172.595100915	168.312991166	 0.355897254	         0.008902730	         0.001908954	         0.010811683
 20278	     -723000	 0.075933914	29.422111829	179.438115855	167.646845341	 0.339529786	         0.008153607	         0.001606670	         0.009760277
 20279	     -722000	 0.075420737	29.038179992	-173.770270634	166.957200015	 0.323070184	         0.007396616	         0.001326927	         0.008723544
 20280	     -721000	 0.074745606	28.641229539	-166.858693887	166.276195050	 0.306521136	         0.006648201	         0.001069065	         0.007717266
 20281	     -720000	 0.073903428	28.233544869	-160.008946761	165.584843876	 0.290036229	         0.005889637	         0.000827621	         0.006717258
 20282	     -719000	 0.073060220	27.816721059	-153.138327868	164.912008347	 0.273767582	         0.005163364	         0.000617355	         0.005780719
 20283	     -718000	 0.072200488	27.389163960	-146.032365489	164.216220583	 0.257971489	         0.004449890	         0.000430656	         0.004880546
 20284	     -717000	 0.071035377	26.954166231	-138.993391342	163.540886910	 0.242835531	         0.003772182	         0.000275910	         0.004048093
 20285	     -716000	 0.069997354	26.512336696	-131.789668301	162.872576394	 0.228370676	         0.003152177	         0.000157172	         0.003309349
 20286	     -715000	 0.068966504	26.062527565	-124.431872852	162.197190987	 0.214529361	         0.002574590	         0.000068734	         0.002643323
 20287	     -714000	 0.067789893	25.607689204	-116.978820902	161.521169965	 0.201386124	         0.002065782	         0.000017712	         0.002083494
 20288	     -713000	 0.066764041	25.147052315	-109.506052394	160.849704959	 0.188895802	         0.001614761	         0.000000000	         0.001614761
 20289	     -712000	 0.065826818	24.681132871	-101.873692435	160.177571141	 0.177050101	         0.001239936	         0.000000000	         0.001239936
 20290	     -711000	 0.064887274	24.211810779	-94.106448632	159.504453152	 0.165868777	         0.000926993	         0.000000000	         0.000926993
 20291	     -710000	 0.063973446	23.737423771	-86.401031191	158.796646757	 0.155284231	         0.000660208	         0.000000000	         0.000660208
 20292	     -709000	 0.063199609	23.260140291	-78.692867440	157.889770442	 0.145316595	         0.000429532	         0.000000000	         0.000429532
 20293	     -708000	 0.062581604	22.780884505	-70.873713857	157.254909500	 0.135951503	         0.000291538	         0.000000000	         0.000291538
 20294	     -707000	 0.061887985	22.298865673	-63.047165931	156.603985593	 0.127141115	         0.000188227	         0.000000000	         0.000188227
 20295	     -706000	 0.061233433	21.817230601	-55.295828274	155.930829606	 0.118908029	         0.000112412	         0.000000000	         0.000112412
 20296	     -705000	 0.060698452	21.336598937	-47.604054585	155.289180266	 0.111223594	         0.000064122	         0.000000000	         0.000064122
 20297	     -704000	 0.060233297	20.858181577	-39.815536608	154.616829793	 0.104067790	         0.000031857	         0.000000000	         0.000031857
 20298	     -703000	 0.059708800	20.385901017	-32.095679081	153.961867834	 0.097455467	         0.000012840	         0.000000000	         0.000012840
 20299	     -702000	 0.059235053	19.920273553	-24.456249711	153.275760727	 0.091347718	         0.000002468	         0.000000000	         0.000002468
 20300	     -701000	 0.058961337	19.464583655	-16.663830500	152.612325300	 0.085741110	         0.000000000	         0.000000000	         0.000000000
 20301	     -700000	 0.058428294	19.023032635	-9.051399652	151.934557758	 0.080636937	         0.000000000	         0.000000000	         0.000000000
 20302	     -699000	 0.058115899	18.597166308	-1.427726895	151.263155570	 0.076002132	         0.000000000	         0.000000000	         0.000000000
 20303	     -698000	 0.057977373	18.190551225	 6.205098188	150.579914395	 0.071825668	         0.000000000	         0.000000000	         0.000000000
 20304	     -697000	 0.057751432	17.806019380	14.006824840	149.902822722	 0.068087386	         0.000000000	         0.000000000	         0.000000000
 20305	     -696000	 0.057707248	17.447618553	21.540370336	149.192180144	 0.064778532	         0.000000000	         0.000000000	         0.000000000
 20306	     -695000	 0.057793697	17.118126394	29.165940466	148.401939641	 0.061878628	         0.000000000	         0.000000000	         0.000000000
 20307	     -694000	 0.058238701	16.818832912	36.643525878	147.292667691	 0.059357178	         0.000000000	         0.000000000	         0.000000000
 20308	     -693000	 0.058670475	16.554723219	44.133270159	145.917435793	 0.057217615	         0.000000000	         0.000000000	         0.000000000
 20309	     -692000	 0.059381132	16.327783918	51.402026190	145.922313981	 0.055440881	         0.000000000	         0.000000000	         0.000000000
 20310	     -691000	 0.060289152	16.138651781	58.394113261	145.927001031	 0.054002367	         0.000000000	         0.000000000	         0.000000000
 20311	     -690000	 0.061377134	15.990731480	65.288337355	145.931575694	 0.052903365	         0.000000000	         0.000000000	         0.000000000
 20312	     -689000	 0.062533639	15.884783654	71.821927289	145.935811531	 0.052129980	         0.000000000	         0.000000000	         0.000000000
 20313	     -688000	 0.063775498	15.822358148	78.157340498	145.939782112	 0.051679597	         0.000000000	         0.000000000	         0.000000000
 20314	     -687000	 0.065112656	15.804346646	84.377299081	145.943508447	 0.051550374	         0.000000000	         0.000000000	         0.000000000
 20315	     -686000	 0.066187153	15.829464639	90.441736203	145.946770546	 0.051730671	         0.000000000	         0.000000000	         0.000000000
 20316	     -685000	 0.067355527	15.899731221	96.332627597	145.949700457	 0.052238403	         0.000000000	         0.000000000	         0.000000000
 20317	     -684000	 0.068577367	16.013668522	102.233086813	145.952335100	 0.053072304	         0.000000000	         0.000000000	         0.000000000
 20318	     -683000	 0.069667057	16.169442083	108.345815258	145.954585970	 0.054233984	         0.000000000	         0.000000000	         0.000000000
 20319	     -682000	 0.070619385	16.367335836	114.318946357	145.956315973	 0.055746519	         0.000000000	         0.000000000	         0.000000000
 20320	     -681000	 0.071755734	16.604591701	120.446038758	148.401302187	 0.057615609	         0.000000000	         0.000000000	         0.000000000
 20321	     -680000	 0.072940715	16.880478772	126.656718111	149.408310483	 0.059867981	         0.000000000	         0.000000000	         0.000000000
 20322	     -679000	 0.074141872	17.192636286	132.976602651	150.211755269	 0.062522827	         0.000000000	         0.000000000	         0.000000000
 20323	     -678000	 0.075501227	17.537731250	139.356046365	150.962834442	 0.065595029	         0.000000000	         0.000000000	         0.000000000
 20324	     -677000	 0.076994649	17.915908753	145.703864112	151.677765543	 0.069135379	         0.000000000	         0.000000000	         0.000000000
 20325	     -676000	 0.078475238	18.323555795	152.131323781	152.366908421	 0.073165905	         0.000000000	         0.000000000	         0.000000000
 20326	     -675000	 0.080025550	18.757499814	158.502165860	153.053996782	 0.077714958	         0.000000000	         0.000000000	         0.000000000
 20327	     -674000	 0.081624007	19.216654021	164.782424991	153.728067301	 0.082836616	         0.000000000	         0.000000000	         0.000000000
 20328	     -673000	 0.083269563	19.697314691	171.175702082	154.399922226	 0.088560153	         0.000000013	         0.000000000	         0.000000013
 20329	     -672000	 0.084627328	20.197367297	177.492152230	155.033338219	 0.094934704	         0.000005789	         0.000000000	         0.000005789
 20330	     -671000	 0.085989909	20.713016797	-176.241228712	155.709620424	 0.101988964	         0.000021070	         0.000000000	         0.000021070
 20331	     -670000	 0.087385349	21.241377067	-169.982296186	156.347112128	 0.109761155	         0.000049324	         0.000000000	         0.000049324
 20332	     -669000	 0.088410898	21.781066712	-163.593121975	156.961808811	 0.118311805	         0.000097126	         0.000000000	         0.000097126
 20333	     -668000	 0.089398657	22.326357575	-157.253669956	157.570967491	 0.127627898	         0.000173777	         0.000000000	         0.000173777
 20334	     -667000	 0.090247718	22.875773355	-150.900428972	158.162083587	 0.137756519	         0.000293382	         0.000000000	         0.000293382
 20335	     -666000	 0.091087216	23.427813109	-144.366157357	158.952971602	 0.148743196	         0.000508043	         0.000000000	         0.000508043
 20336	     -665000	 0.091649965	23.976887213	-137.913205146	159.588969016	 0.160539915	         0.000800113	         0.000000000	         0.000800113
 20337	     -664000	 0.092261843	24.523472866	-131.317399518	160.185582119	 0.173212300	         0.001212509	         0.000000000	         0.001212509
 20338	     -663000	 0.092853924	25.065636884	-124.719227325	160.770887911	 0.186770167	         0.001796910	         0.000000000	         0.001796910
 20339	     -662000	 0.093257028	25.599520689	-118.016549873	161.330865379	 0.201157595	         0.002574601	         0.000039425	         0.002614026
 20340	     -661000	 0.093758045	26.126831706	-111.317628477	161.870392486	 0.216455479	         0.003576482	         0.000154803	         0.003731286
 20341	     -660000	 0.094193396	26.645238343	-104.606587285	162.415311003	 0.232628651	         0.004886044	         0.000375767	         0.005261811
 20342	     -659000	 0.094721292	27.153688799	-97.812822341	162.939455152	 0.249664501	         0.006514723	         0.000735293	         0.007250016
 20343	     -658000	 0.095059114	27.653433020	-91.068087135	163.468668899	 0.267623855	         0.008441252	         0.001243101	         0.009684353
 20344	     -657000	 0.095509598	28.141815571	-84.356403291	163.995642534	 0.286399993	         0.010781321	         0.001968011	         0.012749333
 20345	     -656000	 0.096087827	28.620023779	-77.660974498	164.513204114	 0.305650763	         0.013363486	         0.002866846	         0.016230332
 20346	     -655000	 0.096325903	29.087914669	-70.933815512	165.061549292	 0.325177561	         0.016380896	         0.004078529	         0.020459425
 20347	     -654000	 0.096701473	29.542541434	-64.364681197	165.611282463	 0.344782071	         0.019585894	         0.005530318	         0.025116212
 20348	     -653000	 0.097012710	29.985514889	-57.825671783	166.155968969	 0.364456215	         0.022908034	         0.007234258	         0.030142292
 20349	     -652000	 0.097160415	30.415406216	-51.250051834	166.729771274	 0.384061139	         0.026506628	         0.009360357	         0.035866985
 20350	     -651000	 0.097112351	30.829856057	-44.808653498	167.320604382	 0.403410163	         0.030147887	         0.011852519	         0.042000406
 20351	     -650000	 0.097015260	31.229157966	-38.385804969	167.926266347	 0.422439150	         0.033702630	         0.014880984	         0.048583613
 20352	     -649000	 0.096772633	31.610827613	-31.927271930	168.548375802	 0.440954723	         0.037124029	         0.017901292	         0.055025321
 20353	     -648000	 0.096287591	31.974301342	-25.467494709	169.195014031	 0.458857791	         0.040389280	         0.020805794	         0.061195074
 20354	     -647000	 0.095760488	32.318366985	-19.001920196	169.843354891	 0.476023122	         0.043299931	         0.023443170	         0.066743101
 20355	     -646000	 0.095188079	32.640467841	-12.520668094	170.508820825	 0.492263073	         0.045863704	         0.025800510	         0.071664213
 20356	     -645000	 0.094428829	32.941487346	-5.939859509	171.184312265	 0.507570107	         0.048154744	         0.027973932	         0.076128676
 20357	     -644000	 0.093723577	33.219638457	 0.646519836	171.868335648	 0.521809945	         0.050224731	         0.029991981	         0.080216712
 20358	     -643000	 0.093005087	33.473755782	 7.221854324	172.544413757	 0.534886804	         0.052306701	         0.032058073	         0.084364774
 20359	     -642000	 0.092403098	33.705003043	13.931494596	173.235411818	 0.546832555	         0.054535393	         0.034311681	         0.088847074
 20360	     -641000	 0.091622469	33.911717016	20.592708936	173.944356267	 0.557540238	         0.058212966	         0.037975702	         0.096188668
 20361	     -640000	 0.090953525	34.094898540	27.205465277	174.563222148	 0.567046482	         0.058792895	         0.038696798	         0.097489693
 20362	     -639000	 0.090539635	34.255189639	33.817011553	175.133086706	 0.575374460	         0.058492247	         0.038600633	         0.097092880
 20363	     -638000	 0.089809648	34.391244065	40.464794885	175.626797579	 0.582447750	         0.057123331	         0.037539876	         0.094663207
 20364	     -637000	 0.089184193	34.505536596	47.006654544	176.063334168	 0.588391334	         0.055717850	         0.036450898	         0.092168748
 20365	     -636000	 0.088530252	34.598047914	53.482371267	176.450343175	 0.593202462	         0.054349830	         0.035392029	         0.089741859
 20366	     -635000	 0.087808420	34.668251661	60.023442684	176.764401745	 0.596853180	         0.052830358	         0.034202741	         0.087033098
 20367	     -634000	 0.086912947	34.718428526	66.437599008	177.012549187	 0.599462139	         0.051633125	         0.033283339	         0.084916463
 20368	     -633000	 0.086046658	34.747881977	72.952006633	177.204563319	 0.600993404	         0.050729514	         0.032612564	         0.083342078
 20369	     -632000	 0.085128838	34.757172080	79.397690207	177.308282946	 0.601476359	         0.049886579	         0.031967546	         0.081854125
 20370	     -631000	 0.083961998	34.747343289	85.928437574	177.350040852	 0.600965399	         0.049374451	         0.031578991	         0.080953441
 20371	     -630000	 0.082889918	34.717286015	92.413763861	177.328982285	 0.599402737	         0.049139072	         0.031411924	         0.080550996
 20372	     -629000	 0.081777782	34.668392173	98.921278844	177.234663057	 0.596860486	         0.049027041	         0.031323907	         0.080350949
 20373	     -628000	 0.080614470	34.600662487	105.574260630	177.069657990	 0.593338431	         0.049088992	         0.031377046	         0.080466039
 20374	     -627000	 0.079304195	34.513079308	112.173279501	176.843600513	 0.588783602	         0.049280319	         0.031512933	         0.080793253
 20375	     -626000	 0.078047827	34.407096495	118.784174338	176.553808307	 0.583272068	         0.049387194	         0.031568316	         0.080955511
 20376	     -625000	 0.076915308	34.282283713	125.514971501	176.209122505	 0.576782785	         0.049476118	         0.031602380	         0.081078499
 20377	     -624000	 0.075542565	34.138463250	132.341698269	175.794586471	 0.569309161	         0.049256641	         0.031342544	         0.080599185
 20378	     -623000	 0.074282634	33.976485191	139.095466155	175.331761801	 0.560899778	         0.048240658	         0.030365974	         0.078606632
 20379	     -622000	 0.073112756	33.796109576	145.966791375	174.781132332	 0.551548845	         0.045453227	         0.027729294	         0.073182521
 20380	     -621000	 0.071859227	33.598482585	152.975727006	174.192417157	 0.541325120	         0.042338014	         0.024790964	         0.067128978
 20381	     -620000	 0.070658082	33.383820793	159.916997367	173.617515714	 0.530252163	         0.040240388	         0.022823195	         0.063063583
 20382	     -619000	 0.069592721	33.152439858	166.958365452	173.030214280	 0.518362142	         0.038426425	         0.021122583	         0.059549008
 20383	     -618000	 0.068489513	32.906418961	174.106988056	172.440521014	 0.505780991	         0.036637328	         0.019452320	         0.056089648
 20384	     -617000	 0.067394046	32.645836974	-178.799486612	171.845183413	 0.492535053	         0.034708125	         0.017692516	         0.052400641
 20385	     -616000	 0.066364066	32.371687526	-171.637102645	171.256605304	 0.478700681	         0.032767442	         0.015943643	         0.048711085
 20386	     -615000	 0.065490448	32.085844192	-164.478146856	170.670757948	 0.464400573	         0.030787755	         0.014180563	         0.044968318
 20387	     -614000	 0.064390761	31.788331664	-157.197968782	170.087103954	 0.449666507	         0.028606973	         0.012246956	         0.040853929
 20388	     -613000	 0.063329433	31.481049190	-149.924862595	169.517808097	 0.434624852	         0.026457691	         0.010384396	         0.036842087
 20389	     -612000	 0.062321146	31.164962211	-142.689475857	168.958391817	 0.419355476	         0.024181656	         0.008782336	         0.032963992
 20390	     -611000	 0.061321103	30.839931099	-135.193289499	168.409988278	 0.403885750	         0.021978092	         0.007410917	         0.029389009
 20391	     -610000	 0.060134230	30.508174689	-127.637648592	167.886412179	 0.388354974	         0.019697408	         0.006123242	         0.025820650
 20392	     -609000	 0.059021060	30.169884969	-119.980120903	167.359330251	 0.372804298	         0.017478767	         0.004994598	         0.022473365
 20393	     -608000	 0.058101598	29.824853466	-112.180225148	166.844870614	 0.357257160	         0.015354550	         0.004014659	         0.019369209
 20394	     -607000	 0.056983036	29.474423101	-104.093331514	166.361489020	 0.341806069	         0.013360035	         0.003171966	         0.016532001
 20395	     -606000	 0.056119906	29.119008302	-95.988512315	165.861707695	 0.326498859	         0.011475329	         0.002453910	         0.013929240
 20396	     -605000	 0.055383007	28.758730759	-87.724843860	165.382308886	 0.311369244	         0.009712861	         0.001839701	         0.011552562
 20397	     -604000	 0.054752788	28.393459232	-79.196492317	164.906782728	 0.296439722	         0.008120241	         0.001342215	         0.009462456
 20398	     -603000	 0.054211621	28.023693361	-70.825431375	164.439767902	 0.281757416	         0.006677188	         0.000931816	         0.007609004
 20399	     -602000	 0.053937135	27.650554668	-62.265965209	163.965996546	 0.267516803	         0.005413040	         0.000615578	         0.006028618
 20400	     -601000	 0.053803624	27.273554787	-53.730359847	163.519515033	 0.253859101	         0.004360623	         0.000386760	         0.004747382
 20401	     -600000	 0.053659892	26.892945034	-45.111506335	163.065894490	 0.240777829	         0.003442829	         0.000218597	         0.003661426
 20402	     -599000	 0.053679358	26.510293726	-36.614762214	162.615408563	 0.228305834	         0.002691759	         0.000107528	         0.002799287
 20403	     -598000	 0.053845009	26.125756355	-28.151225132	162.167179970	 0.216423127	         0.002074611	         0.000039736	         0.002114347
 20404	     -597000	 0.054193626	25.740036071	-19.536578246	161.711268797	 0.205125153	         0.001569480	         0.000005214	         0.001574695
 20405	     -596000	 0.054418889	25.353937612	-11.018870352	161.258689838	 0.194406749	         0.001175805	         0.000000000	         0.001175805
 20406	     -595000	 0.054843844	24.968939475	-2.573573355	160.654630873	 0.184276596	         0.000839441	         0.000000000	         0.000839441
 20407	     -594000	 0.055466653	24.586188341	 5.820010152	160.264195265	 0.174728870	         0.000616856	         0.000000000	         0.000616856
 20408	     -593000	 0.056063844	24.205688666	14.341600595	159.878525592	 0.165727687	         0.000445389	         0.000000000	         0.000445389
 20409	     -592000	 0.056838643	23.829672343	22.623735955	159.513452197	 0.157288191	         0.000320434	         0.000000000	         0.000320434
 20410	     -591000	 0.057803281	23.459103068	30.871228475	159.140777746	 0.149391534	         0.000225308	         0.000000000	         0.000225308
 20411	     -590000	 0.058734867	23.094315225	39.177264636	158.781651462	 0.142005401	         0.000155741	         0.000000000	         0.000155741
 20412	     -589000	 0.059760884	22.737421230	47.245079643	158.418328189	 0.135132642	         0.000105527	         0.000000000	         0.000105527
 20413	     -588000	 0.061017782	22.388289331	55.151171676	158.052945535	 0.128731327	         0.000069656	         0.000000000	         0.000069656
 20414	     -587000	 0.062380298	22.047513255	63.127900080	157.699299715	 0.122775762	         0.000043964	         0.000000000	         0.000043964
 20415	     -586000	 0.063696579	21.717267007	70.939111365	157.350973781	 0.117267235	         0.000026369	         0.000000000	         0.000026369
 20416	     -585000	 0.065198184	21.396557281	78.583352336	157.003311248	 0.112154428	         0.000014588	         0.000000000	         0.000014588
 20417	     -584000	 0.066796152	21.086241518	85.978266904	156.652174623	 0.107419620	         0.000006861	         0.000000000	         0.000006861
 20418	     -583000	 0.068552946	20.787640097	93.401112771	156.296747454	 0.103052365	         0.000002039	         0.000000000	         0.000002039
 20419	     -582000	 0.070324732	20.500156316	100.584626386	155.936888795	 0.099015560	         0.000000012	         0.000000000	         0.000000012
 20420	     -581000	 0.072098345	20.225350905	107.559782835	155.590030091	 0.095304693	         0.000000000	         0.000000000	         0.000000000
 20421	     -580000	 0.074079434	19.962995780	114.372830689	155.232864622	 0.091891790	         0.000000000	         0.000000000	         0.000000000
 20422	     -579000	 0.075857267	19.713790483	121.064908425	154.868093644	 0.088763201	         0.000000000	         0.000000000	         0.000000000
 20423	     -578000	 0.077716753	19.480053721	127.533578451	154.499342414	 0.085925681	         0.000000000	         0.000000000	         0.000000000
 20424	     -577000	 0.079575585	19.260880069	133.857828969	154.155122435	 0.083347416	         0.000000000	         0.000000000	         0.000000000
 20425	     -576000	 0.081243015	19.057815871	140.241434319	153.801906912	 0.081027750	         0.000000000	         0.000000000	         0.000000000
 20426	     -575000	 0.082835463	18.873431398	146.367989331	153.465901357	 0.078977440	         0.000000000	         0.000000000	         0.000000000
 20427	     -574000	 0.084408644	18.707434847	152.470876127	153.148311072	 0.077176015	         0.000000000	         0.000000000	         0.000000000
 20428	     -573000	 0.086082776	18.561956876	158.581050860	152.822546247	 0.075631078	         0.000000000	         0.000000000	         0.000000000
 20429	     -572000	 0.087420162	18.438398638	164.681011229	152.552847064	 0.074343236	         0.000000000	         0.000000000	         0.000000000
 20430	     -571000	 0.088982258	18.337621806	170.674939278	152.292894627	 0.073309097	         0.000000000	         0.000000000	         0.000000000
 20431	     -570000	 0.090427848	18.261954664	176.606807742	152.068583121	 0.072542092	         0.000000000	         0.000000000	         0.000000000
 20432	     -569000	 0.091929995	18.210960578	-177.382968952	151.899585032	 0.072029719	         0.000000000	         0.000000000	         0.000000000
 20433	     -568000	 0.093432320	18.186296435	-171.530588455	151.755162319	 0.071783201	         0.000000000	         0.000000000	         0.000000000
 20434	     -567000	 0.094858889	18.189110265	-165.704357045	151.651581924	 0.071811283	         0.000000000	         0.000000000	         0.000000000
 20435	     -566000	 0.096375560	18.218311748	-159.922971781	151.605672916	 0.072103358	         0.000000000	         0.000000000	         0.000000000
 20436	     -565000	 0.097702922	18.275356648	-154.184185895	151.592829063	 0.072677355	         0.000000000	         0.000000000	         0.000000000
 20437	     -564000	 0.099013513	18.359000161	-148.563524110	151.637428312	 0.073527266	         0.000000000	         0.000000000	         0.000000000
 20438	     -563000	 0.100336739	18.468522061	-142.964088773	151.704258945	 0.074655175	         0.000000000	         0.000000000	         0.000000000
 20439	     -562000	 0.101434802	18.604693375	-137.257774339	151.817298791	 0.076081692	         0.000000000	         0.000000000	         0.000000000
 20440	     -561000	 0.102371241	18.764378515	-131.735431890	151.969832553	 0.077789300	         0.000000000	         0.000000000	         0.000000000
 20441	     -560000	 0.103285007	18.947511112	-126.166392106	152.167349932	 0.079794879	         0.000000000	         0.000000000	         0.000000000
 20442	     -559000	 0.104099997	19.153784227	-120.512553953	152.405837290	 0.082115869	         0.000000863	         0.000000000	         0.000000863
 20443	     -558000	 0.104664216	19.379456278	-114.883679443	152.658002581	 0.084732540	         0.000003599	         0.000000000	         0.000003599
 20444	     -557000	 0.105179285	19.625468220	-109.245946299	152.920935325	 0.087680135	         0.000008161	         0.000000000	         0.000008161
 20445	     -556000	 0.105661476	19.890248378	-103.530761591	153.246281720	 0.090967273	         0.000016108	         0.000000000	         0.000016108
 20446	     -555000	 0.105852632	20.170988955	-97.736121675	153.564908603	 0.094587255	         0.000027031	         0.000000000	         0.000027031
 20447	     -554000	 0.106049877	20.469172700	-91.923616565	153.905511287	 0.098590044	         0.000042515	         0.000000000	         0.000042515
 20448	     -553000	 0.106103567	20.782471636	-86.085411621	154.292727674	 0.102978357	         0.000065373	         0.000000000	         0.000065373
 20449	     -552000	 0.106104388	21.109817510	-80.068613798	154.677559467	 0.107772219	         0.000095574	         0.000000000	         0.000095574
 20450	     -551000	 0.105965910	21.452036599	-74.054452471	155.099707640	 0.113022664	         0.000134786	         0.000000000	         0.000134786
 20451	     -550000	 0.105740115	21.806813843	-67.962738445	155.549290197	 0.118735984	         0.000187807	         0.000000000	         0.000187807
 20452	     -549000	 0.105602581	22.174700125	-61.830937867	155.998210708	 0.124965612	         0.000253785	         0.000000000	         0.000253785
 20453	     -548000	 0.105239348	22.555039192	-55.552640286	156.494194537	 0.131749939	         0.000335692	         0.000000000	         0.000335692
 20454	     -547000	 0.104949455	22.945376772	-49.309717182	157.022409228	 0.139095765	         0.000440019	         0.000000000	         0.000440019
 20455	     -546000	 0.104639378	23.346979079	-43.081205310	157.569375441	 0.147081282	         0.000563037	         0.000000000	         0.000563037
 20456	     -545000	 0.104258699	23.757840274	-36.641184616	158.155124918	 0.155725537	         0.000713196	         0.000000000	         0.000713196
 20457	     -544000	 0.103743764	24.175741228	-30.397091944	158.759807096	 0.165039248	         0.000880303	         0.000000000	         0.000880303
 20458	     -543000	 0.103212041	24.600615821	-24.079003760	164.769678302	 0.175079626	         0.002692331	         0.000078157	         0.002770489
 20459	     -542000	 0.102669406	25.029877710	-17.724024383	160.280903470	 0.185844124	         0.001336578	         0.000000000	         0.001336578
 20460	     -541000	 0.101777607	25.462528817	-11.362108049	160.984173203	 0.197363417	         0.001563949	         0.000000070	         0.001564018
 20461	     -540000	 0.100931722	25.895960902	-5.002811746	161.735001145	 0.209619471	         0.001822064	         0.000015357	         0.001837420
 20462	     -539000	 0.099867863	26.327553409	 1.349927577	162.492039202	 0.222579692	         0.002080613	         0.000048319	         0.002128932
 20463	     -538000	 0.098739280	26.757660189	 7.841011013	163.251569437	 0.236292406	         0.002337508	         0.000094818	         0.002432326
 20464	     -537000	 0.097396266	27.182869012	14.325452138	164.050860706	 0.250679209	         0.002620544	         0.000155463	         0.002776007
 20465	     -536000	 0.096001215	27.601031061	20.887318304	164.848859429	 0.265681599	         0.002911058	         0.000229150	         0.003140208
 20466	     -535000	 0.094633215	28.012650966	27.572445097	165.651727548	 0.281325719	         0.003212516	         0.000314768	         0.003527284
 20467	     -534000	 0.093078989	28.415151105	34.318708554	166.446707075	 0.297314601	         0.003531682	         0.000411520	         0.003943202
 20468	     -533000	 0.091654019	28.808015817	41.117940721	167.216951772	 0.313415485	         0.003879390	         0.000522908	         0.004402299
 20469	     -532000	 0.090290261	29.190630039	47.962594285	167.980729567	 0.329553395	         0.004280087	         0.000653573	         0.004933660
 20470	     -531000	 0.088853666	29.561639603	54.993757675	168.712282541	 0.345618847	         0.004743869	         0.000810177	         0.005554046
 20471	     -530000	 0.087389728	29.922404667	61.884400615	169.403473316	 0.361619838	         0.005293517	         0.000998637	         0.006292153
 20472	     -529000	 0.086075623	30.270954373	68.799111296	170.042802011	 0.377419121	         0.005922221	         0.001217984	         0.007140205
 20473	     -528000	 0.084753763	30.606899900	75.867077371	170.640718833	 0.392948362	         0.006687024	         0.001494451	         0.008181476
 20474	     -527000	 0.083282891	30.931482674	82.899692778	171.184730846	 0.408218391	         0.007628416	         0.001845581	         0.009473997
 20475	     -526000	 0.081871419	31.242600658	89.854147342	171.667991760	 0.423086024	         0.008763038	         0.002288037	         0.011051075
 20476	     -525000	 0.080445575	31.540388524	96.899389481	172.099970788	 0.437514855	         0.010158572	         0.002862301	         0.013020873
 20477	     -524000	 0.078882790	31.824425065	103.962950736	172.485138424	 0.451445357	         0.011876264	         0.003614527	         0.015490790
 20478	     -523000	 0.077405106	32.092906575	111.084540024	172.794493635	 0.464752248	         0.013948209	         0.004593074	         0.018541283
 20479	     -522000	 0.075774948	32.346238374	118.179533565	173.059417726	 0.477422163	         0.016446129	         0.005882526	         0.022328656
 20480	     -521000	 0.074228113	32.582428647	125.492288408	173.270928287	 0.489325594	         0.019483879	         0.007685962	         0.027169842
 20481	     -520000	 0.072554492	32.799880969	132.701584030	173.432477408	 0.500354866	         0.023071730	         0.010143716	         0.033215446
 20482	     -519000	 0.070913927	32.999029192	140.002950145	173.548815373	 0.510508913	         0.027262488	         0.013077153	         0.040339641
 20483	     -518000	 0.069457364	33.177532973	147.419269215	173.616885565	 0.519649073	         0.032087413	         0.016605118	         0.048692531
 20484	     -517000	 0.067772531	33.335138823	155.011353642	173.632645470	 0.527746343	         0.037598784	         0.020782722	         0.058381507
 20485	     -516000	 0.066227880	33.471178992	162.549719266	173.617854586	 0.534753920	         0.043618479	         0.025552120	         0.069170600
 20486	     -515000	 0.064781654	33.584244700	170.148484103	173.579344493	 0.540589577	         0.050337628	         0.031125057	         0.081462686
 20487	     -514000	 0.063437159	33.675650796	178.038080061	173.494095670	 0.545314190	         0.057494899	         0.037295072	         0.094789971
 20488	     -513000	 0.062045740	33.743675975	-174.137209187	173.391700922	 0.548833910	         0.064786505	         0.043829803	         0.108616308
 20489	     -512000	 0.060827926	33.788532294	-166.206321423	173.263648415	 0.551156405	         0.072056308	         0.050566346	         0.122622653
 20490	     -511000	 0.059797766	33.812048805	-158.174215958	173.103037077	 0.552374472	         0.078695537	         0.056895157	         0.135590694
 20491	     -510000	 0.058701021	33.812616455	-150.034862461	172.910100249	 0.552403878	         0.083252399	         0.061254578	         0.144506977
 20492	     -509000	 0.057915808	33.791479006	-141.984162695	172.699409942	 0.551309016	         0.085781653	         0.063604160	         0.149385813
 20493	     -508000	 0.057151734	33.749810371	-133.826435080	172.474192766	 0.549151455	         0.086859220	         0.064531426	         0.151390646
 20494	     -507000	 0.056478174	33.686641557	-125.619194656	172.220698760	 0.545882666	         0.086115878	         0.063666118	         0.149781996
 20495	     -506000	 0.055866156	33.603977998	-117.534552166	171.984046879	 0.541609058	         0.084388798	         0.061848916	         0.146237714
 20496	     -505000	 0.055302836	33.501482197	-109.426767462	171.727651601	 0.536316983	         0.081379457	         0.058785629	         0.140165087
 20497	     -504000	 0.054888167	33.378938648	-101.220059236	171.472203923	 0.530000768	         0.077250548	         0.054687211	         0.131937759
 20498	     -503000	 0.054373344	33.238452796	-92.891439818	171.215130500	 0.522776076	         0.072310177	         0.049884001	         0.122194178
 20499	     -502000	 0.053919947	33.078448367	-84.708112084	170.962822489	 0.514571245	         0.066733170	         0.044586569	         0.111319738
 20500	     -501000	 0.053660704	32.899914091	-76.409671397	170.700100652	 0.505449288	         0.060326774	         0.038614161	         0.098940935
 20501	     -500000	 0.053483653	32.703763755	-67.814367410	170.434947410	 0.495471909	         0.053783492	         0.032691440	         0.086474933
 20502	     -499000	 0.053288153	32.488620538	-59.367825181	170.174834751	 0.484587942	         0.047416755	         0.027163210	         0.074579966
 20503	     -498000	 0.053377802	32.256228450	-50.865905620	169.909269675	 0.472908448	         0.041202633	         0.021926752	         0.063129385
 20504	     -497000	 0.053647700	32.006039467	-42.223229794	169.644422377	 0.460432689	         0.035414003	         0.017234024	         0.052648027
 20505	     -496000	 0.054047376	31.738155109	-33.689989970	169.367030842	 0.447197684	         0.029960220	         0.012920847	         0.042881067
 20506	     -495000	 0.054631131	31.454701396	-25.262552658	169.095484153	 0.433343958	         0.025107837	         0.009419915	         0.034527752
 20507	     -494000	 0.055503104	31.154095440	-16.914646569	168.816676521	 0.418834389	         0.020750380	         0.006921191	         0.027671571
 20508	     -493000	 0.056285559	30.837897089	-8.625617696	168.541603610	 0.403789716	         0.016982738	         0.005061266	         0.022044004
 20509	     -492000	 0.057273798	30.508467070	-0.601773950	168.258247704	 0.388368542	         0.013747423	         0.003661933	         0.017409356
 20510	     -491000	 0.058303969	30.164542217	 7.329286080	167.973423240	 0.372561100	         0.011026553	         0.002617691	         0.013644245
 20511	     -490000	 0.059484652	29.808813997	15.267923373	167.670033219	 0.356542373	         0.008734069	         0.001834076	         0.010568145
 20512	     -489000	 0.060538153	29.442650094	23.011034297	167.359456931	 0.340422544	         0.006863058	         0.001260255	         0.008123312
 20513	     -488000	 0.061639490	29.066784175	30.704745155	167.046991741	 0.324281300	         0.005409258	         0.000865610	         0.006274868
 20514	     -487000	 0.062886122	28.683922654	38.224408913	166.711515810	 0.308277694	         0.004212642	         0.000569957	         0.004782598
 20515	     -486000	 0.064104852	28.293832465	45.936134667	166.354320240	 0.292440767	         0.003246791	         0.000357403	         0.003604194
 20516	     -485000	 0.065275801	27.899601971	53.414207966	165.989077560	 0.276939744	         0.002517499	         0.000217262	         0.002734761
 20517	     -484000	 0.066523121	27.502929228	60.816856720	165.609418930	 0.262083313	         0.001953342	         0.000124534	         0.002077876
 20518	     -483000	 0.067980414	27.102757701	68.326978207	165.202679569	 0.247903262	         0.001502482	         0.000062536	         0.001565019
 20519	     -482000	 0.069279862	26.702831910	75.589135537	164.777964877	 0.234498435	         0.001166099	         0.000025967	         0.001192065
 20520	     -481000	 0.070766927	26.303573924	82.822812481	164.311369160	 0.221839036	         0.000903462	         0.000006332	         0.000909794
 20521	     -480000	 0.072297673	25.904594183	90.011690551	163.793900104	 0.209871171	         0.000696960	         0.000000000	         0.000696960
 20522	     -479000	 0.073750478	25.509120825	97.135510913	163.340183329	 0.198645747	         0.000550981	         0.000000000	         0.000550981
 20523	     -478000	 0.075291017	25.116205047	104.020098171	162.857206276	 0.188087594	         0.000434000	         0.000000000	         0.000434000
 20524	     -477000	 0.076898065	24.726864180	110.918557181	162.354925138	 0.178179131	         0.000345636	         0.000000000	         0.000345636
 20525	     -476000	 0.078610144	24.343391493	117.769152026	161.843715548	 0.168930383	         0.000276209	         0.000000000	         0.000276209
 20526	     -475000	 0.080147059	23.964548390	124.453057477	161.302996980	 0.160264809	         0.000222144	         0.000000000	         0.000222144
 20527	     -474000	 0.081736300	23.592875073	131.020021714	160.736235708	 0.152195353	         0.000179132	         0.000000000	         0.000179132
 20528	     -473000	 0.083438263	23.229283684	137.468539094	160.178365888	 0.144694657	         0.000145709	         0.000000000	         0.000145709
 20529	     -472000	 0.085024744	22.873732872	143.925470048	159.602603295	 0.137717454	         0.000118167	         0.000000000	         0.000118167
 20530	     -471000	 0.086547933	22.529770671	150.195334867	159.021669753	 0.131288002	         0.000096173	         0.000000000	         0.000096173
 20531	     -470000	 0.088039061	22.197244271	156.361051185	158.448062383	 0.125357823	         0.000077872	         0.000000000	         0.000077872
 20532	     -469000	 0.089502226	21.877494687	162.561079922	157.883817651	 0.119908271	         0.000063436	         0.000000000	         0.000063436
 20533	     -468000	 0.090729618	21.573982193	168.627502878	157.325659099	 0.114954777	         0.000050852	         0.000000000	         0.000050852
 20534	     -467000	 0.091988770	21.286308398	174.612217699	156.785806134	 0.110448809	         0.000040850	         0.000000000	         0.000040850
 20535	     -466000	 0.093237521	21.016546235	-179.294602679	156.273064262	 0.106384002	         0.000032736	         0.000000000	         0.000032736
 20536	     -465000	 0.094204887	20.766837482	-173.280920725	155.770012631	 0.102754812	         0.000026062	         0.000000000	         0.000026062
 20537	     -464000	 0.095244397	20.537205881	-167.314968424	155.317080368	 0.099526794	         0.000020803	         0.000000000	         0.000020803
 20538	     -463000	 0.096312874	20.329546983	-161.363161225	154.894543735	 0.096695059	         0.000016559	         0.000000000	         0.000016559
 20539	     -462000	 0.097278858	20.143863604	-155.323193101	154.484793707	 0.094231293	         0.000012984	         0.000000000	         0.000012984
 20540	     -461000	 0.098254956	19.980760304	-149.424423734	154.157079237	 0.092118976	         0.000010709	         0.000000000	         0.000010709
 20541	     -460000	 0.099104240	19.841112321	-143.506292126	153.804995265	 0.090348091	         0.000008406	         0.000000000	         0.000008406
 20542	     -459000	 0.100206210	19.723633083	-137.617000694	153.528118458	 0.088884723	         0.000007000	         0.000000000	         0.000007000
 20543	     -458000	 0.101029490	19.628903216	-131.780502330	153.291024681	 0.087722009	         0.000006037	         0.000000000	         0.000006037
 20544	     -457000	 0.101843791	19.556180600	-125.984251201	153.082085320	 0.086839743	         0.000005356	         0.000000000	         0.000005356
 20545	     -456000	 0.102644204	19.504268931	-120.267447087	152.921415168	 0.086215387	         0.000004964	         0.000000000	         0.000004964
 20546	     -455000	 0.103279566	19.473503825	-114.469057938	152.775205529	 0.085847487	         0.000004754	         0.000000000	         0.000004754
 20547	     -454000	 0.103740329	19.461807786	-108.793202614	152.693377524	 0.085708034	         0.000004945	         0.000000000	         0.000004945
 20548	     -453000	 0.104099069	19.468549107	-103.074824993	152.633431817	 0.085788383	         0.000005328	         0.000000000	         0.000005328
 20549	     -452000	 0.104512313	19.493756510	-97.261009048	152.592173873	 0.086089498	         0.000005765	         0.000000000	         0.000005765
 20550	     -451000	 0.104488019	19.535143430	-91.476132378	152.587563007	 0.086586180	         0.000006491	         0.000000000	         0.000006491
 20551	     -450000	 0.104580432	19.592772102	-85.643813392	152.622975911	 0.087282554	         0.000007680	         0.000000000	         0.000007680
 20552	     -449000	 0.104597861	19.666035783	-79.761277806	152.678450233	 0.088175950	         0.000009140	         0.000000000	         0.000009140
 20553	     -448000	 0.104415746	19.753339038	-73.738059487	152.762460013	 0.089252498	         0.000010900	         0.000000000	         0.000010900
 20554	     -447000	 0.104213875	19.855322745	-67.798218820	152.869344128	 0.090526728	         0.000012809	         0.000000000	         0.000012809
 20555	     -446000	 0.103913767	19.970649858	-61.716485987	153.006555597	 0.091989608	         0.000015138	         0.000000000	         0.000015138
 20556	     -445000	 0.103632189	20.098451812	-55.561593016	153.174366569	 0.093638356	         0.000018331	         0.000000000	         0.000018331
 20557	     -444000	 0.103142396	20.239479855	-49.397543857	153.384362197	 0.095492048	         0.000022306	         0.000000000	         0.000022306
 20558	     -443000	 0.102594499	20.392340109	-43.180589867	153.612869242	 0.097542732	         0.000026560	         0.000000000	         0.000026560
 20559	     -442000	 0.102094276	20.556316961	-36.906770136	153.852804042	 0.099791533	         0.000031282	         0.000000000	         0.000031282
 20560	     -441000	 0.101418020	20.731396369	-30.501263454	154.158871220	 0.102249855	         0.000037574	         0.000000000	         0.000037574
 20561	     -440000	 0.100612810	20.916451762	-24.131887082	154.465086968	 0.104914116	         0.000043645	         0.000000000	         0.000043645
 20562	     -439000	 0.099801682	21.110735354	-17.707785438	154.822001216	 0.107785969	         0.000051000	         0.000000000	         0.000051000
 20563	     -438000	 0.098991063	21.313165946	-11.120461420	155.189352110	 0.110861907	         0.000058231	         0.000000000	         0.000058231
 20564	     -437000	 0.097988888	21.522641323	-4.589955745	155.596785913	 0.114137336	         0.000066134	         0.000000000	         0.000066134
 20565	     -436000	 0.097012296	21.738411815	 1.999400543	156.040357507	 0.117612406	         0.000074729	         0.000000000	         0.000074729
 20566	     -435000	 0.096112405	21.959199964	 8.708213249	156.494296340	 0.121277835	         0.000082617	         0.000000000	         0.000082617
 20567	     -434000	 0.094871947	22.183936174	15.425421999	156.981642889	 0.125126147	         0.000092023	         0.000000000	         0.000092023
 20568	     -433000	 0.093717211	22.411455413	22.149081502	157.497370929	 0.129146521	         0.000101832	         0.000000000	         0.000101832
 20569	     -432000	 0.092570945	22.641216795	28.915953590	158.012210596	 0.133337621	         0.000110891	         0.000000000	         0.000110891
 20570	     -431000	 0.091280719	22.872575902	35.851098345	158.544618426	 0.137695308	         0.000120785	         0.000000000	         0.000120785
 20571	     -430000	 0.089880819	23.104270285	42.752121722	159.079606037	 0.142202038	         0.000132203	         0.000000000	         0.000132203
 20572	     -429000	 0.088407314	23.336253064	49.761852521	159.622918111	 0.146862159	         0.000146131	         0.000000000	         0.000146131
 20573	     -428000	 0.087055942	23.568404303	56.828114803	160.146021167	 0.151678550	         0.000161412	         0.000000000	         0.000161412
 20574	     -427000	 0.085523656	23.800273683	64.050375750	160.650029917	 0.156646758	         0.000180860	         0.000000000	         0.000180860
 20575	     -426000	 0.084054184	24.031816180	71.371111583	161.120877689	 0.161770349	         0.000203185	         0.000000000	         0.000203185
 20576	     -425000	 0.082640209	24.262875673	78.704281287	161.580812593	 0.167050305	         0.000234168	         0.000000000	         0.000234168
 20577	     -424000	 0.081254428	24.494013611	86.283114421	161.998423309	 0.172504474	         0.000272043	         0.000000000	         0.000272043
 20578	     -423000	 0.079854296	24.725194202	93.752355689	162.376287670	 0.178137776	         0.000319497	         0.000000000	         0.000319497
 20579	     -422000	 0.078553475	24.955606627	101.346534410	162.710502668	 0.183935398	         0.000378726	         0.000000000	         0.000378726
 20580	     -421000	 0.077463566	25.186350218	109.066419876	163.006887275	 0.189930451	         0.000451413	         0.000000000	         0.000451413
 20581	     -420000	 0.076046534	25.417401988	116.810454550	163.268794320	 0.196129304	         0.000549536	         0.000000000	         0.000549536
 20582	     -419000	 0.074886169	25.647626042	124.541382536	163.505269333	 0.202507171	         0.000671930	         0.000000000	         0.000671930
 20583	     -418000	 0.073764864	25.877504820	132.342403219	163.832782981	 0.209082403	         0.000839423	         0.000000070	         0.000839493
 20584	     -417000	 0.072698089	26.106626624	140.330293506	164.032512019	 0.215848415	         0.001035695	         0.000005815	         0.001041510
 20585	     -416000	 0.071481174	26.334548067	148.230073918	164.204255005	 0.222796202	         0.001274847	         0.000019106	         0.001293953
 20586	     -415000	 0.070438602	26.560782398	156.299431877	164.357509614	 0.229913703	         0.001571880	         0.000042142	         0.001614023
 20587	     -414000	 0.069487040	26.784373933	164.407454804	164.485890637	 0.237171440	         0.001926786	         0.000076258	         0.002003044
 20588	     -413000	 0.068557237	27.005600883	172.584617908	164.609009934	 0.244577884	         0.002368482	         0.000129092	         0.002497574
 20589	     -412000	 0.067751789	27.223425841	-179.159080626	164.722821793	 0.252096379	         0.002895919	         0.000203531	         0.003099450
 20590	     -411000	 0.067111113	27.436839030	-170.906675002	164.816551191	 0.259686700	         0.003499593	         0.000301516	         0.003801109
 20591	     -410000	 0.066482115	27.646315655	-162.509726288	164.899614744	 0.267359222	         0.004189824	         0.000426217	         0.004616040
 20592	     -409000	 0.065904691	27.850601462	-154.211828413	164.987866399	 0.275059897	         0.004992452	         0.000590512	         0.005582964
 20593	     -408000	 0.065517944	28.049456228	-145.949687243	165.078630698	 0.282766136	         0.005892931	         0.000794552	         0.006687482
 20594	     -407000	 0.065332851	28.243228828	-137.516629651	165.164299387	 0.290421685	         0.006875620	         0.001035221	         0.007910841
 20595	     -406000	 0.064967014	28.430711575	-129.093539419	165.281444678	 0.297943105	         0.007964414	         0.001326652	         0.009291066
 20596	     -405000	 0.064812231	28.612340545	-120.827735272	165.387533697	 0.305335758	         0.009074739	         0.001644670	         0.010719409
 20597	     -404000	 0.064847606	28.788137444	-112.516470610	165.484377089	 0.312589263	         0.010214753	         0.001996209	         0.012210963
 20598	     -403000	 0.064893803	28.957411961	-104.127488074	165.592064729	 0.319663801	         0.011360774	         0.002371889	         0.013732663
 20599	     -402000	 0.065050817	29.120604728	-95.852665171	165.729835193	 0.326566776	         0.012515984	         0.002779327	         0.015295311
 20600	     -401000	 0.065326528	29.277183504	-87.650634931	165.861998210	 0.333265153	         0.013558148	         0.003169720	         0.016727868
 20601	     -400000	 0.065761510	29.427107531	-79.415707434	165.989673187	 0.339746826	         0.014442838	         0.003511165	         0.017954002
 20602	     -399000	 0.066134286	29.570418567	-71.395309280	166.143895595	 0.346003844	         0.015201903	         0.003827821	         0.019029724
 20603	     -398000	 0.066677957	29.705890532	-63.372382483	166.317348788	 0.351972807	         0.015831495	         0.004107434	         0.019938929
 20604	     -397000	 0.067321109	29.833968797	-55.517321169	166.497818685	 0.357663698	         0.016292652	         0.004328917	         0.020621569
 20605	     -396000	 0.067841888	29.954156486	-47.623770726	166.696071127	 0.363045503	         0.016523840	         0.004466261	         0.020990100
 20606	     -395000	 0.068446604	30.064871194	-39.894880808	166.900035142	 0.368038153	         0.016602924	         0.004543990	         0.021146914
 20607	     -394000	 0.069056594	30.166494758	-32.261133437	167.113844608	 0.372649969	         0.016433144	         0.004515327	         0.020948471
 20608	     -393000	 0.069830315	30.258005064	-24.580012009	167.330607626	 0.376826353	         0.016039857	         0.004389448	         0.020429305
 20609	     -392000	 0.070364828	30.338292323	-16.949489692	167.576379320	 0.380508648	         0.015550740	         0.004240270	         0.019791009
 20610	     -391000	 0.071069537	30.407452813	-9.422837673	167.822792000	 0.383694033	         0.014907837	         0.004027799	         0.018935636
 20611	     -390000	 0.071974637	30.464168161	-1.989558957	168.073173828	 0.386315382	         0.014152585	         0.003770771	         0.017923356
 20612	     -389000	 0.072694139	30.508252531	 5.597531740	168.329919928	 0.388358586	         0.013314356	         0.003499062	         0.016813418
 20613	     -388000	 0.073599872	30.539450689	12.910982524	168.573280794	 0.389807511	         0.012388023	         0.003185923	         0.015573946
 20614	     -387000	 0.074543853	30.556607757	20.224631820	168.821491364	 0.390605372	         0.011474440	         0.002886857	         0.014361297
 20615	     -386000	 0.075566540	30.560587332	27.486301600	169.055152693	 0.390790541	         0.010560704	         0.002596998	         0.013157702
 20616	     -385000	 0.076485975	30.550826221	34.596577097	169.273841911	 0.390336429	         0.009709172	         0.002336367	         0.012045538
 20617	     -384000	 0.077541059	30.526875215	41.661964832	169.477223843	 0.389223178	         0.008856649	         0.002071488	         0.010928136
 20618	     -383000	 0.078573765	30.489771046	48.661430888	169.645881678	 0.387501415	         0.008057473	         0.001830452	         0.009887925
 20619	     -382000	 0.079500041	30.438760556	55.635630547	169.797204311	 0.385140042	         0.007374474	         0.001633607	         0.009008080
 20620	     -381000	 0.080402545	30.374413693	62.482195433	169.903579937	 0.382170782	         0.006733699	         0.001446865	         0.008180563
 20621	     -380000	 0.081375338	30.297212191	69.296712439	169.985220240	 0.378622448	         0.006169505	         0.001284081	         0.007453585
 20622	     -379000	 0.082284373	30.206346938	76.185991488	170.023223967	 0.374466038	         0.005685660	         0.001149213	         0.006834873
 20623	     -378000	 0.083049984	30.103098249	82.990154027	170.008221238	 0.369769700	         0.005272628	         0.001031625	         0.006304253
 20624	     -377000	 0.083857725	29.987064110	89.737708666	169.944025735	 0.364525979	         0.004903455	         0.000925037	         0.005828493
 20625	     -376000	 0.084810534	29.857578588	96.491010331	169.838219685	 0.358717753	         0.004594956	         0.000834997	         0.005429953
 20626	     -375000	 0.085547898	29.716190947	103.293678277	169.678023621	 0.352428780	         0.004343548	         0.000758834	         0.005102382
 20627	     -374000	 0.086310245	29.561732534	109.980901135	169.473786022	 0.345622921	         0.004147745	         0.000696666	         0.004844411
 20628	     -373000	 0.087220885	29.394130740	116.615450043	169.218634696	 0.338315484	         0.003969181	         0.000637096	         0.004606277
 20629	     -372000	 0.087896304	29.214470266	123.340123235	168.914073204	 0.330573537	         0.003837749	         0.000587639	         0.004425388
 20630	     -371000	 0.088614506	29.021319542	129.933008314	168.554034644	 0.322357462	         0.003708938	         0.000536961	         0.004245899
 20631	     -370000	 0.089361930	28.815628023	136.537886158	168.160828224	 0.313732200	         0.003594631	         0.000488002	         0.004082633
 20632	     -369000	 0.090081311	28.597684364	143.171191562	167.729652041	 0.304735380	         0.003507451	         0.000446606	         0.003954057
 20633	     -368000	 0.090634649	28.366654751	149.716933363	167.254325523	 0.295360704	         0.003416676	         0.000403532	         0.003820208
 20634	     -367000	 0.091311248	28.124317198	156.301421281	166.758449725	 0.285709411	         0.003321127	         0.000359126	         0.003680253
 20635	     -366000	 0.092003515	27.870318059	162.767453622	166.252382269	 0.275814762	         0.003234024	         0.000318007	         0.003552030
 20636	     -365000	 0.092570801	27.604992693	169.371806482	165.704133589	 0.265827942	         0.003118347	         0.000271453	         0.003389800
 20637	     -364000	 0.093119552	27.330446081	175.827157039	165.160464181	 0.255874550	         0.003006341	         0.000229481	         0.003235822
 20638	     -363000	 0.093640067	27.046354091	-177.781266293	164.592857208	 0.245967275	         0.002858975	         0.000183446	         0.003042420
 20639	     -362000	 0.094269015	26.754330361	-171.315876311	164.025793575	 0.236183064	         0.002698058	         0.000139031	         0.002837089
 20640	     -361000	 0.094618814	26.456094150	-164.938958484	163.466476682	 0.226592300	         0.002538496	         0.000100121	         0.002638617
 20641	     -360000	 0.094987851	26.151951376	-158.573095958	162.901639947	 0.217212583	         0.002357494	         0.000064957	         0.002422451
 20642	     -359000	 0.095369622	25.844145517	-152.287201787	162.333782060	 0.208115144	         0.002152818	         0.000034122	         0.002186940
 20643	     -358000	 0.095473227	25.533561207	-145.888910310	161.778795112	 0.199321737	         0.001952197	         0.000012483	         0.001964680
 20644	     -357000	 0.095574329	25.221545497	-139.631422876	161.241767369	 0.190861895	         0.001754009	         0.000000093	         0.001754103
 20645	     -356000	 0.095678737	24.909951733	-133.296845744	160.707119495	 0.182771835	         0.001549315	         0.000000000	         0.001549315
 20646	     -355000	 0.095681203	24.598901010	-126.900619621	160.196675341	 0.175037900	         0.001367575	         0.000000000	         0.001367575
 20647	     -354000	 0.095478796	24.290557143	-120.577278446	159.684290622	 0.167694307	         0.001177735	         0.000000000	         0.001177735
 20648	     -353000	 0.095458718	23.985774359	-114.221628093	159.198863133	 0.160738354	         0.001007528	         0.000000000	         0.001007528
 20649	     -352000	 0.095398327	23.684513463	-107.865729250	158.715751517	 0.154146377	         0.000847859	         0.000000000	         0.000847859
 20650	     -351000	 0.095240376	23.389076636	-101.504116105	158.240945012	 0.147944460	         0.000701820	         0.000000000	         0.000701820
 20651	     -350000	 0.095096122	23.099399909	-95.173340010	157.768071472	 0.142105802	         0.000571254	         0.000000000	         0.000571254
 20652	     -349000	 0.094999252	22.816321285	-88.960469101	157.313199156	 0.136622813	         0.000459309	         0.000000000	         0.000459309
 20653	     -348000	 0.094841717	22.541726797	-82.657752735	156.664533858	 0.131506372	         0.000335496	         0.000000000	         0.000335496
 20654	     -347000	 0.094512503	22.274971487	-76.439575247	156.275979022	 0.126719542	         0.000262729	         0.000000000	         0.000262729
 20655	     -346000	 0.094194371	22.018276072	-70.308865275	155.925804304	 0.122277818	         0.000205657	         0.000000000	         0.000205657
 20656	     -345000	 0.093922140	21.772953009	-64.118712122	155.571154009	 0.118178447	         0.000156546	         0.000000000	         0.000156546
 20657	     -344000	 0.093300355	21.538672378	-57.930101235	155.255917528	 0.114391953	         0.000118887	         0.000000000	         0.000118887
 20658	     -343000	 0.092740138	21.318387692	-51.778747605	154.949318885	 0.110942402	         0.000088184	         0.000000000	         0.000088184
 20659	     -342000	 0.092169739	21.112794739	-45.610535095	154.693947790	 0.107816828	         0.000066612	         0.000000000	         0.000066612
 20660	     -341000	 0.091377557	20.922768657	-39.328442599	154.446610875	 0.105006276	         0.000048437	         0.000000000	         0.000048437
 20661	     -340000	 0.090607702	20.750964575	-33.105355782	154.231579767	 0.102528351	         0.000035180	         0.000000000	         0.000035180
 20662	     -339000	 0.089785060	20.597291952	-26.824862298	154.056532369	 0.100361519	         0.000025103	         0.000000000	         0.000025103
 20663	     -338000	 0.089049690	20.463408482	-20.398322624	153.899266664	 0.098511083	         0.000017312	         0.000000000	         0.000017312
 20664	     -337000	 0.088048229	20.351022249	-14.044232772	153.808741243	 0.096984131	         0.000012091	         0.000000000	         0.000012091
 20665	     -336000	 0.087204422	20.259465468	-7.571065312	153.748439112	 0.095757694	         0.000008241	         0.000000000	         0.000008241
 20666	     -335000	 0.086352283	20.189926936	-1.136674931	153.723756724	 0.094836573	         0.000005267	         0.000000000	         0.000005267
 20667	     -334000	 0.085383380	20.142635458	 5.477337224	153.755971720	 0.094215208	         0.000003253	         0.000000000	         0.000003253
 20668	     -333000	 0.084411295	20.117211449	12.081443414	153.834857515	 0.093882845	         0.000001937	         0.000000000	         0.000001937
 20669	     -332000	 0.083401064	20.113433214	18.708944067	153.945668171	 0.093833553	         0.000001047	         0.000000000	         0.000001047
 20670	     -331000	 0.082572941	20.130037738	25.472619980	154.104696797	 0.094050373	         0.000000431	         0.000000000	         0.000000431
 20671	     -330000	 0.081443003	20.167200157	32.335478137	154.299793535	 0.094537455	         0.000000184	         0.000000000	         0.000000184
 20672	     -329000	 0.080500513	20.223389509	39.240100701	154.546838283	 0.095278713	         0.000000060	         0.000000000	         0.000000060
 20673	     -328000	 0.079634605	20.296732395	46.215668489	154.813641379	 0.096255016	         0.000000015	         0.000000000	         0.000000015
 20674	     -327000	 0.078577853	20.387222098	53.398058906	155.119125936	 0.097473364	         0.000000031	         0.000000000	         0.000000031
 20675	     -326000	 0.077702044	20.492955878	60.513165202	155.436055045	 0.098916509	         0.000000135	         0.000000000	         0.000000135
 20676	     -325000	 0.076874934	20.612533407	67.807439301	155.793240228	 0.100574367	         0.000000559	         0.000000000	         0.000000559
 20677	     -324000	 0.076026922	20.745428963	75.252809962	156.126840153	 0.102449491	         0.000001175	         0.000000000	         0.000001175
 20678	     -323000	 0.075078032	20.889668314	82.739643953	156.456767430	 0.104524258	         0.000002531	         0.000000000	         0.000002531
 20679	     -322000	 0.074308601	21.044950268	90.312211677	156.771630519	 0.106804853	         0.000004449	         0.000000000	         0.000004449
 20680	     -321000	 0.073626079	21.210308968	98.027457036	157.096881646	 0.109288178	         0.000007739	         0.000000000	         0.000007739
 20681	     -320000	 0.072921001	21.384036563	105.993114824	157.403938484	 0.111959406	         0.000012682	         0.000000000	         0.000012682
 20682	     -319000	 0.072286571	21.566437244	113.968884955	157.673469605	 0.114834281	         0.000019398	         0.000000000	         0.000019398
 20683	     -318000	 0.071782063	21.755805647	122.015917729	157.926460332	 0.117897106	         0.000028833	         0.000000000	         0.000028833
 20684	     -317000	 0.071469228	21.951345971	130.242333881	158.174745039	 0.121145508	         0.000041817	         0.000000000	         0.000041817
 20685	     -316000	 0.071218657	22.152891551	138.541792199	158.376438825	 0.124587366	         0.000058256	         0.000000000	         0.000058256
 20686	     -315000	 0.071131593	22.358069468	146.863863896	158.567911205	 0.128191717	         0.000080605	         0.000000000	         0.000080605
 20687	     -314000	 0.071302845	22.566777481	155.194778428	158.741951722	 0.131965081	         0.000109342	         0.000000000	         0.000109342
 20688	     -313000	 0.071340423	22.778135986	163.633579606	158.895172113	 0.135899573	         0.000146185	         0.000000000	         0.000146185
 20689	     -312000	 0.071574712	22.989331129	171.928930362	159.039218101	 0.139948193	         0.000190538	         0.000000000	         0.000190538
 20690	     -311000	 0.072007583	23.200444603	-179.819118955	159.157279047	 0.144115791	         0.000246711	         0.000000000	         0.000246711
 20691	     -310000	 0.072435633	23.410285427	-171.337237843	159.279288212	 0.148381247	         0.000318271	         0.000000000	         0.000318271
 20692	     -309000	 0.072815138	23.616440169	-163.052700210	159.392300007	 0.152694694	         0.000403804	         0.000000000	         0.000403804
 20693	     -308000	 0.073357752	23.818722798	-154.748857363	159.664607332	 0.157048983	         0.000528791	         0.000000000	         0.000528791
 20694	     -307000	 0.074042058	24.015747619	-146.486384403	159.812572219	 0.161409433	         0.000661219	         0.000000000	         0.000661219
 20695	     -306000	 0.074696154	24.206766854	-138.105292044	159.934843878	 0.165752526	         0.000811748	         0.000000000	         0.000811748
 20696	     -305000	 0.075557625	24.391201100	-129.823929953	160.056064024	 0.170056755	         0.000985990	         0.000000000	         0.000985990
 20697	     -304000	 0.076377067	24.567896569	-121.626986070	160.169641740	 0.174285176	         0.001171650	         0.000000000	         0.001171650
 20698	     -303000	 0.077451680	24.737473639	-113.380141953	160.280192244	 0.178442089	         0.001377341	         0.000000000	         0.001377341
 20699	     -302000	 0.078480766	24.899335336	-105.303738132	160.385794357	 0.182502321	         0.001589027	         0.000000000	         0.001589027
 20700	     -301000	 0.079630201	25.052921120	-97.282718187	160.486494508	 0.186440344	         0.001797231	         0.000000000	         0.001797231
 20701	     -300000	 0.080903243	25.199214132	-89.348119639	160.599942362	 0.190270367	         0.002011510	         0.000001217	         0.002012727
 20702	     -299000	 0.081999178	25.337839010	-81.409543892	160.712263731	 0.193972210	         0.002200921	         0.000009035	         0.002209956
 20703	     -298000	 0.083175234	25.468650731	-73.690182950	160.824739669	 0.197531434	         0.002367476	         0.000019240	         0.002386716
 20704	     -297000	 0.084359125	25.592347749	-66.029577308	160.950096193	 0.200957133	         0.002496234	         0.000028956	         0.002525190
 20705	     -296000	 0.085667785	25.708550321	-58.264456530	161.070722081	 0.204229380	         0.002583374	         0.000038507	         0.002621881
 20706	     -295000	 0.086664229	25.817485501	-50.699569976	161.232874203	 0.207345351	         0.002664104	         0.000051170	         0.002715274
 20707	     -294000	 0.087846039	25.919110591	-43.181819527	161.378602969	 0.210295072	         0.002678285	         0.000058088	         0.002736373
 20708	     -293000	 0.089044832	26.013157496	-35.710862504	161.533533908	 0.213062206	         0.002653276	         0.000061459	         0.002714735
 20709	     -292000	 0.090119097	26.100038179	-28.243035392	161.713048041	 0.215650833	         0.002594845	         0.000064127	         0.002658971
 20710	     -291000	 0.091281225	26.179124500	-20.941232881	161.914644546	 0.218034560	         0.002514274	         0.000063668	         0.002577942
 20711	     -290000	 0.092364043	26.250520815	-13.661842040	162.112050482	 0.220209127	         0.002397079	         0.000062281	         0.002459361
 20712	     -289000	 0.093427792	26.314615124	-6.410964304	162.347885527	 0.222179759	         0.002267418	         0.000059209	         0.002326627
 20713	     -288000	 0.094440530	26.370908672	 0.704580500	162.562898576	 0.223925092	         0.002109469	         0.000053115	         0.002162585
 20714	     -287000	 0.095354683	26.419936858	 7.739381168	162.804534470	 0.225456335	         0.001952625	         0.000047957	         0.002000582
 20715	     -286000	 0.096341535	26.462101023	14.778502088	163.056257478	 0.226781573	         0.001786318	         0.000041119	         0.001827437
 20716	     -285000	 0.097090557	26.497298816	21.797651190	163.314600077	 0.227893819	         0.001620791	         0.000033892	         0.001654683
 20717	     -284000	 0.097818075	26.526481003	28.676732487	163.575078731	 0.228820108	         0.001476765	         0.000029576	         0.001506342
 20718	     -283000	 0.098556954	26.549898790	35.504944491	163.770114728	 0.229566147	         0.001332075	         0.000023778	         0.001355853
 20719	     -282000	 0.099219108	26.567924135	42.440036648	164.070228823	 0.230142052	         0.001209994	         0.000020062	         0.001230056
 20720	     -281000	 0.099755963	26.581636015	49.212976555	164.339926712	 0.230581109	         0.001103325	         0.000017129	         0.001120454
 20721	     -280000	 0.100294624	26.591081442	55.921878912	164.612119231	 0.230884041	         0.001019158	         0.000015255	         0.001034414
 20722	     -279000	 0.100914162	26.596933314	62.698414615	164.862042861	 0.231071921	         0.000941205	         0.000012982	         0.000954187
 20723	     -278000	 0.101266408	26.599884661	69.343949588	165.075842905	 0.231166735	         0.000882084	         0.000011898	         0.000893982
 20724	     -277000	 0.101672351	26.599985363	75.957946959	165.260514754	 0.231169971	         0.000835352	         0.000010463	         0.000845815
 20725	     -276000	 0.102092817	26.597920752	82.496887004	165.413976920	 0.231103639	         0.000805639	         0.000010150	         0.000815789
 20726	     -275000	 0.102279340	26.593967959	89.067544626	165.522652122	 0.230976697	         0.000786487	         0.000009164	         0.000795651
 20727	     -274000	 0.102499611	26.588266270	95.512695399	165.601720654	 0.230793712	         0.000786608	         0.000009577	         0.000796185
 20728	     -273000	 0.102528135	26.581350400	101.965558904	165.617433661	 0.230571955	         0.000792826	         0.000009217	         0.000802043
 20729	     -272000	 0.102638078	26.573195321	108.422531329	165.672438947	 0.230310737	         0.000825554	         0.000010916	         0.000836470
 20730	     -271000	 0.102473106	26.564087181	114.838346049	165.647985011	 0.230019341	         0.000863075	         0.000011967	         0.000875042
 20731	     -270000	 0.102354550	26.554255164	121.253168846	165.580197737	 0.229705200	         0.000918238	         0.000013582	         0.000931819
 20732	     -269000	 0.102296248	26.543607091	127.609299467	165.480724759	 0.229365469	         0.000982426	         0.000015553	         0.000997979
 20733	     -268000	 0.102037441	26.532518769	134.094495346	165.331396752	 0.229012225	         0.001059586	         0.000018035	         0.001077621
 20734	     -267000	 0.101773466	26.520840546	140.399582108	165.185312744	 0.228640778	         0.001156740	         0.000021291	         0.001178031
 20735	     -266000	 0.101483838	26.508664689	146.712390923	165.007702362	 0.228254143	         0.001263302	         0.000025013	         0.001288315
 20736	     -265000	 0.101260566	26.496190185	153.120811776	164.812119601	 0.227858703	         0.001388181	         0.000030596	         0.001418778
 20737	     -264000	 0.100774896	26.483131370	159.399299417	169.005265809	 0.227445475	         0.002779073	         0.000238963	         0.003018036
 20738	     -263000	 0.100357253	26.469649072	165.672694153	164.388480671	 0.227019632	         0.001660965	         0.000041798	         0.001702763
 20739	     -262000	 0.099913047	26.455669016	171.973360935	164.175805160	 0.226578910	         0.001831920	         0.000051660	         0.001883580
 20740	     -261000	 0.099306396	26.440969158	178.286988099	163.962746400	 0.226116418	         0.002006544	         0.000061355	         0.002067899
 20741	     -260000	 0.098684159	26.425632013	-175.482433393	163.740190043	 0.225634883	         0.002178452	         0.000071347	         0.002249799
 20742	     -259000	 0.098000006	26.409433762	-169.185655810	163.527948002	 0.225127424	         0.002361308	         0.000082256	         0.002443564
 20743	     -258000	 0.097239175	26.392335359	-162.822195829	163.333279745	 0.224593004	         0.002558246	         0.000096146	         0.002654392
 20744	     -257000	 0.096463176	26.374245346	-156.512997135	163.130564149	 0.224028972	         0.002742595	         0.000109226	         0.002851820
 20745	     -256000	 0.095611291	26.354847716	-150.189586488	162.937680231	 0.223425743	         0.002923286	         0.000122916	         0.003046203
 20746	     -255000	 0.094905072	26.334264963	-143.802229612	162.756344326	 0.222787435	         0.003101074	         0.000136777	         0.003237851
 20747	     -254000	 0.093973777	26.312121915	-137.376640101	162.585130249	 0.222102775	         0.003252008	         0.000147804	         0.003399812
 20748	     -253000	 0.093064129	26.288292216	-131.032088052	162.423797765	 0.221368315	         0.003379926	         0.000155668	         0.003535594
 20749	     -252000	 0.092270861	26.262756341	-124.693317508	162.281359910	 0.220583964	         0.003494948	         0.000163670	         0.003658617
 20750	     -251000	 0.091319608	26.234987488	-118.200660637	162.138605599	 0.219734179	         0.003566592	         0.000165366	         0.003731957
 20751	     -250000	 0.090287261	26.205101319	-111.797498010	162.007679625	 0.218823258	         0.003606527	         0.000164589	         0.003771116
 20752	     -249000	 0.089277888	26.172698150	-105.413547627	161.897920178	 0.217839885	         0.003620849	         0.000163455	         0.003784305
 20753	     -248000	 0.088256798	26.137283786	-98.874069580	161.783622970	 0.216770182	         0.003596944	         0.000156713	         0.003753658
 20754	     -247000	 0.087061563	26.099049544	-92.388261084	161.682652118	 0.215621200	         0.003528995	         0.000144744	         0.003673739
 20755	     -246000	 0.085937024	26.057439325	-85.807785548	161.595441244	 0.214377686	         0.003424957	         0.000129590	         0.003554547
 20756	     -245000	 0.084837261	26.012087405	-79.205416717	161.512855175	 0.213030517	         0.003288127	         0.000112328	         0.003400456
 20757	     -244000	 0.083570284	25.963060743	-72.432099440	161.442279907	 0.211583712	         0.003118015	         0.000093093	         0.003211108
 20758	     -243000	 0.082473098	25.909767900	-65.770256756	161.377977112	 0.210022153	         0.002920565	         0.000073552	         0.002994118
 20759	     -242000	 0.081257461	25.852258478	-59.000409889	161.310163428	 0.208349969	         0.002695811	         0.000053494	         0.002749305
 20760	     -241000	 0.080212915	25.790305687	-52.102418923	161.257945250	 0.206563479	         0.002484423	         0.000038895	         0.002523318
 20761	     -240000	 0.078985752	25.723396119	-45.225849260	161.209911028	 0.204651256	         0.002261329	         0.000025726	         0.002287054
 20762	     -239000	 0.077809760	25.652017403	-38.305855899	161.173466006	 0.202630819	         0.002040131	         0.000014463	         0.002054594
 20763	     -238000	 0.076746489	25.575793674	-31.354512297	161.149095949	 0.200495259	         0.001824746	         0.000005400	         0.001830147
 20764	     -237000	 0.075574847	25.494512236	-24.181605469	161.109563000	 0.198242788	         0.001609013	         0.000000704	         0.001609717
 20765	     -236000	 0.074357476	25.408542225	-17.128978698	161.072997802	 0.195887918	         0.001408931	         0.000000000	         0.001408931
 20766	     -235000	 0.073234805	25.317848233	-9.946566947	161.054938362	 0.193433964	         0.001230070	         0.000000000	         0.001230070
 20767	     -234000	 0.072168182	25.222592556	-2.545388764	161.011795459	 0.190889675	         0.001056560	         0.000000000	         0.001056560
 20768	     -233000	 0.070952499	25.122773472	 4.818408780	160.892122001	 0.188259399	         0.000894101	         0.000000000	         0.000894101
 20769	     -232000	 0.069936016	25.018740658	12.301997103	160.922852510	 0.185556651	         0.000771784	         0.000000000	         0.000771784
 20770	     -231000	 0.068973301	24.911019289	19.959323455	160.952346930	 0.182798958	         0.000663336	         0.000000000	         0.000663336
 20771	     -230000	 0.067997009	24.799561091	27.664641583	160.966370793	 0.179988736	         0.000569371	         0.000000000	         0.000569371
 20772	     -229000	 0.067151105	24.684901400	35.390531236	160.984940059	 0.177142868	         0.000490139	         0.000000000	         0.000490139
 20773	     -228000	 0.066404574	24.567622096	43.214197110	160.998256816	 0.174278527	         0.000423841	         0.000000000	         0.000423841
 20774	     -227000	 0.065653857	24.447706677	51.243808581	160.995157569	 0.171397686	         0.000365510	         0.000000000	         0.000365510
 20775	     -226000	 0.064951709	24.325966181	59.206724666	160.974318771	 0.168521709	         0.000317508	         0.000000000	         0.000317508
 20776	     -225000	 0.064316222	24.202554775	67.232864090	160.940446569	 0.165655510	         0.000278689	         0.000000000	         0.000278689
 20777	     -224000	 0.063895073	24.077650183	75.403386954	160.865618880	 0.162804266	         0.000245330	         0.000000000	         0.000245330
 20778	     -223000	 0.063424803	23.952189204	83.740377449	160.798503216	 0.159989722	         0.000220807	         0.000000000	         0.000220807
 20779	     -222000	 0.063026532	23.826103948	92.021320640	160.680994555	 0.157210194	         0.000199841	         0.000000000	         0.000199841
 20780	     -221000	 0.062815824	23.699807263	100.345313738	160.559903471	 0.154474416	         0.000184699	         0.000000000	         0.000184699
 20781	     -220000	 0.062794824	23.573951502	108.899672022	160.384516667	 0.151795548	         0.000171287	         0.000000000	         0.000171287
 20782	     -219000	 0.062824091	23.448913282	117.361595541	160.211301730	 0.149180089	         0.000163231	         0.000000000	         0.000163231
 20783	     -218000	 0.063038376	23.325311978	125.783973139	159.996200665	 0.146638979	         0.000156220	         0.000000000	         0.000156220
 20784	     -217000	 0.063548061	23.203501937	134.368671742	159.780382566	 0.144177049	         0.000152665	         0.000000000	         0.000152665
 20785	     -216000	 0.063922666	23.084272426	142.734028062	159.519240484	 0.141807307	         0.000149168	         0.000000000	         0.000149168
 20786	     -215000	 0.064617805	22.968865474	151.067261629	159.268982675	 0.139550645	         0.000148735	         0.000000000	         0.000148735
 20787	     -214000	 0.065394522	22.857430117	159.352650667	159.005498741	 0.137405728	         0.000148889	         0.000000000	         0.000148889
 20788	     -213000	 0.066235999	22.750743597	167.744935617	158.721378854	 0.135383114	         0.000149360	         0.000000000	         0.000149360
 20789	     -212000	 0.067152140	22.650412830	175.864595794	158.454963464	 0.133508168	         0.000150737	         0.000000000	         0.000150737
 20790	     -211000	 0.068139249	22.556723721	-175.963985569	158.179644884	 0.131780792	         0.000152300	         0.000000000	         0.000152300
 20791	     -210000	 0.069443814	22.470342526	-167.940219215	157.918573282	 0.130207963	         0.000155741	         0.000000000	         0.000155741
 20792	     -209000	 0.070617138	22.392214097	-159.815565426	157.667404968	 0.128801575	         0.000159320	         0.000000000	         0.000159320
 20793	     -208000	 0.071985370	22.322864136	-151.888184450	157.427823438	 0.127565938	         0.000162262	         0.000000000	         0.000162262
 20794	     -207000	 0.073458104	22.262747901	-144.068381244	157.217605203	 0.126504419	         0.000167709	         0.000000000	         0.000167709
 20795	     -206000	 0.075120855	22.212035729	-136.251320771	157.012050095	 0.125615826	         0.000172447	         0.000000000	         0.000172447
 20796	     -205000	 0.076737766	22.170958981	-128.643093562	156.828396247	 0.124900645	         0.000177952	         0.000000000	         0.000177952
 20797	     -204000	 0.078482218	22.139849133	-121.130412554	156.664915513	 0.124361707	         0.000182725	         0.000000000	         0.000182725
 20798	     -203000	 0.080369184	22.118414728	-113.637767311	156.540545505	 0.123991737	         0.000190977	         0.000000000	         0.000190977
 20799	     -202000	 0.082010663	22.106386947	-106.283407002	156.425090390	 0.123784613	         0.000197626	         0.000000000	         0.000197626
 20800	     -201000	 0.083790603	22.103921105	-99.101902423	156.332184611	 0.123742193	         0.000204722	         0.000000000	         0.000204722
 20801	     -200000	 0.085686492	22.110667977	-91.904583528	156.261592659	 0.123858295	         0.000212928	         0.000000000	         0.000212928
 20802	     -199000	 0.087488192	22.126492948	-84.673451494	156.207596771	 0.124131042	         0.000219098	         0.000000000	         0.000219098
 20803	     -198000	 0.089182195	22.151081704	-77.634370465	156.169456475	 0.124556028	         0.000223383	         0.000000000	         0.000223383
 20804	     -197000	 0.090949752	22.184204048	-70.570546328	156.168487880	 0.125130806	         0.000231430	         0.000000000	         0.000231430
 20805	     -196000	 0.092820032	22.225967428	-63.566359241	156.186196578	 0.125859317	         0.000236322	         0.000000000	         0.000236322
 20806	     -195000	 0.094580526	22.275899917	-56.587194676	156.230268950	 0.126735897	         0.000240793	         0.000000000	         0.000240793
 20807	     -194000	 0.096340585	22.333865163	-49.627717610	156.302972866	 0.127761154	         0.000246535	         0.000000000	         0.000246535
 20808	     -193000	 0.098168556	22.399929310	-42.788044175	156.395099922	 0.128939777	         0.000250828	         0.000000000	         0.000250828
 20809	     -192000	 0.099890725	22.473573327	-35.889283201	156.513671236	 0.130266450	         0.000254199	         0.000000000	         0.000254199
 20810	     -191000	 0.101491539	22.554538609	-29.109355819	156.678035433	 0.131740772	         0.000257961	         0.000000000	         0.000257961
 20811	     -190000	 0.103119931	22.642429967	-22.371864886	156.856282587	 0.133360107	         0.000258957	         0.000000000	         0.000258957
 20812	     -189000	 0.104762165	22.736553467	-15.542574495	157.060063111	 0.135116343	         0.000257865	         0.000000000	         0.000257865
 20813	     -188000	 0.106077970	22.836500981	-8.811766849	157.320628895	 0.137006575	         0.000256383	         0.000000000	         0.000256383
 20814	     -187000	 0.107434669	22.941096784	-2.088670295	157.595398504	 0.139013039	         0.000254064	         0.000000000	         0.000254064
 20815	     -186000	 0.108857953	23.049636574	 4.601140026	157.907988937	 0.141126233	         0.000249022	         0.000000000	         0.000249022
 20816	     -185000	 0.109993015	23.161433163	11.391258749	158.241013009	 0.143336425	         0.000241257	         0.000000000	         0.000241257
 20817	     -184000	 0.111154276	23.274779793	18.075142745	158.612190686	 0.145612600	         0.000232874	         0.000000000	         0.000232874
 20818	     -183000	 0.112174784	23.389163525	24.767088913	159.007470316	 0.147946247	         0.000223215	         0.000000000	         0.000223215
 20819	     -182000	 0.113292991	23.503736141	31.529888471	159.420432714	 0.150321240	         0.000212144	         0.000000000	         0.000212144
 20820	     -181000	 0.114098547	23.616823358	38.170783280	159.848739155	 0.152702827	         0.000200792	         0.000000000	         0.000200792
 20821	     -180000	 0.114960379	23.728200033	44.897340348	160.296824809	 0.155085268	         0.000190479	         0.000000000	         0.000190479
 20822	     -179000	 0.115733283	23.837101090	51.534811325	160.730961935	 0.157450690	         0.000180653	         0.000000000	         0.000180653
 20823	     -178000	 0.116291999	23.942451895	58.238455679	161.173572440	 0.159773325	         0.000173127	         0.000000000	         0.000173127
 20824	     -177000	 0.116752823	24.044306989	64.896406369	161.592828976	 0.162051462	         0.000167655	         0.000000000	         0.000167655
 20825	     -176000	 0.117113408	24.141974794	71.546340623	161.984511434	 0.164266445	         0.000164785	         0.000000000	         0.000164785
 20826	     -175000	 0.117516548	24.235187222	78.283318756	162.330008823	 0.166408615	         0.000162601	         0.000000000	         0.000162601
 20827	     -174000	 0.117497825	24.323989648	84.966749026	162.638608267	 0.168475416	         0.000167951	         0.000000000	         0.000167951
 20828	     -173000	 0.117583481	24.407713955	91.663245088	162.897523787	 0.170447532	         0.000176505	         0.000000000	         0.000176505
 20829	     -172000	 0.117702337	24.486545874	98.375414067	163.090470857	 0.172325504	         0.000188214	         0.000000000	         0.000188214
 20830	     -171000	 0.117448939	24.560379233	105.125170560	163.218279958	 0.174103159	         0.000207007	         0.000000000	         0.000207007
 20831	     -170000	 0.117294616	24.628515563	111.794927404	163.292660032	 0.175759915	         0.000231047	         0.000000000	         0.000231047
 20832	     -169000	 0.117051204	24.691056478	118.488750371	163.321867092	 0.177294489	         0.000263724	         0.000000000	         0.000263724
 20833	     -168000	 0.116694469	24.747679595	125.220845564	163.272608072	 0.178695411	         0.000300435	         0.000000000	         0.000300435
 20834	     -167000	 0.116144314	24.797742697	131.875763886	163.212185765	 0.179943248	         0.000349096	         0.000000000	         0.000349096
 20835	     -166000	 0.115557965	24.841092169	138.527230329	163.081626761	 0.181030783	         0.000401262	         0.000000000	         0.000401262
 20836	     -165000	 0.114953875	24.877326778	145.204853870	162.924297499	 0.181944865	         0.000462830	         0.000000000	         0.000462830
 20837	     -164000	 0.114064495	24.906202684	151.887366120	162.737972241	 0.182676614	         0.000532075	         0.000000000	         0.000532075
 20838	     -163000	 0.113160022	24.927437228	158.570460530	162.533806624	 0.183216599	         0.000609344	         0.000000000	         0.000609344
 20839	     -162000	 0.112205950	24.940877468	165.212851485	162.434842931	 0.183559203	         0.000707523	         0.000000000	         0.000707523
 20840	     -161000	 0.111128841	24.946788821	171.954724633	162.229548959	 0.183710091	         0.000802578	         0.000000000	         0.000802578
 20841	     -160000	 0.109982723	24.945086042	178.648317645	162.016323826	 0.183666615	         0.000900168	         0.000000000	         0.000900168
 20842	     -159000	 0.108782538	24.936099830	-174.666274991	161.785221920	 0.183437343	         0.000993960	         0.000000000	         0.000993960
 20843	     -158000	 0.107715009	24.920407394	-167.903733872	161.563321786	 0.183037657	         0.001090965	         0.000000000	         0.001090965
 20844	     -157000	 0.106270321	24.898263706	-161.189282645	165.896507366	 0.182475138	         0.002706018	         0.000101320	         0.002807338
 20845	     -156000	 0.104922200	24.870426901	-154.498520536	161.127343327	 0.181770448	         0.001277312	         0.000000000	         0.001277312
 20846	     -155000	 0.103729263	24.837516634	-147.811480016	160.919347316	 0.180940834	         0.001353754	         0.000000000	         0.001353754
 20847	     -154000	 0.102168826	24.799988809	-141.049107898	160.711063765	 0.179999437	         0.001413926	         0.000000000	         0.001413926
 20848	     -153000	 0.100670931	24.758772243	-134.374251356	160.515435799	 0.178971150	         0.001461829	         0.000000000	         0.001461829
 20849	     -152000	 0.099050831	24.714288333	-127.673192223	160.335874687	 0.177867939	         0.001497153	         0.000000000	         0.001497153
 20850	     -151000	 0.097504847	24.666984470	-120.928289197	160.164613905	 0.176702251	         0.001515431	         0.000000000	         0.001515431
 20851	     -150000	 0.095713095	24.617669046	-114.195970824	160.011669525	 0.175495127	         0.001514523	         0.000000000	         0.001514523
 20852	     -149000	 0.094027396	24.566731161	-107.364459453	159.861422585	 0.174256946	         0.001492175	         0.000000000	         0.001492175
 20853	     -148000	 0.092350801	24.514663224	-100.601377313	159.723421016	 0.173000324	         0.001452320	         0.000000000	         0.001452320
 20854	     -147000	 0.090555507	24.461999598	-93.694027070	159.599989870	 0.171738543	         0.001406863	         0.000000000	         0.001406863
 20855	     -146000	 0.088844758	24.409155167	-86.883208268	159.488595314	 0.170481681	         0.001348905	         0.000000000	         0.001348905
 20856	     -145000	 0.087160066	24.356869149	-80.031519317	159.386980990	 0.169247153	         0.001272291	         0.000000000	         0.001272291
 20857	     -144000	 0.085545294	24.305603580	-73.072406637	159.293654006	 0.168045399	         0.001191625	         0.000000000	         0.001191625
 20858	     -143000	 0.083716342	24.255741123	-66.165386214	159.219155314	 0.166884723	         0.001100564	         0.000000000	         0.001100564
 20859	     -142000	 0.082025317	24.208367750	-59.274259003	159.151246635	 0.165789415	         0.001009986	         0.000000000	         0.001009986
 20860	     -141000	 0.080457978	24.164038814	-52.329228644	159.094938662	 0.164771007	         0.000922604	         0.000000000	         0.000922604
 20861	     -140000	 0.078696245	24.123134581	-45.216632012	159.054529884	 0.163836829	         0.000839175	         0.000000000	         0.000839175
 20862	     -139000	 0.076969496	24.086768000	-38.227399418	159.006763978	 0.163010731	         0.000756269	         0.000000000	         0.000756269
 20863	     -138000	 0.075366589	24.055487843	-31.109108763	158.883083245	 0.162303508	         0.000662497	         0.000000000	         0.000662497
 20864	     -137000	 0.073717305	24.029761119	-23.857142940	158.945595353	 0.161724145	         0.000605178	         0.000000000	         0.000605178
 20865	     -136000	 0.072128219	24.010365752	-16.608955727	159.039018607	 0.161288731	         0.000555495	         0.000000000	         0.000555495
 20866	     -135000	 0.070672647	23.997586095	-9.235159750	159.131853155	 0.161002476	         0.000504881	         0.000000000	         0.000504881
 20867	     -134000	 0.069340845	23.991884948	-1.796399738	159.250794824	 0.160874939	         0.000464347	         0.000000000	         0.000464347
 20868	     -133000	 0.067942036	23.993669277	 5.696256998	159.401370120	 0.160914844	         0.000427998	         0.000000000	         0.000427998
 20869	     -132000	 0.066729839	24.002764835	13.248810693	159.559919396	 0.161118415	         0.000395380	         0.000000000	         0.000395380
 20870	     -131000	 0.065701973	24.019470099	20.755278576	159.743733633	 0.161492972	         0.000369880	         0.000000000	         0.000369880
 20871	     -130000	 0.064694497	24.043863929	28.501796313	159.929804079	 0.162041482	         0.000345115	         0.000000000	         0.000345115
 20872	     -129000	 0.063656618	24.075520037	36.212048969	160.133055852	 0.162756068	         0.000328619	         0.000000000	         0.000328619
 20873	     -128000	 0.062814077	24.114552563	43.884172650	160.348508191	 0.163641504	         0.000316063	         0.000000000	         0.000316063
 20874	     -127000	 0.062190036	24.160709998	51.712946281	160.557530434	 0.164694784	         0.000305157	         0.000000000	         0.000305157
 20875	     -126000	 0.061444730	24.213616146	59.658084167	160.764864287	 0.165910407	         0.000299036	         0.000000000	         0.000299036
 20876	     -125000	 0.060905279	24.273210693	67.612219870	160.977867521	 0.167290457	         0.000299501	         0.000000000	         0.000299501
 20877	     -124000	 0.060605483	24.338983445	75.549732808	161.191193363	 0.168826908	         0.000303687	         0.000000000	         0.000303687
 20878	     -123000	 0.060322707	24.410708946	83.744650553	161.378371605	 0.170518505	         0.000312006	         0.000000000	         0.000312006
 20879	     -122000	 0.060240268	24.488082597	91.730660396	161.563753169	 0.172362318	         0.000327254	         0.000000000	         0.000327254
 20880	     -121000	 0.060310521	24.570445804	99.843564380	161.722684936	 0.174346944	         0.000347478	         0.000000000	         0.000347478
 20881	     -120000	 0.060615009	24.657823538	107.946702881	161.862423948	 0.176477387	         0.000372664	         0.000000000	         0.000372664
 20882	     -119000	 0.060830186	24.749662816	115.985485139	161.996189538	 0.178744678	         0.000409422	         0.000000000	         0.000409422
 20883	     -118000	 0.061370590	24.845188461	123.980184656	162.092520361	 0.181133889	         0.000451326	         0.000000000	         0.000451326
 20884	     -117000	 0.061949112	24.944408877	131.926993379	162.181530697	 0.183649328	         0.000504113	         0.000000000	         0.000504113
 20885	     -116000	 0.062656318	25.046557463	139.966530563	162.243203386	 0.186275501	         0.000571119	         0.000000000	         0.000571119
 20886	     -115000	 0.063344079	25.150981367	147.884613261	162.406499680	 0.188998993	         0.000662894	         0.000000000	         0.000662894
 20887	     -114000	 0.064212536	25.257231565	155.720333812	162.475176926	 0.191810991	         0.000764269	         0.000000000	         0.000764269
 20888	     -113000	 0.065340905	25.364427051	163.588820020	162.514816862	 0.194690407	         0.000880372	         0.000000000	         0.000880372
 20889	     -112000	 0.066309641	25.472179031	171.506143729	162.541083146	 0.197628334	         0.001019728	         0.000000000	         0.001019728
 20890	     -111000	 0.067510544	25.579401868	179.246661016	162.551671941	 0.200595840	         0.001182480	         0.000000000	         0.001182480
 20891	     -110000	 0.068855438	25.685201799	-173.098507467	162.560036582	 0.203567639	         0.001370728	         0.000003324	         0.001374051
 20892	     -109000	 0.070223869	25.789257696	-165.346901108	162.547650506	 0.206533391	         0.001580490	         0.000010464	         0.001590954
 20893	     -108000	 0.071659924	25.890183728	-157.827053040	162.541339217	 0.209451208	         0.001824672	         0.000022252	         0.001846924
 20894	     -107000	 0.073248299	25.987304624	-150.343952519	162.498220103	 0.212297931	         0.002063233	         0.000035248	         0.002098481
 20895	     -106000	 0.074795665	26.080124831	-142.820398658	162.478242386	 0.215054746	         0.002365864	         0.000057965	         0.002423829
 20896	     -105000	 0.076303131	26.167376330	-135.424019480	162.452352920	 0.217678802	         0.002667912	         0.000083698	         0.002751610
 20897	     -104000	 0.077944678	26.249028824	-128.132242408	162.414308624	 0.220163463	         0.002984139	         0.000114575	         0.003098714
 20898	     -103000	 0.079653700	26.324399442	-120.835778795	162.381579433	 0.222482134	         0.003310363	         0.000150820	         0.003461184
 20899	     -102000	 0.081245405	26.392558106	-113.497879067	162.356628460	 0.224599958	         0.003643111	         0.000190959	         0.003834070
 20900	     -101000	 0.082905851	26.454010751	-106.255601474	162.312449907	 0.226526690	         0.003940283	         0.000229861	         0.004170144
 20901	     -100000	 0.084561943	26.508018289	-99.117519156	162.282580968	 0.228233635	         0.004210532	         0.000266459	         0.004476992
 20902	      -99000	 0.086389596	26.554242789	-91.905895043	162.252431584	 0.229704805	         0.004466491	         0.000304056	         0.004770546
 20903	      -98000	 0.088081511	26.593184343	-84.744085779	162.220209928	 0.230951539	         0.004645888	         0.000331736	         0.004977624
 20904	      -97000	 0.089787700	26.624056541	-77.666208382	162.201588747	 0.231944736	         0.004779536	         0.000352379	         0.005131915
 20905	      -96000	 0.091655547	26.647071155	-70.662619373	162.184435431	 0.232687923	         0.004818232	         0.000354396	         0.005172628
 20906	      -95000	 0.093266542	26.662376195	-63.605205688	162.174492448	 0.233183470	         0.004789276	         0.000350740	         0.005140016
 20907	      -94000	 0.094958482	26.669034293	-56.669115065	162.170094270	 0.233399376	         0.004688197	         0.000336712	         0.005024909
 20908	      -93000	 0.096624922	26.667533742	-49.773580760	162.174269076	 0.233350699	         0.004518509	         0.000309814	         0.004828323
 20909	      -92000	 0.098202523	26.657526368	-42.752537474	162.194343521	 0.233026328	         0.004322749	         0.000287817	         0.004610566
 20910	      -91000	 0.099606850	26.638211146	-35.896984838	162.221218324	 0.232401535	         0.004043527	         0.000249351	         0.004292878
 20911	      -90000	 0.101130171	26.610110151	-28.990237958	162.249610459	 0.231495536	         0.003729972	         0.000210596	         0.003940567
 20912	      -89000	 0.102664151	26.572540978	-22.129805873	162.288565167	 0.230289791	         0.003385709	         0.000168880	         0.003554589
 20913	      -88000	 0.103938334	26.525369198	-15.179889311	162.333245180	 0.228784748	         0.003011475	         0.000128010	         0.003139485
 20914	      -87000	 0.105376627	26.469033618	-8.342102924	162.399874423	 0.227000212	         0.002669740	         0.000096286	         0.002766026
 20915	      -86000	 0.106668109	26.402954897	-1.543456330	162.465520117	 0.224924774	         0.002322562	         0.000066977	         0.002389539
 20916	      -85000	 0.108043764	26.327790236	 5.312996708	162.551586418	 0.222587019	         0.001999492	         0.000043196	         0.002042688
 20917	      -84000	 0.109259935	26.244140463	12.093140301	162.611570813	 0.220013917	         0.001690569	         0.000024416	         0.001714985
 20918	      -83000	 0.110408185	26.151993854	18.843266466	162.609932340	 0.217213866	         0.001409856	         0.000010534	         0.001420390
 20919	      -82000	 0.111609594	26.052463392	25.574114090	162.759581861	 0.214229461	         0.001185859	         0.000004342	         0.001190200
 20920	      -81000	 0.112501109	25.946124628	32.336435922	162.901234818	 0.211086205	         0.000988837	         0.000000395	         0.000989233
 20921	      -80000	 0.113406621	25.833775016	38.994944817	163.039522516	 0.207815363	         0.000823833	         0.000000000	         0.000823833
 20922	      -79000	 0.114262012	25.716485790	45.670824323	163.171640770	 0.204454775	         0.000683757	         0.000000000	         0.000683757
 20923	      -78000	 0.114959478	25.594536256	52.460908210	163.302055549	 0.201018274	         0.000567317	         0.000000000	         0.000567317
 20924	      -77000	 0.115469999	25.469291967	59.116301864	163.410226142	 0.197549041	         0.000474112	         0.000000000	         0.000474112
 20925	      -76000	 0.116021941	25.341276495	65.800550868	163.499789008	 0.194064914	         0.000400912	         0.000000000	         0.000400912
 20926	      -75000	 0.116517503	25.210584791	72.546362805	163.546299808	 0.190571331	         0.000338862	         0.000000000	         0.000338862
 20927	      -74000	 0.116826335	25.078499544	79.258085071	163.567011931	 0.187104394	         0.000293947	         0.000000000	         0.000293947
 20928	      -73000	 0.117170715	24.945015705	85.940955413	163.550593616	 0.183664819	         0.000259448	         0.000000000	         0.000259448
 20929	      -72000	 0.117469291	24.810374084	92.589489467	163.476413189	 0.180259463	         0.000232751	         0.000000000	         0.000232751
 20930	      -71000	 0.117543929	24.675477741	99.298374357	163.357513236	 0.176910983	         0.000215197	         0.000000000	         0.000215197
 20931	      -70000	 0.117618325	24.539939096	105.940208940	163.195924348	 0.173609203	         0.000205297	         0.000000000	         0.000205297
 20932	      -69000	 0.117522174	24.404474741	112.524463742	162.984553764	 0.170370805	         0.000200418	         0.000000000	         0.000200418
 20933	      -68000	 0.117449283	24.269751992	119.183202480	162.726260467	 0.167210050	         0.000199247	         0.000000000	         0.000199247
 20934	      -67000	 0.117090878	24.135524532	125.821109120	162.428707904	 0.164119232	         0.000201564	         0.000000000	         0.000201564
 20935	      -66000	 0.116695719	24.003138132	132.442937564	162.097431280	 0.161126775	         0.000206191	         0.000000000	         0.000206191
 20936	      -65000	 0.116303997	23.872912780	139.025205085	161.738624846	 0.158236406	         0.000212629	         0.000000000	         0.000212629
 20937	      -64000	 0.115626432	23.745097477	145.748638834	161.360159851	 0.155449952	         0.000221790	         0.000000000	         0.000221790
 20938	      -63000	 0.114999642	23.621418574	152.379810965	160.975959157	 0.152800395	         0.000231842	         0.000000000	         0.000231842
 20939	      -62000	 0.114283649	23.501979354	159.003532598	160.591269823	 0.150284537	         0.000241654	         0.000000000	         0.000241654
 20940	      -61000	 0.113531030	23.387438017	165.788285431	160.209686732	 0.147910767	         0.000254182	         0.000000000	         0.000254182
 20941	      -60000	 0.112551005	23.279325931	172.409679135	159.831389985	 0.145704644	         0.000263421	         0.000000000	         0.000263421
 20942	      -59000	 0.111658036	23.177564718	179.133667452	159.470562285	 0.143658187	         0.000274914	         0.000000000	         0.000274914
 20943	      -58000	 0.110711029	23.082932068	-174.188779185	159.128484878	 0.141780890	         0.000285391	         0.000000000	         0.000285391
 20944	      -57000	 0.109515538	22.996088468	-167.406446767	158.803704619	 0.140079704	         0.000296116	         0.000000000	         0.000296116
 20945	      -56000	 0.108363066	22.916897378	-160.680149192	158.492436854	 0.138546224	         0.000302467	         0.000000000	         0.000302467
 20946	      -55000	 0.107077802	22.845945713	-153.941067852	158.210566428	 0.137186557	         0.000311445	         0.000000000	         0.000311445
 20947	      -54000	 0.105870971	22.782890099	-147.097706932	157.956744655	 0.135989408	         0.000320674	         0.000000000	         0.000320674
 20948	      -53000	 0.104417335	22.727644816	-140.251906593	157.725053407	 0.134949132	         0.000326891	         0.000000000	         0.000326891
 20949	      -52000	 0.102994626	22.680345848	-133.366406660	157.653764083	 0.134064812	         0.000348508	         0.000000000	         0.000348508
 20950	      -51000	 0.101645415	22.640205081	-126.436007151	157.511406475	 0.133318871	         0.000360214	         0.000000000	         0.000360214
 20951	      -50000	 0.100119271	22.607092644	-119.417466034	157.360202153	 0.132706664	         0.000365291	         0.000000000	         0.000365291
 20952	      -49000	 0.098719944	22.580843085	-112.431172354	157.235508003	 0.132223341	         0.000368673	         0.000000000	         0.000368673
 20953	      -48000	 0.097327639	22.560765671	-105.413531728	157.107892203	 0.131854851	         0.000367012	         0.000000000	         0.000367012
 20954	      -47000	 0.095885444	22.546799816	-98.199139184	156.987066724	 0.131599136	         0.000361143	         0.000000000	         0.000361143
 20955	      -46000	 0.094317785	22.538581050	-91.111280432	156.740654444	 0.131448882	         0.000332613	         0.000000000	         0.000332613
 20956	      -45000	 0.092896913	22.535811908	-83.975039159	156.691213030	 0.131398296	         0.000328837	         0.000000000	         0.000328837
 20957	      -44000	 0.091485680	22.538513383	-76.684787866	156.656484698	 0.131447645	         0.000321262	         0.000000000	         0.000321262
 20958	      -43000	 0.089945496	22.546225509	-69.303197442	156.643659992	 0.131588631	         0.000308915	         0.000000000	         0.000308915
 20959	      -42000	 0.088494078	22.558982839	-61.940482079	156.655827576	 0.131822180	         0.000297343	         0.000000000	         0.000297343
 20960	      -41000	 0.087043053	22.576574128	-54.500406596	156.704308842	 0.132144905	         0.000287930	         0.000000000	         0.000287930
 20961	      -40000	 0.085663300	22.598675755	-46.906747096	156.762682248	 0.132551495	         0.000275727	         0.000000000	         0.000275727
 20962	      -39000	 0.084406687	22.625248227	-39.268699058	156.838502080	 0.133041989	         0.000262317	         0.000000000	         0.000262317
 20963	      -38000	 0.083106709	22.655842399	-31.584854197	156.954310372	 0.133608966	         0.000249594	         0.000000000	         0.000249594
 20964	      -37000	 0.082107173	22.690279986	-23.777141751	157.078460671	 0.134250062	         0.000235667	         0.000000000	         0.000235667
 20965	      -36000	 0.080938392	22.728272811	-15.967998783	157.238818233	 0.134960913	         0.000223282	         0.000000000	         0.000223282
 20966	      -35000	 0.079978433	22.769121224	-8.166579713	157.401807525	 0.135729391	         0.000207762	         0.000000000	         0.000207762
 20967	      -34000	 0.079200362	22.812710091	-0.359243973	157.608774422	 0.136554251	         0.000195925	         0.000000000	         0.000195925
 20968	      -33000	 0.078368383	22.858599208	 7.685635996	157.821000970	 0.137428058	         0.000182978	         0.000000000	         0.000182978
 20969	      -32000	 0.077598151	22.906127907	15.553126894	158.047658727	 0.138338981	         0.000170331	         0.000000000	         0.000170331
 20970	      -31000	 0.076900570	22.955183869	23.468249189	158.300048732	 0.139285507	         0.000159389	         0.000000000	         0.000159389
 20971	      -30000	 0.076487262	23.005260569	31.480229612	158.564471046	 0.140258409	         0.000149251	         0.000000000	         0.000149251
 20972	      -29000	 0.075902330	23.056244648	39.540608954	158.824542623	 0.141255921	         0.000139982	         0.000000000	         0.000139982
 20973	      -28000	 0.075595269	23.107801237	47.564478212	159.090449733	 0.142271848	         0.000133129	         0.000000000	         0.000133129
 20974	      -27000	 0.075350067	23.159537581	55.577029363	159.363837097	 0.143298663	         0.000127184	         0.000000000	         0.000127184
 20975	      -26000	 0.075234139	23.211862617	63.692760471	159.617933976	 0.144344699	         0.000123240	         0.000000000	         0.000123240
 20976	      -25000	 0.075264147	23.264376467	71.597343917	159.853336799	 0.145402187	         0.000120960	         0.000000000	         0.000120960
 20977	      -24000	 0.075386364	23.316994403	79.578954515	160.075198177	 0.146469542	         0.000121450	         0.000000000	         0.000121450
 20978	      -23000	 0.075664484	23.370248521	87.487799704	160.263392586	 0.147557779	         0.000123588	         0.000000000	         0.000123588
 20979	      -22000	 0.075904585	23.423836015	95.314103165	160.423752492	 0.148660991	         0.000128496	         0.000000000	         0.000128496
 20980	      -21000	 0.076213925	23.477962509	103.033806906	160.565092534	 0.149783672	         0.000137475	         0.000000000	         0.000137475
 20981	      -20000	 0.076713896	23.533051402	110.676182490	160.659719492	 0.150935022	         0.000147787	         0.000000000	         0.000147787
 20982	      -19000	 0.077230707	23.588964380	118.452530545	160.741708774	 0.152112644	         0.000163248	         0.000000000	         0.000163248
 20983	      -18000	 0.077641295	23.646252412	125.960268988	160.770098182	 0.153328758	         0.000180875	         0.000000000	         0.000180875
 20984	      -17000	 0.078233217	23.705011777	133.450221427	160.797806312	 0.154586207	         0.000205177	         0.000000000	         0.000205177
 20985	      -16000	 0.079013665	23.765397277	140.960763547	160.782523615	 0.155889200	         0.000231393	         0.000000000	         0.000231393
 20986	      -15000	 0.079622813	23.828158458	148.371787505	160.753386270	 0.157255096	         0.000264580	         0.000000000	         0.000264580
 20987	      -14000	 0.080432836	23.893156113	155.665201935	160.715792881	 0.158682282	         0.000304119	         0.000000000	         0.000304119
 20988	      -13000	 0.081318133	23.960901417	162.914934246	160.658281606	 0.160183587	         0.000348209	         0.000000000	         0.000348209
 20989	      -12000	 0.082179039	24.031878352	170.097559659	160.610585464	 0.161771747	         0.000404501	         0.000000000	         0.000404501
 20990	      -11000	 0.083078657	24.105961246	177.133908653	160.535698139	 0.163446201	         0.000463052	         0.000000000	         0.000463052
 20991	      -10000	 0.084058613	24.183811399	-175.917851386	160.610479889	 0.165224485	         0.000551384	         0.000000000	         0.000551384
 20992	       -9000	 0.085022293	24.265555248	-168.930289777	160.589782570	 0.167112537	         0.000639960	         0.000000000	         0.000639960
 20993	       -8000	 0.085893190	24.351202710	-162.124041770	160.580848183	 0.169113901	         0.000747921	         0.000000000	         0.000747921
 20994	       -7000	 0.086789046	24.441161342	-155.329110324	160.560933599	 0.171241819	         0.000862182	         0.000000000	         0.000862182
 20995	       -6000	 0.087816822	24.535253348	-148.611102880	160.545387153	 0.173496165	         0.000993616	         0.000000000	         0.000993616
 20996	       -5000	 0.088700617	24.633724519	-141.855828162	165.141978135	 0.175887219	         0.002736215	         0.000085739	         0.002821955
 20997	       -4000	 0.089582487	24.736458153	-135.201045521	160.541048884	 0.178416903	         0.001304296	         0.000000000	         0.001304296
 20998	       -3000	 0.090497330	24.843270758	-128.653555394	160.557609156	 0.181085612	         0.001488582	         0.000000000	         0.001488582
 20999	       -2000	 0.091571466	24.954662590	-121.964549131	160.595489583	 0.183911264	         0.001700899	         0.000000000	         0.001700899
 21000	       -1000	 0.092413567	25.070009643	-115.454439254	160.629788763	 0.186883723	         0.001911551	         0.000000000	         0.001911551
 21001	           0	 0.093315101	25.189417000	-108.955069177	160.675565358	 0.190011433	         0.002137409	         0.000004037	         0.002141446
